seq_len,cp_size,end_to_end_master_p50_us,sample_count
1024,1,24.495999328792095,10
1024,2,47.74400033056736,10
1024,3,49.64799992740154,10
1024,4,50.27199909090996,10
1024,5,53.888000547885895,10
1024,6,55.44000118970871,10
1024,7,58.320000767707825,10
1024,8,59.968000277876854,10
2048,1,35.42400151491165,10
2048,2,53.26399952173233,10
2048,3,52.60800011456013,10
2048,4,52.160000428557396,10
2048,5,55.67999929189682,10
2048,6,57.632001116871834,10
2048,7,59.87200140953064,10
2048,8,62.03199923038483,10
4096,1,36.720000207424164,10
4096,2,63.74400109052658,10
4096,3,60.22400036454201,10
4096,4,58.25600028038025,10
4096,5,59.50399860739708,10
4096,6,60.75200065970421,10
4096,7,62.960002571344376,10
4096,8,64.72000107169151,10
8192,1,45.40799930691719,10
8192,2,65.40799885988235,10
8192,3,73.07199761271477,10
8192,4,69.07199695706367,10
8192,5,67.80800223350525,10
8192,6,68.01600009202957,10
8192,7,68.15999746322632,10
8192,8,69.69600170850754,10
12288,1,58.33600088953972,10
12288,2,75.66399872303009,10
12288,3,67.88799911737442,10
12288,4,78.62399891018867,10
12288,5,75.79200342297554,10
12288,6,74.35199990868568,10
12288,7,74.75200295448303,10
12288,8,75.27999952435493,10
16384,1,60.256000608205795,10
16384,2,73.67999851703644,10
16384,3,74.78399947285652,10
16384,4,70.27199864387512,10
16384,5,84.73600074648857,10
16384,6,81.10399916768074,10
16384,7,80.27200028300285,10
16384,8,80.62399923801422,10
20480,1,62.47999891638756,10
20480,2,81.64800330996513,10
20480,3,81.91999793052673,10
20480,4,75.6480023264885,10
20480,5,73.60000163316727,10
20480,6,88.19200098514557,10
20480,7,85.80800145864487,10
20480,8,86.44800260663033,10
24576,1,65.11999666690826,10
24576,2,87.63199672102928,10
24576,3,76.78399980068207,10
24576,4,80.6879997253418,10
24576,5,77.18399912118912,10
24576,6,76.07999816536903,10
24576,7,91.36000275611877,10
24576,8,90.11200070381165,10
28672,1,67.11999699473381,10
28672,2,84.86399799585342,10
28672,3,81.11999928951263,10
28672,4,85.74399724602699,10
28672,5,81.42400160431862,10
28672,6,80.51199838519096,10
28672,7,78.52800190448761,10
28672,8,95.8079993724823,10
32768,1,68.97599995136261,10
32768,2,89.50399979948997,10
32768,3,85.7279971241951,10
32768,4,79.6320028603077,10
32768,5,85.87199822068214,10
32768,6,82.51200243830681,10
32768,7,82.40000158548355,10
32768,8,82.07999914884567,10
36864,1,69.60000097751617,10
36864,2,88.30400183796883,10
36864,3,91.67999774217606,10
36864,4,82.87999778985977,10
36864,5,89.63199704885483,10
36864,6,85.4720026254654,10
36864,7,85.29600128531456,10
36864,8,85.16800031065941,10
40960,1,70.592001080513,10
40960,2,92.91199967265129,10
40960,3,84.111999720335,10
40960,4,86.87999844551086,10
40960,5,82.19200000166893,10
40960,6,90.03200009465218,10
40960,7,88.71999755501747,10
40960,8,86.5279994904995,10
45056,1,72.59200140833855,10
45056,2,89.13600072264671,10
45056,3,89.24800157546997,10
45056,4,90.44800326228142,10
45056,5,84.84799787402153,10
45056,6,92.12800115346909,10
45056,7,91.08800068497658,10
45056,8,90.08000046014786,10
49152,1,73.84000346064568,10
49152,2,92.86399930715561,10
49152,3,92.24000200629234,10
49152,4,92.96000003814697,10
49152,5,88.54399994015694,10
49152,6,85.82399785518646,10
49152,7,93.02400052547455,10
49152,8,91.87199920415878,10
53248,1,75.45600086450577,10
53248,2,92.49600023031235,10
53248,3,88.70400115847588,10
53248,4,86.83200180530548,10
53248,5,90.56000038981438,10
53248,6,87.75999769568443,10
53248,7,96.22400254011154,10
53248,8,95.71199864149094,10
57344,1,76.25599950551987,10
57344,2,95.83999961614609,10
57344,3,92.75199845433235,10
57344,4,90.11200070381165,10
57344,5,93.04000064730644,10
57344,6,89.9679996073246,10
57344,7,87.88799867033958,10
57344,8,96.89600020647049,10
61440,1,78.89599725604057,10
61440,2,94.09600123763084,10
61440,3,93.6799980700016,10
61440,4,91.93599969148636,10
61440,5,95.5359973013401,10
61440,6,92.22400188446045,10
61440,7,90.2240015566349,10
61440,8,99.37599673867226,10
65536,1,79.99999821186066,10
65536,2,97.00800105929375,10
65536,3,91.58399701118469,10
65536,4,94.62399780750275,10
65536,5,90.01599997282028,10
65536,6,93.85599941015244,10
65536,7,92.11200103163719,10
65536,8,91.68000146746635,10
69632,1,82.44800195097923,10
69632,2,95.8239994943142,10
69632,3,93.45600008964539,10
69632,4,91.18400141596794,10
69632,5,92.14400127530098,10
69632,6,96.04800119996071,10
69632,7,93.66400167346,10
69632,8,94.62400153279305,10
73728,1,83.3440013229847,10
73728,2,97.10400179028511,10
73728,3,95.29600292444229,10
73728,4,93.31199899315834,10
73728,5,94.24000233411789,10
73728,6,99.7759997844696,10
73728,7,95.50399705767632,10
73728,8,94.19200196862221,10
77824,1,84.9439986050129,10
77824,2,98.24000298976898,10
77824,3,94.09600123763084,10
77824,4,94.44799646735191,10
77824,5,95.87199985980988,10
77824,6,92.57599711418152,10
77824,7,97.55199775099754,10
77824,8,96.83199971914291,10
81920,1,87.63199672102928,10
81920,2,99.39200058579445,10
81920,3,94.71999853849411,10
81920,4,96.97600081562996,10
81920,5,97.55199775099754,10
81920,6,93.66399794816971,10
81920,7,98.60799834132195,10
81920,8,98.57599809765816,10
86016,1,89.74400162696838,10
86016,2,100.76799988746643,10
86016,3,100.12800246477127,10
86016,4,92.8799994289875,10
86016,5,93.08800101280212,10
86016,6,94.71999853849411,10
86016,7,100.20800307393074,10
86016,8,100.65599903464317,10
90112,1,91.26400202512741,10
90112,2,102.36799716949463,10
90112,3,95.56799754500389,10
90112,4,94.86399963498116,10
90112,5,95.13600170612335,10
90112,6,96.65599837899208,10
90112,7,94.55999732017517,10
90112,8,100.91200098395348,10
94208,1,92.39999949932098,10
94208,2,102.59199887514114,10
94208,3,98.09600189328194,10
94208,4,97.26400300860405,10
94208,5,97.29600325226784,10
94208,6,97.79199957847595,10
94208,7,95.72799876332283,10
94208,8,102.88000106811523,10
98304,1,95.07200121879578,70
98304,2,103.21599990129471,70
98304,3,98.78399968147278,70
98304,4,98.447997123003,70
98304,5,98.00000116229057,70
98304,6,100.67199915647507,70
98304,7,97.120001912117,70
98304,8,105.29599711298943,70
102400,1,95.93600034713745,70
102400,2,104.06400263309479,70
102400,3,99.64799880981445,70
102400,4,97.4079966545105,70
102400,5,99.50399771332741,70
102400,6,96.03200107812881,70
102400,7,99.45599734783173,70
102400,8,96.91200032830238,70
106496,1,96.89600020647049,70
106496,2,104.86400127410889,70
106496,3,99.67999905347824,70
106496,4,99.10400211811066,70
106496,5,96.75199910998344,70
106496,6,96.99200093746185,70
106496,7,100.73599964380264,70
106496,8,97.56799787282944,70
110592,1,100.14400258660316,70
110592,2,105.40799796581268,70
110592,3,101.48799791932106,70
110592,4,98.84800016880035,70
110592,5,97.6639986038208,70
110592,6,98.70399907231331,70
110592,7,101.53599828481674,70
110592,8,98.52799773216248,70
114688,1,100.65599903464317,70
114688,2,106.06400296092033,70
114688,3,99.34399649500847,70
114688,4,102.62399911880493,70
114688,5,99.18400272727013,70
114688,6,100.70399940013885,70
114688,7,101.84000059962273,70
114688,8,100.27200356125832,70
118784,1,103.08800265192986,70
118784,2,107.58399963378906,70
118784,3,101.69599950313568,70
118784,4,99.47199746966362,70
118784,5,99.92000088095665,70
118784,6,99.7919999063015,70
118784,7,98.36799651384354,70
118784,8,101.82400047779083,70
122880,1,103.85600104928017,70
122880,2,108.2719974219799,70
122880,3,102.04800218343735,70
122880,4,99.7919999063015,70
122880,5,103.19999977946281,70
122880,6,101.87200084328651,70
122880,7,98.4799973666668,70
122880,8,103.16800326108932,70
126976,1,106.1439998447895,70
126976,2,107.96800255775452,70
126976,3,103.05600240826607,70
126976,4,100.89600086212158,70
126976,5,98.30400347709656,70
126976,6,98.51199761033058,70
126976,7,100.41599720716476,70
126976,8,103.87200117111206,70
131072,1,107.90400207042694,70
131072,2,110.23999750614166,70
131072,3,103.55199873447418,70
131072,4,104.14400324225426,70
131072,5,99.75999966263771,70
131072,6,99.48799759149551,70
131072,7,101.79200023412704,70
131072,8,106.4319983124733,70
135168,1,110.36799848079681,70
135168,2,110.22399738430977,70
135168,3,105.0880029797554,70
135168,4,101.21600329875946,70
135168,5,101.72799974679947,70
135168,6,100.67199915647507,70
135168,7,102.67199948430061,70
135168,8,101.32799670100212,70
139264,1,110.43199896812439,70
139264,2,111.85600236058235,70
139264,3,103.34399715065956,70
139264,4,102.36799716949463,70
139264,5,102.7199998497963,70
139264,6,102.76800021529198,70
139264,7,104.00000214576721,70
139264,8,101.72799974679947,70
143360,1,113.74400183558464,70
143360,2,111.90400272607803,70
143360,3,103.88800129294395,70
143360,4,103.29599678516388,70
143360,5,103.72800007462502,70
143360,6,102.9760017991066,70
143360,7,105.59999942779541,70
143360,8,102.55999863147736,70
147456,1,115.32799899578094,70
147456,2,112.38399893045425,70
147456,3,105.47199845314026,70
147456,4,103.66399958729744,70
147456,5,101.6639992594719,70
147456,6,104.2879968881607,70
147456,7,100.8640006184578,70
147456,8,104.19199988245964,70
151552,1,116.28799885511398,70
151552,2,113.34399878978729,70
151552,3,106.78400099277496,70
151552,4,102.94400155544281,70
151552,5,102.78400033712387,70
151552,6,101.3759970664978,70
151552,7,102.04800218343735,70
151552,8,106.17600008845329,70
155648,1,119.24799904227257,70
155648,2,114.41599950194359,70
155648,3,106.47999867796898,70
155648,4,103.95200178027153,70
155648,5,102.92800143361092,70
155648,6,103.2319962978363,70
155648,7,102.9600016772747,70
155648,8,105.42399808764458,70
159744,1,120.33599987626076,70
159744,2,115.13599753379822,70
159744,3,108.30399766564369,70
159744,4,104.49599847197533,70
159744,5,103.31199690699577,70
159744,6,103.93600165843964,70
159744,7,104.3199971318245,70
159744,8,106.76800087094307,70
163840,1,122.56000190973282,70
163840,2,116.04799702763557,70
163840,3,107.24799707531929,70
163840,4,105.64799979329109,70
163840,5,105.20000010728836,70
163840,6,103.87200117111206,70
163840,7,104.43199798464775,70
163840,8,107.85600170493126,70
167936,1,123.64800274372101,70
167936,2,116.84800311923027,70
167936,3,109.0720035135746,70
167936,4,106.33599758148193,70
167936,5,103.69599983096123,70
167936,6,105.27999699115753,70
167936,7,105.74400052428246,70
167936,8,103.4879982471466,70
172032,1,126.51199847459793,70
172032,2,118.8960000872612,70
172032,3,108.89600217342377,70
172032,4,106.46399855613708,70
172032,5,104.3199971318245,70
172032,6,106.80000111460686,70
172032,7,105.93600198626518,70
172032,8,103.64799946546555,70
176128,1,127.26399302482605,70
176128,2,119.32799965143204,70
176128,3,110.01600325107574,70
176128,4,106.62399977445602,70
176128,5,105.72800040245056,70
176128,6,103.61599922180176,70
176128,7,104.12800312042236,70
176128,8,105.23199662566185,70
180224,1,129.50399518013,70
180224,2,119.53600123524666,70
180224,3,111.35999858379364,70
180224,4,108.78400132060051,70
180224,5,105.71200028061867,70
180224,6,104.5759990811348,70
180224,7,105.00800237059593,70
180224,8,105.95200210809708,70
184320,1,130.8640018105507,70
184320,2,120.09599804878235,70
184320,3,111.34399846196175,70
184320,4,111.66400089859962,70
184320,5,107.66400024294853,70
184320,6,105.1040031015873,70
184320,7,105.68000003695488,70
184320,8,107.51999914646149,70
188416,1,133.39199870824814,70
188416,2,121.42400071024895,70
188416,3,112.89600282907486,70
188416,4,107.42399841547012,70
188416,5,110.84800213575363,70
188416,6,106.20799660682678,70
188416,7,106.78400099277496,70
188416,8,107.63199999928474,70
192512,1,133.88799875974655,70
192512,2,122.44800105690956,70
192512,3,111.69600114226341,70
192512,4,108.43199864029884,70
192512,5,106.1599999666214,70
192512,6,107.12000355124474,70
192512,7,107.42399841547012,70
192512,8,108.0160029232502,70
196608,1,136.03200018405914,70
196608,2,122.8799968957901,70
196608,3,113.19999769330025,70
196608,4,109.04000326991081,70
196608,5,107.40799829363823,70
196608,6,107.87200182676315,70
196608,7,106.91200196743011,70
196608,8,109.69600081443787,70
200704,1,136.27199828624725,10
200704,2,124.17599931359291,10
200704,3,113.0400002002716,10
200704,4,110.9439991414547,10
200704,5,108.23999717831612,10
200704,6,111.37599870562553,10
200704,7,107.98399895429611,10
200704,8,107.2319969534874,10
204800,1,139.39199596643448,10
204800,2,124.97600167989731,10
204800,3,113.5840006172657,10
204800,4,109.51999947428703,10
204800,5,109.8880022764206,10
204800,6,106.99200257658958,10
204800,7,106.28799721598625,10
204800,8,108.09599980711937,10
208896,1,141.1679983139038,10
208896,2,127.88800150156021,10
208896,3,114.656001329422,10
208896,4,110.11200025677681,10
208896,5,112.7840019762516,10
208896,6,106.84800148010254,10
208896,7,106.49599879980087,10
208896,8,109.00800302624702,10
212992,1,142.65600591897964,10
212992,2,126.67199969291687,10
212992,3,117.0560009777546,10
212992,4,110.60800030827522,10
212992,5,108.64000022411346,10
212992,6,107.16800019145012,10
212992,7,106.30399733781815,10
212992,8,109.8880022764206,10
217088,1,142.83200353384018,10
217088,2,128.92799824476242,10
217088,3,114.72000181674957,10
217088,4,114.08000066876411,10
217088,5,108.75200107693672,10
217088,6,108.46399888396263,10
217088,7,107.34399780631065,10
217088,8,110.06399989128113,10
221184,1,145.58400213718414,10
221184,2,128.06399911642075,10
221184,3,115.74399843811989,10
221184,4,110.1599968969822,10
221184,5,109.84000191092491,10
221184,6,110.6560006737709,10
221184,7,107.98400267958641,10
221184,8,110.57600006461143,10
225280,1,146.54400199651718,10
225280,2,130.91199845075607,10
225280,3,116.7840026319027,10
225280,4,111.79200187325478,10
225280,5,110.54399982094765,10
225280,6,114.19199779629707,10
225280,7,108.97600278258324,10
225280,8,110.88000237941742,10
229376,1,148.84799718856812,10
229376,2,129.72800433635712,10
229376,3,117.44000017642975,10
229376,4,112.68800124526024,10
229376,5,115.63200131058693,10
229376,6,107.90400207042694,10
229376,7,111.79200187325478,10
229376,8,111.34399846196175,10
233472,1,150.43199807405472,10
233472,2,130.8320015668869,10
233472,3,117.0239970088005,10
233472,4,113.76000195741653,10
233472,5,109.64800044894218,10
233472,6,108.68800058960915,10
233472,7,113.26400190591812,10
233472,8,115.80799892544746,10
237568,1,152.65600383281708,10
237568,2,132.23999738693237,10
237568,3,118.51200088858604,10
237568,4,112.06400021910667,10
237568,5,110.07999628782272,10
237568,6,108.43199864029884,10
237568,7,108.559999614954,10
237568,8,109.21600088477135,10
241664,1,153.47199887037277,10
241664,2,133.61600041389465,10
241664,3,118.56000125408173,10
241664,4,114.44799974560738,10
241664,5,111.58400028944016,10
241664,6,110.20799726247787,10
241664,7,108.91199856996536,10
241664,8,110.60800030827522,10
245760,1,156.65599703788757,10
245760,2,133.2480013370514,10
245760,3,118.70400235056877,10
245760,4,114.6400012075901,10
245760,5,111.82400211691856,10
245760,6,111.13600060343742,10
245760,7,110.03199964761734,10
245760,8,110.84799841046333,10
249856,1,156.44799917936325,10
249856,2,135.72800159454346,10
249856,3,120.2079989016056,10
249856,4,118.60800161957741,10
249856,5,115.02400040626526,10
249856,6,114.59200084209442,10
249856,7,110.1599968969822,10
249856,8,111.7280013859272,10
253952,1,158.27200561761856,10
253952,2,135.69600135087967,10
253952,3,119.21599879860878,10
253952,4,114.59200084209442,10
253952,5,112.62400075793266,10
253952,6,111.37599870562553,10
253952,7,110.6560006737709,10
253952,8,111.4719994366169,10
258048,1,159.2480018734932,10
258048,2,138.0319967865944,10
258048,3,121.16799876093864,10
258048,4,114.52800035476685,10
258048,5,113.13599720597267,10
258048,6,111.90400272607803,10
258048,7,110.81600189208984,10
258048,8,112.76800185441971,10
262144,1,161.50400042533875,10
262144,2,137.79199868440628,10
262144,3,122.28799983859062,10
262144,4,116.7840026319027,10
262144,5,114.51200023293495,10
262144,6,111.76000162959099,10
262144,7,113.72799798846245,10
262144,8,112.5280000269413,10
266240,1,161.6639941930771,10
266240,2,137.7440020442009,10
266240,3,122.14399874210358,10
266240,4,116.84799939393997,10
266240,5,114.3839992582798,10
266240,6,112.57600039243698,10
266240,7,111.15199699997902,10
266240,8,117.27999895811081,10
270336,1,164.60799425840378,10
270336,2,139.91999626159668,10
270336,3,122.04799801111221,10
270336,4,116.48000031709671,10
270336,5,117.07199737429619,10
270336,6,112.70400136709213,10
270336,7,111.10399663448334,10
270336,8,112.36799880862236,10
274432,1,166.30400717258453,10
274432,2,139.29599523544312,10
274432,3,123.07199835777283,10
274432,4,116.46400019526482,10
274432,5,114.14399743080139,10
274432,6,116.44800007343292,10
274432,7,112.23999783396721,10
274432,8,111.9840033352375,10
278528,1,168.41600090265274,10
278528,2,140.43200016021729,10
278528,3,123.16799908876419,10
278528,4,117.552001029253,10
278528,5,114.8960031569004,10
278528,6,111.79200187325478,10
278528,7,111.92000284790993,10
278528,8,114.1279973089695,10
282624,1,170.6399992108345,10
282624,2,141.52000099420547,10
282624,3,124.51200187206268,10
282624,4,120.11199817061424,10
282624,5,114.911999553442,10
282624,6,112.86399886012077,10
282624,7,113.40799927711487,10
282624,8,115.21599814295769,10
286720,1,170.57599872350693,10
286720,2,142.12799817323685,10
286720,3,125.47199428081512,10
286720,4,118.06399747729301,10
286720,5,115.95200002193451,10
286720,6,113.82400244474411,10
286720,7,114.27199840545654,10
286720,8,114.75199833512306,10
290816,1,172.62399941682816,10
290816,2,143.69600266218185,10
290816,3,125.47200173139572,10
290816,4,117.3119992017746,10
290816,5,116.91199988126755,10
290816,6,114.43199962377548,10
290816,7,114.97600004076958,10
290816,8,115.72800204157829,10
294912,1,173.48799854516983,10
294912,2,144.28800344467163,10
294912,3,125.45599788427353,10
294912,4,117.60000139474869,10
294912,5,115.60000106692314,10
294912,6,113.47199976444244,10
294912,7,112.88000270724297,10
294912,8,115.37599936127663,10
299008,1,175.63199996948242,10
299008,2,144.75199580192566,10
299008,3,125.93600153923035,10
299008,4,118.27199906110764,10
299008,5,116.96000024676323,10
299008,6,116.81599915027618,10
299008,7,112.83200234174728,10
299008,8,117.42400005459785,10
303104,1,177.35999822616577,10
303104,2,145.75999975204468,10
303104,3,128.84800136089325,10
303104,4,119.9679970741272,10
303104,5,116.48000031709671,10
303104,6,114.52800035476685,10
303104,7,114.14399743080139,10
303104,8,113.42399939894676,10
307200,1,179.82400208711624,10
307200,2,147.11999893188477,10
307200,3,128.49599868059158,10
307200,4,120.51200121641159,10
307200,5,117.45600029826164,10
307200,6,115.35999923944473,10
307200,7,114.22399803996086,10
307200,8,113.72800171375275,10
311296,1,180.52799999713898,10
311296,2,147.8400006890297,10
311296,3,129.2319968342781,10
311296,4,119.60000172257423,10
311296,5,117.77599900960922,10
311296,6,115.53600057959557,10
311296,7,116.20799824595451,10
311296,8,115.1999980211258,10
315392,1,182.0959970355034,10
315392,2,149.1520032286644,10
315392,3,130.19199669361115,10
315392,4,121.75999954342842,10
315392,5,117.35999956727028,10
315392,6,116.30399897694588,10
315392,7,115.52000045776367,10
315392,8,115.32799899578094,10
319488,1,183.60000103712082,10
319488,2,149.7119963169098,10
319488,3,130.12800365686417,10
319488,4,122.49600142240524,10
319488,5,118.30399930477142,10
319488,6,116.54400080442429,10
319488,7,116.04799702763557,10
319488,8,116.33600294589996,10
323584,1,186.39999628067017,10
323584,2,150.67200362682343,10
323584,3,129.7440007328987,10
323584,4,122.54399806261063,10
323584,5,118.56000125408173,10
323584,6,117.16799810528755,10
323584,7,115.35999923944473,10
323584,8,118.25600266456604,10
327680,1,186.8000030517578,10
327680,2,150.35200119018555,10
327680,3,130.87999820709229,10
327680,4,122.15999886393547,10
327680,5,118.52800101041794,10
327680,6,115.56800082325935,10
327680,7,114.6400012075901,10
327680,8,116.89599975943565,10
331776,1,189.471997320652,10
331776,2,152.5760069489479,10
331776,3,131.05600327253342,10
331776,4,120.94400078058243,10
331776,5,118.83200332522392,10
331776,6,116.44800007343292,10
331776,7,115.63200131058693,10
331776,8,118.94400045275688,10
335872,1,189.4560009241104,10
335872,2,152.97599881887436,10
335872,3,132.00000673532486,10
335872,4,122.52800166606903,10
335872,5,120.31999975442886,10
335872,6,117.16799810528755,10
335872,7,115.55200070142746,10
335872,8,115.87200313806534,10
339968,1,192.30400025844574,10
339968,2,152.94400602579117,10
339968,3,134.5440000295639,10
339968,4,124.67199936509132,10
339968,5,120.03199756145477,10
339968,6,118.12799796462059,10
339968,7,116.19199812412262,10
339968,8,117.13599786162376,10
344064,1,192.03200191259384,10
344064,2,156.44800662994385,10
344064,3,132.31999427080154,10
344064,4,124.11199882626534,10
344064,5,121.2799996137619,10
344064,6,117.71200224757195,10
344064,7,116.65600165724754,10
344064,8,117.5680011510849,10
348160,1,195.0720027089119,10
348160,2,155.16800433397293,10
348160,3,133.88800621032715,10
348160,4,123.63200262188911,10
348160,5,119.93599683046341,10
348160,6,119.02399733662605,10
348160,7,118.12799796462059,10
348160,8,118.73599886894226,10
352256,1,197.58400321006775,10
352256,2,156.91199898719788,10
352256,3,134.36800241470337,10
352256,4,125.91999769210815,10
352256,5,120.95999717712402,10
352256,6,118.01599711179733,10
352256,7,120.91200053691864,10
352256,8,117.93599650263786,10
356352,1,198.7999975681305,10
356352,2,158.160001039505,10
356352,3,134.72000509500504,10
356352,4,124.49600175023079,10
356352,5,121.93600088357925,10
356352,6,118.30399930477142,10
356352,7,116.86399951577187,10
356352,8,118.92800033092499,10
360448,1,200.25600492954254,10
360448,2,158.92799943685532,10
360448,3,135.3280022740364,10
360448,4,125.31199306249619,10
360448,5,121.10399827361107,10
360448,6,119.13599818944931,10
360448,7,117.47200042009354,10
360448,8,119.63200196623802,10
364544,1,202.11199671030045,10
364544,2,158.89599919319153,10
364544,3,137.34400272369385,10
364544,4,126.00000202655792,10
364544,5,121.83999642729759,10
364544,6,119.74400281906128,10
364544,7,117.15199798345566,10
364544,8,120.68799883127213,10
368640,1,203.44000309705734,10
368640,2,161.1040011048317,10
368640,3,136.1760050058365,10
368640,4,127.79200077056885,10
368640,5,123.1359988451004,10
368640,6,119.90399658679962,10
368640,7,118.19199845194817,10
368640,8,122.6239986717701,10
372736,1,205.53600043058395,10
372736,2,160.8319953083992,10
372736,3,136.9599997997284,10
372736,4,127.1200031042099,10
372736,5,122.92800098657608,10
372736,6,121.58400192856789,10
372736,7,119.10399794578552,10
372736,8,118.04799735546112,10
376832,1,205.7119980454445,10
376832,2,163.39200735092163,10
376832,3,138.12799751758575,10
376832,4,128.1760036945343,10
376832,5,123.82400035858154,10
376832,6,121.19999900460243,10
376832,7,119.37600001692772,10
376832,8,119.47200074791908,10
380928,1,208.6079940199852,10
380928,2,162.51200437545776,10
380928,3,137.82399892807007,10
380928,4,127.32800096273422,10
380928,5,121.98399752378464,10
380928,6,119.1519983112812,10
380928,7,122.94400110840797,10
380928,8,119.60000172257423,10
385024,1,209.31199938058853,10
385024,2,164.0480011701584,10
385024,3,139.6320015192032,10
385024,4,127.13600695133209,10
385024,5,123.71199950575829,10
385024,6,120.07999792695045,10
385024,7,118.75200271606445,10
385024,8,119.77600306272507,10
389120,1,211.2480029463768,10
389120,2,164.33600336313248,10
389120,3,139.8560032248497,10
389120,4,129.15199995040894,10
389120,5,123.31200018525124,10
389120,6,120.99200114607811,10
389120,7,119.85599994659424,10
389120,8,119.82399970293045,10
393216,1,212.3199999332428,10
393216,2,164.89600390195847,10
393216,3,140.6560018658638,10
393216,4,128.92800569534302,10
393216,5,125.07200241088867,10
393216,6,120.55999785661697,10
393216,7,119.1519983112812,10
393216,8,120.84800004959106,10
397312,1,214.1920030117035,10
397312,2,166.28800332546234,10
397312,3,140.43200016021729,10
397312,4,129.21599298715591,10
397312,5,125.67999958992004,10
397312,6,122.04799801111221,10
397312,7,120.09599804878235,10
397312,8,120.17599865794182,10
401408,1,216.14399552345276,10
401408,2,166.1280021071434,10
401408,3,140.9439966082573,10
401408,4,131.02400302886963,10
401408,5,124.91199746727943,10
401408,6,122.27199971675873,10
401408,7,120.92800065875053,10
401408,8,122.11199849843979,10
405504,1,218.9439982175827,10
405504,2,168.0319979786873,10
405504,3,141.7279988527298,10
405504,4,130.8640018105507,10
405504,5,124.9919980764389,10
405504,6,121.71200290322304,10
405504,7,121.5519979596138,10
405504,8,120.25599926710129,10
409600,1,219.07199919223785,10
409600,2,169.74399983882904,10
409600,3,143.5520052909851,10
409600,4,130.62399625778198,10
409600,5,125.44000148773193,10
409600,6,121.72800302505493,10
409600,7,126.01599842309952,10
409600,8,120.94399705529213,10
413696,1,221.40800207853317,10
413696,2,170.22400349378586,10
413696,3,143.42399686574936,10
413696,4,132.52799957990646,10
413696,5,125.12000650167465,10
413696,6,122.94399738311768,10
413696,7,120.40000036358833,10
413696,8,121.40800058841705,10
417792,1,222.30400145053864,10
417792,2,170.6560030579567,10
417792,3,143.66400241851807,10
417792,4,132.63999670743942,10
417792,5,127.6480033993721,10
417792,6,122.80000001192093,10
417792,7,120.19199877977371,10
417792,8,121.8079999089241,10
421888,1,223.37599843740463,10
421888,2,171.90399765968323,10
421888,3,144.9280008673668,10
421888,4,131.3919946551323,10
421888,5,125.60000270605087,10
421888,6,124.12799894809723,10
421888,7,120.54400146007538,10
421888,8,121.90400063991547,10
425984,1,225.39199888706207,10
425984,2,172.08000272512436,10
425984,3,144.86400038003922,10
425984,4,132.4319988489151,10
425984,5,127.96799838542938,10
425984,6,124.54400211572647,10
425984,7,121.19999900460243,10
425984,8,123.99999797344208,10
430080,1,226.59200429916382,10
430080,2,173.26399683952332,10
430080,3,146.17600291967392,10
430080,4,132.54400342702866,10
430080,5,126.43200159072876,10
430080,6,123.26399981975555,10
430080,7,122.65600264072418,10
430080,8,124.04799833893776,10
434176,1,228.15999388694763,10
434176,2,173.64799976348877,10
434176,3,145.64800262451172,10
434176,4,132.9440027475357,10
434176,5,127.61599570512772,10
434176,6,123.00799787044525,10
434176,7,122.51200154423714,10
434176,8,125.87200105190277,10
438272,1,229.34399545192719,10
438272,2,174.56000298261642,10
438272,3,147.75999635457993,10
438272,4,134.73600149154663,10
438272,5,128.89599800109863,10
438272,6,123.99999797344208,10
438272,7,123.79200011491776,10
438272,8,123.16799908876419,10
442368,1,231.53600096702576,10
442368,2,176.1919930577278,10
442368,3,147.13599532842636,10
442368,4,133.98399949073792,10
442368,5,128.431998193264,10
442368,6,123.9519976079464,10
442368,7,122.44800105690956,10
442368,8,121.60000205039978,10
446464,1,233.11999440193176,10
446464,2,176.17599666118622,10
446464,3,147.63199537992477,10
446464,4,135.0879967212677,10
446464,5,127.45599448680878,10
446464,6,125.13600289821625,10
446464,7,122.6239986717701,10
446464,8,123.53600189089775,10
450560,1,234.8959967494011,10
450560,2,178.19199711084366,10
450560,3,147.93599396944046,10
450560,4,136.46399974822998,10
450560,5,127.71199643611908,10
450560,6,125.63199549913406,10
450560,7,123.71199950575829,10
450560,8,122.76799976825714,10
454656,1,235.82399636507034,10
454656,2,177.71200090646744,10
454656,3,148.9119976758957,10
454656,4,136.4319995045662,10
454656,5,128.7200003862381,10
454656,6,125.69599598646164,10
454656,7,123.83999675512314,10
454656,8,123.64800274372101,10
458752,1,237.32800036668777,10
458752,2,179.82400208711624,10
458752,3,149.51999485492706,10
458752,4,134.94400680065155,10
458752,5,130.47999888658524,10
458752,6,125.60000270605087,10
458752,7,123.3920007944107,10
458752,8,123.19999933242798,10
462848,1,238.25599998235703,10
462848,2,180.16000092029572,10
462848,3,150.67200362682343,10
462848,4,136.78400218486786,10
462848,5,131.00799918174744,10
462848,6,126.3359934091568,10
462848,7,123.63200262188911,10
462848,8,124.7519999742508,10
466944,1,241.8079972267151,10
466944,2,180.33599853515625,10
466944,3,151.64799988269806,10
466944,4,137.4400034546852,10
466944,5,130.70400059223175,10
466944,6,126.19200348854065,10
466944,7,126.55999511480331,10
466944,8,124.719999730587,10
471040,1,242.15999990701675,10
471040,2,180.63999712467194,10
471040,3,151.13600343465805,10
471040,4,137.7599984407425,10
471040,5,131.3759982585907,10
471040,6,126.15999579429626,10
471040,7,124.07999858260155,10
471040,8,124.32000041007996,10
475136,1,245.35999447107315,10
475136,2,182.89600312709808,10
475136,3,151.8400013446808,10
475136,4,138.11199367046356,10
475136,5,132.62400031089783,10
475136,6,128.28800082206726,10
475136,7,125.45599788427353,10
475136,8,124.56000223755836,10
479232,1,245.28000503778458,10
479232,2,182.24000185728073,10
479232,3,151.5040025115013,10
479232,4,138.22399824857712,10
479232,5,131.96799904108047,10
479232,6,128.04800271987915,10
479232,7,124.01600182056427,10
479232,8,126.0799989104271,10
483328,1,247.53600358963013,10
483328,2,183.4079995751381,10
483328,3,153.23200076818466,10
483328,4,139.72800225019455,10
483328,5,134.41599905490875,10
483328,6,126.46399438381195,10
483328,7,125.90400129556656,10
483328,8,123.64799901843071,10
487424,1,248.4159991145134,10
487424,2,184.4159960746765,10
487424,3,153.61599624156952,10
487424,4,141.58400148153305,10
487424,5,131.8720057606697,10
487424,6,126.91199779510498,10
487424,7,124.38400089740753,10
487424,8,126.81599706411362,10
491520,1,250.65600872039795,10
491520,2,186.5599974989891,10
491520,3,155.12000024318695,10
491520,4,138.36800307035446,10
491520,5,132.33599811792374,10
491520,6,127.15200334787369,10
491520,7,127.21600383520126,10
491520,8,125.75999647378922,10
495616,1,252.27200984954834,10
495616,2,186.08000129461288,10
495616,3,154.27200496196747,10
495616,4,138.5599970817566,10
495616,5,132.9439952969551,10
495616,6,128.27199697494507,10
495616,7,130.41599839925766,10
495616,8,126.70399993658066,10
499712,1,253.9360076189041,10
499712,2,185.61600148677826,10
499712,3,156.52800351381302,10
499712,4,140.83200693130493,10
499712,5,132.84800201654434,10
499712,6,128.25600057840347,10
499712,7,126.75199657678604,10
499712,8,129.16800379753113,10
503808,1,254.70399856567383,10
503808,2,187.69600242376328,10
503808,3,155.008003115654,10
503808,4,140.20799845457077,10
503808,5,134.8480060696602,10
503808,6,129.13600355386734,10
503808,7,126.27200037240982,10
503808,8,129.05599921941757,10
507904,1,256.73599541187286,10
507904,2,188.83199989795685,10
507904,3,157.07200020551682,10
507904,4,141.88800007104874,10
507904,5,133.7599977850914,10
507904,6,127.82400101423264,10
507904,7,126.68799608945847,10
507904,8,126.20799988508224,10
512000,1,258.7999999523163,10
512000,2,189.39200043678284,10
512000,3,158.49600732326508,10
512000,4,142.7680030465126,10
512000,5,133.95199924707413,10
512000,6,130.0159990787506,10
512000,7,127.03999876976013,10
512000,8,127.3920014500618,10
516096,1,260.70399582386017,10
516096,2,190.46400487422943,10
516096,3,157.74399787187576,10
516096,4,142.255999147892,10
516096,5,133.66400450468063,10
516096,6,128.431998193264,10
516096,7,127.13600695133209,10
516096,8,126.24000012874603,10
520192,1,261.4240050315857,10
520192,2,191.02399796247482,10
520192,3,158.671997487545,10
520192,4,143.08799803256989,10
520192,5,136.35199517011642,10
520192,6,131.4079985022545,10
520192,7,126.8479973077774,10
520192,8,126.44799798727036,10
524288,1,263.43999803066254,10
524288,2,191.69600307941437,10
524288,3,158.86399894952774,10
524288,4,142.33599603176117,10
524288,5,137.7279981970787,10
524288,6,130.99200278520584,10
524288,7,129.64800000190735,10
524288,8,127.08800286054611,10
528384,1,264.847993850708,10
528384,2,193.56800615787506,10
528384,3,160.17600148916245,10
528384,4,143.51999759674072,10
528384,5,134.89600270986557,10
528384,6,131.9359987974167,10
528384,7,128.57600301504135,10
528384,8,127.69600003957748,10
532480,1,266.81599020957947,10
532480,2,192.9599940776825,10
532480,3,160.99199652671814,10
532480,4,143.0719941854477,10
532480,5,135.24799793958664,10
532480,6,130.0799995660782,10
532480,7,128.64000350236893,10
532480,8,127.83999741077423,10
536576,1,267.39200949668884,10
536576,2,194.06399875879288,10
536576,3,161.0720008611679,10
536576,4,144.54400539398193,10
536576,5,136.75200194120407,10
536576,6,131.52000308036804,10
536576,7,129.2160004377365,10
536576,8,128.9599984884262,10
540672,1,269.9519991874695,10
540672,2,194.88000124692917,10
540672,3,161.95200383663177,10
540672,4,145.07199823856354,10
540672,5,137.02400028705597,10
540672,6,130.3200051188469,10
540672,7,128.9600059390068,10
540672,8,129.19999659061432,10
544768,1,270.57600021362305,10
544768,2,196.81599736213684,10
544768,3,162.06400096416473,10
544768,4,145.1679989695549,10
544768,5,136.51199638843536,10
544768,6,131.9359987974167,10
544768,7,128.59199941158295,10
544768,8,128.84799391031265,10
548864,1,272.8639990091324,10
548864,2,195.98399847745895,10
548864,3,162.35200315713882,10
548864,4,145.7279995083809,10
548864,5,137.77600228786469,10
548864,6,131.68000429868698,10
548864,7,128.65599989891052,10
548864,8,129.42399829626083,10
552960,1,272.6079970598221,10
552960,2,196.57599925994873,10
552960,3,163.2320061326027,10
552960,4,146.87999337911606,10
552960,5,138.20800185203552,10
552960,6,132.4639990925789,10
552960,7,128.9440020918846,10
552960,8,129.55199927091599,10
557056,1,274.59199726581573,10
557056,2,197.9839950799942,10
557056,3,165.15200585126877,10
557056,4,146.41600102186203,10
557056,5,138.8000026345253,10
557056,6,131.96800649166107,10
557056,7,131.00799918174744,10
557056,8,128.91199439764023,10
561152,1,276.8480032682419,10
561152,2,199.072003364563,10
561152,3,165.27999937534332,10
561152,4,148.31999689340591,10
561152,5,138.5600045323372,10
561152,6,132.63999670743942,10
561152,7,129.34400141239166,10
561152,8,130.73600083589554,10
565248,1,278.4640043973923,10
565248,2,199.47200268507004,10
565248,3,165.45599699020386,10
565248,4,147.16799557209015,10
565248,5,140.28800278902054,10
565248,6,132.6720044016838,10
565248,7,129.56799566745758,10
565248,8,130.94399869441986,10
569344,1,280.0479978322983,10
569344,2,201.37599855661392,10
569344,3,165.3439998626709,10
569344,4,147.18399941921234,10
569344,5,140.51199704408646,10
569344,6,134.36800241470337,10
569344,7,129.82400506734848,10
569344,8,130.91200590133667,10
573440,1,281.5680056810379,10
573440,2,200.73600113391876,10
573440,3,165.98399728536606,10
573440,4,149.1200029850006,10
573440,5,139.69600200653076,10
573440,6,132.9760029911995,10
573440,7,129.8080012202263,10
573440,8,129.2319968342781,10
577536,1,282.9599976539612,10
577536,2,203.10399681329727,10
577536,3,166.6879951953888,10
577536,4,149.1840034723282,10
577536,5,139.10400122404099,10
577536,6,134.76800173521042,10
577536,7,130.0479993224144,10
577536,8,130.49599528312683,10
581632,1,283.4720015525818,10
581632,2,203.90400290489197,10
581632,3,166.9280007481575,10
581632,4,149.23200011253357,10
581632,5,138.96000385284424,10
581632,6,133.7760016322136,10
581632,7,130.8000013232231,10
581632,8,130.11199980974197,10
585728,1,286.79999709129333,10
585728,2,203.7919983267784,10
585728,3,167.32800006866455,10
585728,4,150.92799812555313,10
585728,5,141.4880007505417,10
585728,6,134.40000265836716,10
585728,7,132.62400031089783,10
585728,8,130.6079998612404,10
589824,1,287.27999329566956,10
589824,2,203.93600314855576,10
589824,3,169.0400019288063,10
589824,4,150.4960060119629,10
589824,5,141.60000532865524,10
589824,6,133.12000036239624,10
589824,7,131.3759982585907,10
589824,8,130.6079998612404,10
593920,1,289.34401273727417,10
593920,2,205.35999536514282,10
593920,3,168.4959977865219,10
593920,4,150.70399641990662,10
593920,5,141.24800264835358,10
593920,6,135.47199964523315,10
593920,7,132.63999670743942,10
593920,8,131.48799538612366,10
598016,1,290.52799940109253,10
598016,2,206.68799430131912,10
598016,3,169.16800290346146,10
598016,4,150.95999836921692,10
598016,5,142.15999841690063,10
598016,6,134.5599964261055,10
598016,7,132.30399787425995,10
598016,8,130.20799309015274,10
602112,1,292.7359938621521,10
602112,2,207.20000565052032,10
602112,3,169.8879972100258,10
602112,4,151.69600397348404,10
602112,5,142.67200231552124,10
602112,6,135.50399988889694,10
602112,7,132.64000415802002,10
602112,8,132.192000746727,10
606208,1,293.2159900665283,10
606208,2,206.1920017004013,10
606208,3,169.67999935150146,10
606208,4,151.0400027036667,10
606208,5,143.64800602197647,10
606208,6,137.87200301885605,10
606208,7,132.6880007982254,10
606208,8,131.79200142621994,10
610304,1,295.47199606895447,10
610304,2,209.31200683116913,10
610304,3,170.6399992108345,10
610304,4,153.3600017428398,10
610304,5,142.767995595932,10
610304,6,136.912003159523,10
610304,7,132.80000537633896,10
610304,8,132.64000415802002,10
614400,1,296.63999378681183,10
614400,2,208.95999670028687,10
614400,3,171.29600048065186,10
614400,4,152.81599760055542,10
614400,5,143.39199662208557,10
614400,6,136.27199828624725,10
614400,7,133.58400017023087,10
614400,8,132.22400099039078,10
618496,1,299.53598976135254,10
618496,2,210.32000333070755,10
618496,3,172.04800248146057,10
618496,4,154.4799953699112,10
618496,5,143.5680016875267,10
618496,6,137.93600350618362,10
618496,7,132.78400152921677,10
618496,8,132.30399787425995,10
622592,1,301.2160062789917,10
622592,2,211.05600148439407,10
622592,3,172.04800248146057,10
622592,4,153.77599745988846,10
622592,5,143.08799803256989,10
622592,6,137.29599863290787,10
622592,7,133.4559991955757,10
622592,8,132.9439952969551,10
626688,1,302.0640015602112,10
626688,2,212.94400095939636,10
626688,3,173.3439937233925,10
626688,4,153.72799336910248,10
626688,5,143.8079997897148,10
626688,6,138.15999776124954,10
626688,7,133.7279975414276,10
626688,8,133.82400572299957,10
630784,1,304.17600274086,10
630784,2,213.02399784326553,10
630784,3,173.16799610853195,10
630784,4,154.59199994802475,10
630784,5,145.02400159835815,10
630784,6,138.2879987359047,10
630784,7,133.7440013885498,10
630784,8,133.39199870824814,10
634880,1,305.1200062036514,10
634880,2,214.1920030117035,10
634880,3,175.05599558353424,10
634880,4,156.73599392175674,10
634880,5,144.97599750757217,10
634880,6,138.57600092887878,10
634880,7,134.95999574661255,10
634880,8,134.62399691343307,10
638976,1,306.60800635814667,10
638976,2,214.12800252437592,10
638976,3,175.27999728918076,10
638976,4,155.66400438547134,10
638976,5,145.00799775123596,10
638976,6,137.2159942984581,10
638976,7,135.00799983739853,10
638976,8,134.87999886274338,10
643072,1,308.1760108470917,10
643072,2,215.88800102472305,10
643072,3,175.77600479125977,10
643072,4,155.58400005102158,10
643072,5,144.80000734329224,10
643072,6,138.09600472450256,10
643072,7,135.1039931178093,10
643072,8,133.55199992656708,10
647168,1,309.6639961004257,10
647168,2,215.35999327898026,10
647168,3,175.88800191879272,10
647168,4,155.7919979095459,10
647168,5,148.0640023946762,10
647168,6,139.02399688959122,10
647168,7,135.9040066599846,10
647168,8,133.4559991955757,10
651264,1,312.0319992303848,10
651264,2,217.74400025606155,10
651264,3,176.33599787950516,10
651264,4,157.26400166749954,10
651264,5,146.80000394582748,10
651264,6,139.3599957227707,10
651264,7,135.55200397968292,10
651264,8,134.64000076055527,10
655360,1,312.3680055141449,10
655360,2,217.21599996089935,10
655360,3,176.92799866199493,10
655360,4,157.20000118017197,10
655360,5,146.55999839305878,10
655360,6,139.3439993262291,10
655360,7,135.5840042233467,10
655360,8,134.38399881124496,10
659456,1,314.84799087047577,10
659456,2,218.28799694776535,10
659456,3,177.7919977903366,10
659456,4,158.63999724388123,10
659456,5,146.94399386644363,10
659456,6,139.8719996213913,10
659456,7,135.80799847841263,10
659456,8,134.19199734926224,10
663552,1,315.8400058746338,10
663552,2,219.42399442195892,10
663552,3,179.407998919487,10
663552,4,157.77599811553955,10
663552,5,146.88000082969666,10
663552,6,139.64799791574478,10
663552,7,135.42400300502777,10
663552,8,133.58400017023087,10
667648,1,318.64000856876373,10
667648,2,220.0000062584877,10
667648,3,179.26400154829025,10
667648,4,158.160001039505,10
667648,5,147.69600331783295,10
667648,6,140.99200069904327,10
667648,7,135.50399988889694,10
667648,8,133.85599851608276,10
671744,1,319.6000009775162,10
671744,2,220.271997153759,10
671744,3,179.9359992146492,10
671744,4,159.2480018734932,10
671744,5,147.60000258684158,10
671744,6,140.35199582576752,10
671744,7,137.85599917173386,10
671744,8,134.12799686193466,10
675840,1,321.3439881801605,10
675840,2,222.46400266885757,10
675840,3,179.84000593423843,10
675840,4,160.5919972062111,10
675840,5,148.25599640607834,10
675840,6,142.44800060987473,10
675840,7,138.0160003900528,10
675840,8,136.03200018405914,10
679936,1,322.6719945669174,10
679936,2,223.15199673175812,10
679936,3,181.31199479103088,10
679936,4,160.33600270748138,10
679936,5,149.31199699640274,10
679936,6,142.09599792957306,10
679936,7,136.27199828624725,10
679936,8,136.22400164604187,10
684032,1,324.5439976453781,10
684032,2,223.24799746274948,10
684032,3,181.21600151062012,10
684032,4,161.72799468040466,10
684032,5,148.17599952220917,10
684032,6,141.34400337934494,10
684032,7,136.51200383901596,10
684032,8,136.57599687576294,10
688128,1,325.3119885921478,10
688128,2,224.5119959115982,10
688128,3,182.28799849748611,10
688128,4,161.48800402879715,10
688128,5,149.56799894571304,10
688128,6,141.50400459766388,10
688128,7,137.02400028705597,10
688128,8,136.75200194120407,10
692224,1,326.07999444007874,10
692224,2,224.99199956655502,10
692224,3,183.31199884414673,10
692224,4,161.6000011563301,10
692224,5,150.15999972820282,10
692224,6,141.64800196886063,10
692224,7,137.16799765825272,10
692224,8,136.912003159523,10
696320,1,329.4079899787903,10
696320,2,226.1279970407486,10
696320,3,182.68799781799316,10
696320,4,162.3999997973442,10
696320,5,149.61599558591843,10
696320,6,141.80800318717957,10
696320,7,138.0000039935112,10
696320,8,136.09600067138672,10
700416,1,330.54399490356445,10
700416,2,226.1279970407486,10
700416,3,183.18399786949158,10
700416,4,162.86400705575943,10
700416,5,151.16799622774124,10
700416,6,142.4800008535385,10
700416,7,138.5599970817566,10
700416,8,137.7599984407425,10
704512,1,332.11199939250946,10
704512,2,227.7280017733574,10
704512,3,183.3759993314743,10
704512,4,162.32000291347504,10
704512,5,151.96799486875534,10
704512,6,143.11999827623367,10
704512,7,138.99199664592743,10
704512,8,137.9999965429306,10
708608,1,332.5439989566803,10
708608,2,227.4719998240471,10
708608,3,184.91200357675552,10
708608,4,163.95200043916702,10
708608,5,153.21599692106247,10
708608,6,143.71200650930405,10
708608,7,138.99199664592743,10
708608,8,136.20799779891968,10
712704,1,334.976002573967,10
712704,2,228.17599773406982,10
712704,3,185.87199598550797,10
712704,4,164.0480011701584,10
712704,5,152.41600573062897,10
712704,6,143.824003636837,10
712704,7,139.23200219869614,10
712704,8,136.9119957089424,10
716800,1,335.9680026769638,10
716800,2,229.0719971060753,10
716800,3,186.95999681949615,10
716800,4,164.31999951601028,10
716800,5,151.96800231933594,10
716800,6,145.05599439144135,10
716800,7,138.544000685215,10
716800,8,137.2319981455803,10
720896,1,337.21600472927094,10
720896,2,229.90399599075317,10
720896,3,185.68000197410583,10
720896,4,165.51999747753143,10
720896,5,152.70400047302246,10
720896,6,144.3839967250824,10
720896,7,139.82399553060532,10
720896,8,136.89599931240082,10
724992,1,339.29599821567535,10
724992,2,231.4239963889122,10
724992,3,186.81600689888,10
724992,4,165.40800034999847,10
724992,5,152.8320014476776,10
724992,6,144.99199390411377,10
724992,7,139.02399688959122,10
724992,8,138.0160003900528,10
729088,1,340.86398780345917,10
729088,2,233.2639992237091,10
729088,3,187.1040016412735,10
729088,4,164.97600078582764,10
729088,5,154.14399653673172,10
729088,6,145.90399712324142,10
729088,7,140.19199460744858,10
729088,8,136.88000291585922,10
733184,1,342.76799857616425,10
733184,2,234.0480014681816,10
733184,3,187.26400285959244,10
733184,4,166.19200259447098,10
733184,5,154.4320061802864,10
733184,6,144.9280008673668,10
733184,7,141.9520005583763,10
733184,8,138.5279968380928,10
737280,1,344.55999732017517,10
737280,2,233.92000049352646,10
737280,3,188.9919936656952,10
737280,4,165.75999557971954,10
737280,5,154.51199561357498,10
737280,6,144.1279947757721,10
737280,7,140.17600566148758,10
737280,8,137.95199990272522,10
741376,1,344.9759930372238,10
741376,2,234.43199694156647,10
741376,3,189.26399946212769,10
741376,4,166.57599806785583,10
741376,5,154.1920006275177,10
741376,6,145.03999799489975,10
741376,7,140.84799587726593,10
741376,8,138.5120004415512,10
745472,1,347.0880091190338,10
745472,2,235.664002597332,10
745472,3,189.64800238609314,10
745472,4,168.43199729919434,10
745472,5,154.1600003838539,10
745472,6,145.31200379133224,10
745472,7,140.75200259685516,10
745472,8,138.68799805641174,10
749568,1,347.77601063251495,10
749568,2,236.36800050735474,10
749568,3,189.42400068044662,10
749568,4,167.93600469827652,10
749568,5,154.91200238466263,10
749568,6,145.75999975204468,10
749568,7,140.6719982624054,10
749568,8,139.71199840307236,10
753664,1,351.8560081720352,10
753664,2,236.4960014820099,10
753664,3,190.11199474334717,10
753664,4,167.79199987649918,10
753664,5,154.89599853754044,10
753664,6,146.7840000987053,10
753664,7,141.35999977588654,10
753664,8,138.96000385284424,10
757760,1,352.2240072488785,10
757760,2,237.40800470113754,10
757760,3,189.90399688482285,10
757760,4,170.01600563526154,10
757760,5,155.34400194883347,10
757760,6,146.57600224018097,10
757760,7,142.04800128936768,10
757760,8,139.98399674892426,10
761856,1,354.0640026330948,10
761856,2,238.52800577878952,10
761856,3,192.111998796463,10
761856,4,167.64800250530243,10
761856,5,156.3200056552887,10
761856,6,147.2960039973259,10
761856,7,144.52800154685974,10
761856,8,138.8159990310669,10
765952,1,354.65599596500397,10
765952,2,238.2880002260208,10
765952,3,191.39199703931808,10
765952,4,169.23199594020844,10
765952,5,156.24000132083893,10
765952,6,147.5200057029724,10
765952,7,144.06400173902512,10
765952,8,140.70399850606918,10
770048,1,357.5199991464615,10
770048,2,240.40000140666962,10
770048,3,192.9439976811409,10
770048,4,170.31999677419662,10
770048,5,156.80000185966492,10
770048,6,147.8559970855713,10
770048,7,142.43199676275253,10
770048,8,139.69599455595016,10
774144,1,357.58399963378906,10
774144,2,240.27200043201447,10
774144,3,193.32800060510635,10
774144,4,170.6719994544983,10
774144,5,157.8879952430725,10
774144,6,148.55999499559402,10
774144,7,142.2879993915558,10
774144,8,141.83999598026276,10
778240,1,359.8079979419708,10
778240,2,242.20800399780273,10
778240,3,193.4560015797615,10
778240,4,170.23999989032745,10
778240,5,158.38400274515152,10
778240,6,149.1519957780838,10
778240,7,143.2960033416748,10
778240,8,139.90399986505508,10
782336,1,361.1360043287277,10
782336,2,243.15200001001358,10
782336,3,194.19199973344803,10
782336,4,171.85600101947784,10
782336,5,157.53600001335144,10
782336,6,149.45600181818008,10
782336,7,143.3439999818802,10
782336,8,140.48000425100327,10
786432,1,362.62400448322296,10
786432,2,243.53599548339844,10
786432,3,194.95999813079834,10
786432,4,172.09599912166595,10
786432,5,157.50400722026825,10
786432,6,147.5680023431778,10
786432,7,143.2799994945526,10
786432,8,140.17600566148758,10
790528,1,365.04000425338745,10
790528,2,242.94400215148926,10
790528,3,195.77600061893463,10
790528,4,170.97599804401398,10
790528,5,158.4319993853569,10
790528,6,149.28000420331955,10
790528,7,145.00799775123596,10
790528,8,141.76000654697418,10
794624,1,366.7680025100708,10
794624,2,246.99199944734573,10
794624,3,195.16799598932266,10
794624,4,172.4800020456314,10
794624,5,159.28000211715698,10
794624,6,148.9119976758957,10
794624,7,143.64799857139587,10
794624,8,140.672005712986,10
798720,1,368.4000074863434,10
798720,2,246.06399983167648,10
798720,3,195.42400538921356,10
798720,4,171.9679981470108,10
798720,5,159.71200168132782,10
798720,6,148.99200201034546,10
798720,7,144.76799964904785,10
798720,8,141.79199934005737,10
802816,1,370.36798894405365,10
802816,2,247.74400144815445,10
802816,3,196.56000286340714,10
802816,4,172.38399386405945,10
802816,5,159.96799618005753,10
802816,6,150.27200430631638,10
802816,7,144.4000005722046,10
802816,8,142.07999408245087,10
806912,1,371.47200107574463,10
806912,2,246.67199701070786,10
806912,3,196.87999784946442,10
806912,4,173.6000031232834,10
806912,5,159.55200046300888,10
806912,6,150.57600289583206,10
806912,7,144.6240022778511,10
806912,8,142.2399953007698,10
811008,1,373.6959993839264,10
811008,2,249.93599951267242,10
811008,3,197.1840038895607,10
811008,4,174.54399913549423,10
811008,5,160.19199788570404,10
811008,6,150.7359966635704,10
811008,7,144.54399794340134,10
811008,8,142.91200041770935,10
815104,1,373.9679902791977,10
815104,2,249.2160052061081,10
815104,3,198.7679973244667,10
815104,4,174.01599884033203,10
815104,5,160.67199409008026,10
815104,6,152.25600451231003,10
815104,7,144.68800276517868,10
815104,8,143.88800412416458,10
819200,1,376.1280030012131,10
819200,2,249.34399873018265,10
819200,3,198.88000190258026,10
819200,4,175.82400143146515,10
819200,5,161.21599823236465,10
819200,6,150.736004114151,10
819200,7,145.6639990210533,10
819200,8,142.83200353384018,10
823296,1,375.5519986152649,10
823296,2,250.0320002436638,10
823296,3,198.97600263357162,10
823296,4,175.69600045681,10
823296,5,161.1040011048317,10
823296,6,151.31200104951859,10
823296,7,146.44800126552582,10
823296,8,143.88799667358398,10
827392,1,376.67199969291687,10
827392,2,252.00000405311584,10
827392,3,200.24000108242035,10
827392,4,174.14399981498718,10
827392,5,161.13600134849548,10
827392,6,152.20800042152405,10
827392,7,146.38400077819824,10
827392,8,143.51999759674072,10
831488,1,379.15199995040894,10
831488,2,252.1599978208542,10
831488,3,199.77599382400513,10
831488,4,176.1920005083084,10
831488,5,162.04800456762314,10
831488,6,152.54399925470352,10
831488,7,145.9519937634468,10
831488,8,144.16000247001648,10
835584,1,381.18399679660797,10
835584,2,253.32799553871155,10
835584,3,201.48800313472748,10
835584,4,175.9359985589981,10
835584,5,162.22399473190308,10
835584,6,151.7919972538948,10
835584,7,145.83999663591385,10
835584,8,144.896000623703,10
839680,1,382.8960061073303,10
839680,2,253.9519965648651,10
839680,3,202.36800611019135,10
839680,4,176.67199671268463,10
839680,5,161.96800023317337,10
839680,6,152.92799472808838,10
839680,7,147.32800424098969,10
839680,8,144.57599818706512,10
843776,1,383.4239989519119,10
843776,2,253.04000079631805,10
843776,3,202.71999388933182,10
843776,4,177.32799798250198,10
843776,5,162.9280000925064,10
843776,6,152.51200646162033,10
843776,7,146.09599858522415,10
843776,8,143.3119997382164,10
847872,1,386.03200018405914,10
847872,2,256.8479925394058,10
847872,3,201.9519954919815,10
847872,4,177.18400061130524,10
847872,5,163.42400014400482,10
847872,6,152.99200266599655,10
847872,7,148.51199835538864,10
847872,8,144.32000368833542,10
851968,1,388.0639970302582,10
851968,2,255.8080106973648,10
851968,3,203.13599705696106,10
851968,4,178.41599881649017,10
851968,5,163.2159948348999,10
851968,6,153.80800515413284,10
851968,7,147.8080004453659,10
851968,8,143.39199662208557,10
856064,1,389.74399864673615,10
856064,2,257.9360008239746,10
856064,3,202.94400304555893,10
856064,4,179.47199940681458,10
856064,5,164.36800360679626,10
856064,6,153.1039997935295,10
856064,7,147.3120003938675,10
856064,8,145.29599994421005,10
860160,1,390.1119977235794,10
860160,2,257.26400315761566,10
860160,3,203.5840004682541,10
860160,4,179.18399721384048,10
860160,5,164.33600336313248,10
860160,6,154.39999848604202,10
860160,7,148.17599952220917,10
860160,8,144.06400173902512,10
864256,1,391.9360041618347,10
864256,2,259.0239942073822,10
864256,3,204.41599935293198,10
864256,4,178.0640035867691,10
864256,5,165.71199893951416,10
864256,6,155.64800053834915,10
864256,7,148.3840048313141,10
864256,8,144.43200081586838,10
868352,1,392.95999705791473,10
868352,2,258.8160037994385,10
868352,3,206.04799687862396,10
868352,4,179.87200617790222,10
868352,5,165.13600200414658,10
868352,6,155.40800243616104,10
868352,7,147.91999757289886,10
868352,8,145.456001162529,10
872448,1,396.7199921607971,10
872448,2,258.8160037994385,10
872448,3,206.9759964942932,10
872448,4,179.18399721384048,10
872448,5,163.93600404262543,10
872448,6,155.04000335931778,10
872448,7,147.47200161218643,10
872448,8,145.26399970054626,10
876544,1,397.16801047325134,10
876544,2,259.92000102996826,10
876544,3,205.53600043058395,10
876544,4,179.56800013780594,10
876544,5,165.23200273513794,10
876544,6,156.3360020518303,10
876544,7,149.19999986886978,10
876544,8,146.83200418949127,10
880640,1,398.5919952392578,10
880640,2,261.7280036211014,10
880640,3,207.48799294233322,10
880640,4,181.37599527835846,10
880640,5,165.8879965543747,10
880640,6,156.8320021033287,10
880640,7,149.52000230550766,10
880640,8,146.2719962000847,10
884736,1,399.4399905204773,10
884736,2,261.9200050830841,10
884736,3,207.0080041885376,10
884736,4,181.88800662755966,10
884736,5,166.49599373340607,10
884736,6,155.7919979095459,10
884736,7,150.33599734306335,10
884736,8,146.527998149395,10
888832,1,402.16000378131866,10
888832,2,263.37599754333496,10
888832,3,209.00800079107285,10
888832,4,182.5760006904602,10
888832,5,166.97599738836288,10
888832,6,156.43200278282166,10
888832,7,149.72800016403198,10
888832,8,146.38400077819824,10
892928,1,403.5999923944473,10
892928,2,263.08800280094147,10
892928,3,208.70400220155716,10
892928,4,182.5600042939186,10
892928,5,167.66399890184402,10
892928,6,156.0640037059784,10
892928,7,149.85600113868713,10
892928,8,146.64000272750854,10
897024,1,406.1120003461838,10
897024,2,265.3439939022064,10
897024,3,209.6799984574318,10
897024,4,183.04000049829483,10
897024,5,168.65599900484085,10
897024,6,156.3040018081665,10
897024,7,150.25600045919418,10
897024,8,146.89599722623825,10
901120,1,406.3840061426163,10
901120,2,266.00000262260437,10
901120,3,209.3759998679161,10
901120,4,182.8320026397705,10
901120,5,168.36800426244736,10
901120,6,157.82400220632553,10
901120,7,150.38400143384933,10
901120,8,147.8559970855713,10
905216,1,408.4160029888153,10
905216,2,266.4799988269806,10
905216,3,210.79999953508377,10
905216,4,183.67999792099,10
905216,5,168.09599846601486,10
905216,6,157.69600123167038,10
905216,7,151.11999958753586,10
905216,8,148.14399927854538,10
909312,1,409.60000455379486,10
909312,2,266.80000126361847,10
909312,3,210.00000089406967,10
909312,4,183.26399475336075,10
909312,5,168.2559996843338,10
909312,6,156.97599947452545,10
909312,7,151.07200294733047,10
909312,8,147.71199971437454,10
913408,1,412.4159961938858,10
913408,2,267.61600375175476,10
913408,3,212.12799847126007,10
913408,4,184.75200235843658,10
913408,5,168.41600090265274,10
913408,6,159.10400450229645,10
913408,7,151.32800489664078,10
913408,8,148.46400171518326,10
917504,1,413.2799953222275,10
917504,2,269.679993391037,10
917504,3,211.87200397253036,10
917504,4,185.39199978113174,10
917504,5,169.76000368595123,10
917504,6,158.39999914169312,10
917504,7,151.7919972538948,10
917504,8,147.87200093269348,10
921600,1,415.26399552822113,10
921600,2,269.6159929037094,10
921600,3,211.71199530363083,10
921600,4,185.47199666500092,10
921600,5,170.3680008649826,10
921600,6,158.78400206565857,10
921600,7,152.0799994468689,10
921600,8,148.51199835538864,10
925696,1,416.73600673675537,10
925696,2,268.5920000076294,10
925696,3,213.1359949707985,10
925696,4,185.0080043077469,10
925696,5,169.6159988641739,10
925696,6,160.19199788570404,10
925696,7,151.72799676656723,10
925696,8,147.69600331783295,10
929792,1,418.70400309562683,10
929792,2,272.68800139427185,10
929792,3,213.1360024213791,10
929792,4,186.11200153827667,10
929792,5,171.52000218629837,10
929792,6,159.95199978351593,10
929792,7,151.91999822854996,10
929792,8,147.8080004453659,10
933888,1,419.48801279067993,10
933888,2,271.87199890613556,10
933888,3,213.24799954891205,10
933888,4,186.25599890947342,10
933888,5,171.4719980955124,10
933888,6,158.7359979748726,10
933888,7,152.17600017786026,10
933888,8,149.03999865055084,10
937984,1,421.3760048151016,10
937984,2,272.6079970598221,10
937984,3,215.15200287103653,10
937984,4,185.7760027050972,10
937984,5,172.2400039434433,10
937984,6,159.56800431013107,10
937984,7,153.44000607728958,10
937984,8,149.21600371599197,10
942080,1,423.0720102787018,10
942080,2,273.16801249980927,10
942080,3,215.68000316619873,10
942080,4,187.45600432157516,10
942080,5,172.32000082731247,10
942080,6,159.7759947180748,10
942080,7,152.73600071668625,10
942080,8,148.96000176668167,10
946176,1,424.9119907617569,10
946176,2,275.2640098333359,10
946176,3,215.07200598716736,10
946176,4,187.48799711465836,10
946176,5,172.06399887800217,10
946176,6,160.3199988603592,10
946176,7,153.1680002808571,10
946176,8,149.85600113868713,10
950272,1,425.60000717639923,10
950272,2,275.05600452423096,10
950272,3,216.5759950876236,10
950272,4,188.56000155210495,10
950272,5,172.04800248146057,10
950272,6,162.20799833536148,10
950272,7,153.53600680828094,10
950272,8,149.4240015745163,10
954368,1,427.4879992008209,10
954368,2,275.6960093975067,10
954368,3,216.44800156354904,10
954368,4,189.5040050148964,10
954368,5,172.59199917316437,10
954368,6,160.8479991555214,10
954368,7,153.45600247383118,10
954368,8,150.86399763822556,10
958464,1,428.6400079727173,10
958464,2,276.5440046787262,10
958464,3,217.16800332069397,10
958464,4,189.66399878263474,10
958464,5,172.14399576187134,10
958464,6,161.1199975013733,10
958464,7,153.75999361276627,10
958464,8,149.88799393177032,10
962560,1,430.28800189495087,10
962560,2,279.07200157642365,10
962560,3,219.00799870491028,10
962560,4,188.33599984645844,10
962560,5,173.5360026359558,10
962560,6,163.08800131082535,10
962560,7,155.56799620389938,10
962560,8,150.41600167751312,10
966656,1,431.551992893219,10
966656,2,278.30399572849274,10
966656,3,218.24000030755997,10
966656,4,189.64800238609314,10
966656,5,173.3120009303093,10
966656,6,161.80799901485443,10
966656,7,154.23999726772308,10
966656,8,150.68800002336502,10
970752,1,431.87201023101807,10
970752,2,279.64799106121063,10
970752,3,219.1839963197708,10
970752,4,190.15999883413315,10
970752,5,174.6079996228218,10
970752,6,161.85599565505981,10
970752,7,154.9919992685318,10
970752,8,152.75199711322784,10
974848,1,435.93600392341614,10
974848,2,279.5200049877167,10
974848,3,219.32800114154816,10
974848,4,189.7759959101677,10
974848,5,173.77600073814392,10
974848,6,163.4560003876686,10
974848,7,155.37600219249725,10
974848,8,151.5040025115013,10
978944,1,436.0480010509491,10
978944,2,278.20800244808197,10
978944,3,220.43199837207794,10
978944,4,191.53600186109543,10
978944,5,175.24799704551697,10
978944,6,162.7199947834015,10
978944,7,155.12000024318695,10
978944,8,150.751993060112,10
983040,1,437.80800700187683,10
983040,2,281.920000910759,10
983040,3,219.7120040655136,10
983040,4,191.15199893712997,10
983040,5,175.1680001616478,10
983040,6,162.99200057983398,10
983040,7,155.60000389814377,10
983040,8,150.83199739456177,10
987136,1,438.87999653816223,10
987136,2,281.2959998846054,10
987136,3,219.67999637126923,10
987136,4,191.80800020694733,10
987136,5,175.48799514770508,10
987136,6,163.93600404262543,10
987136,7,155.60000389814377,10
987136,8,152.0640030503273,10
991232,1,440.8800005912781,10
991232,2,282.9119861125946,10
991232,3,222.06400334835052,10
991232,4,192.86400079727173,10
991232,5,174.43199455738068,10
991232,6,163.53599727153778,10
991232,7,156.68799728155136,10
991232,8,151.61600708961487,10
995328,1,442.671999335289,10
995328,2,282.8480005264282,10
995328,3,223.02400320768356,10
995328,4,192.78400391340256,10
995328,5,175.77600479125977,10
995328,6,163.43999654054642,10
995328,7,155.39199858903885,10
995328,8,151.296004652977,10
999424,1,444.70399618148804,10
999424,2,284.36800837516785,10
999424,3,221.95199877023697,10
999424,4,192.56000220775604,10
999424,5,176.2399971485138,10
999424,6,164.91200029850006,10
999424,7,156.38399869203568,10
999424,8,152.20800042152405,10
1003520,1,446.20800018310547,10
1003520,2,284.5600098371506,10
1003520,3,222.6400002837181,10
1003520,4,193.95200163125992,10
1003520,5,176.1920005083084,10
1003520,6,164.92800414562225,10
1003520,7,157.29600191116333,10
1003520,8,152.319997549057,10
1007616,1,448.4640061855316,10
1007616,2,286.78399324417114,10
1007616,3,223.67999702692032,10
1007616,4,192.9280012845993,10
1007616,5,176.31999403238297,10
1007616,6,164.0480011701584,10
1007616,7,156.8639948964119,10
1007616,8,152.44799852371216,10
1011712,1,450.27199387550354,10
1011712,2,286.3679975271225,10
1011712,3,222.9439988732338,10
1011712,4,192.7039995789528,10
1011712,5,176.5119954943657,10
1011712,6,165.6000018119812,10
1011712,7,156.65599703788757,10
1011712,8,152.92799472808838,10
1015808,1,451.4240026473999,10
1015808,2,288.60799968242645,10
1015808,3,225.16799718141556,10
1015808,4,195.95199823379517,10
1015808,5,177.47200280427933,10
1015808,6,165.9040004014969,10
1015808,7,158.160001039505,10
1015808,8,153.3920019865036,10
1019904,1,452.89601385593414,10
1019904,2,287.77599334716797,10
1019904,3,224.39999878406525,10
1019904,4,195.00799477100372,10
1019904,5,178.17600071430206,10
1019904,6,165.9040004014969,10
1019904,7,158.160001039505,10
1019904,8,154.76800501346588,10
1024000,1,454.51200008392334,10
1024000,2,289.343997836113,10
1024000,3,225.72800517082214,10
1024000,4,195.0399950146675,10
1024000,5,178.25599759817123,10
1024000,6,165.93600064516068,10
1024000,7,159.16800498962402,10
1024000,8,152.99199521541595,10
1028096,1,455.92001080513,10
1028096,2,288.89599442481995,10
1028096,3,226.76800191402435,10
1028096,4,196.54399901628494,10
1028096,5,178.03200334310532,10
1028096,6,167.2319993376732,10
1028096,7,159.61600095033646,10
1028096,8,154.33599799871445,10
1032192,1,457.2319984436035,10
1032192,2,290.3040051460266,10
1032192,3,227.83999890089035,10
1032192,4,197.11999595165253,10
1032192,5,178.68799716234207,10
1032192,6,167.29599982500076,10
1032192,7,158.6879938840866,10
1032192,8,155.4879993200302,10
1036288,1,458.48000049591064,10
1036288,2,291.53600335121155,10
1036288,3,226.71999782323837,10
1036288,4,196.4319944381714,10
1036288,5,178.65599691867828,10
1036288,6,167.39200055599213,10
1036288,7,158.84800255298615,10
1036288,8,155.40799498558044,10
1040384,1,460.4800045490265,10
1040384,2,292.7519977092743,10
1040384,3,229.263998568058,10
1040384,4,197.48800247907639,10
1040384,5,179.3759986758232,10
1040384,6,166.49599373340607,10
1040384,7,158.75200182199478,10
1040384,8,155.40800243616104,10
1044480,1,461.4719897508621,10
1044480,2,293.5840040445328,10
1044480,3,228.4960001707077,10
1044480,4,196.16000354290009,10
1044480,5,179.18399721384048,10
1044480,6,166.60799831151962,10
1044480,7,159.63199734687805,10
1044480,8,155.69599717855453,10
1048576,1,463.9360010623932,10
1048576,2,295.0560003519058,10
1048576,3,228.5119965672493,10
1048576,4,197.37600535154343,10
1048576,5,179.919995367527,10
1048576,6,167.90399700403214,10
1048576,7,160.16000509262085,10
1048576,8,154.959999024868,10
