rank,tp,dp,context,chunk,cache_dtype,cold_prefill_cuda_ms,cold_prefill_wall_ms,dynamic_peak_bytes,cache_bytes,split_vs_unsplit_relative_l2,weights,samples
0,16,1,8192,8192,bfloat16,12.225824356079102,12.277875968720764,215811072,9437184,0.0,MLA layer 3,1
0,16,1,131072,8192,bfloat16,7612.53271484375,7612.603905959986,1236010496,150994944,0.004252754617482424,MLA layer 3,1
0,16,1,1048576,8192,bfloat16,2971.851806640625,2971.8953690025955,2586183168,1207959552,0.006312869489192963,MLA layer 3,1
0,16,1,1048576,4096,bfloat16,3800.635986328125,3800.690782023594,2476279296,1207959552,0.006080470513552427,MLA layer 3,1
0,16,1,1048576,16384,bfloat16,1982.0347900390625,1982.0795400300995,2803893760,1207959552,0.006186738610267639,MLA layer 3,1
0,16,1,8192,8192,fp8_e4m3,3.3550078868865967,3.3876620000228286,215811072,4718592,0.0,MLA layer 3,1
0,16,1,131072,8192,fp8_e4m3,86.62303924560547,86.6534259985201,1236010496,75497472,0.004408787935972214,MLA layer 3,1
0,16,1,1048576,8192,fp8_e4m3,2941.029296875,2941.073558991775,2586183168,603979776,0.006423066835850477,MLA layer 3,1
0,16,1,1048576,4096,fp8_e4m3,3945.060302734375,3945.1135949930176,2476279296,603979776,0.00626356853172183,MLA layer 3,1
0,16,1,1048576,16384,fp8_e4m3,2016.9544677734375,2017.0007590204477,2803893760,603979776,0.006239296402782202,MLA layer 3,1
0,8,2,8192,8192,bfloat16,2.12060809135437,2.1593699930235744,304677888,9437184,0.0,MLA layer 3,1
0,8,2,131072,8192,bfloat16,100.88502502441406,100.91384395491332,2061960704,150994944,0.004243088886141777,MLA layer 3,1
0,8,2,1048576,8192,bfloat16,4236.14453125,4236.194643948693,3694855680,1207959552,0.006312725134193897,MLA layer 3,1
0,8,2,8192,8192,fp8_e4m3,2.327967882156372,2.361129969358444,304677888,4718592,0.0,MLA layer 3,1
0,8,2,131072,8192,fp8_e4m3,102.51404571533203,102.54361300030723,2061960704,75497472,0.004397677723318338,MLA layer 3,1
0,8,2,1048576,8192,fp8_e4m3,4314.732421875,4314.843703003135,3694855680,603979776,0.006420935969799757,MLA layer 3,1
0,4,4,8192,8192,bfloat16,2.7792959213256836,2.826476003974676,482411520,9437184,0.0,MLA layer 3,1
0,4,4,131072,8192,bfloat16,163.21408081054688,163.24586304835975,3713992192,150994944,0.004635257180780172,MLA layer 3,1
0,4,4,1048576,8192,bfloat16,8186.10986328125,8186.176006973255,5911283200,1207959552,0.006740302313119173,MLA layer 3,1
0,4,4,8192,8192,fp8_e4m3,2.4760000705718994,2.5226029683835804,482411520,4718592,0.0,MLA layer 3,1
0,4,4,131072,8192,fp8_e4m3,161.569091796875,161.5991730359383,3713992192,75497472,0.004787754733115435,MLA layer 3,1
0,4,4,1048576,8192,fp8_e4m3,8198.0068359375,8198.071211052593,5911283200,603979776,0.0068412357941269875,MLA layer 3,1
1,16,1,8192,8192,bfloat16,12.040448188781738,12.095986981876194,215811072,9437184,0.0,MLA layer 3,1
1,16,1,131072,8192,bfloat16,7612.47607421875,7612.544609990437,1236010496,150994944,0.004252754617482424,MLA layer 3,1
1,16,1,1048576,8192,bfloat16,2971.81591796875,2971.859688987024,2586183168,1207959552,0.006312869489192963,MLA layer 3,1
1,16,1,1048576,4096,bfloat16,3800.612060546875,3800.6655339850113,2476279296,1207959552,0.006080470513552427,MLA layer 3,1
1,16,1,1048576,16384,bfloat16,1981.91552734375,1981.9597960449755,2803893760,1207959552,0.006186738610267639,MLA layer 3,1
1,16,1,8192,8192,fp8_e4m3,3.3013761043548584,3.334701992571354,215811072,4718592,0.0,MLA layer 3,1
1,16,1,131072,8192,fp8_e4m3,86.61593627929688,86.64500998565927,1236010496,75497472,0.004408787935972214,MLA layer 3,1
1,16,1,1048576,8192,fp8_e4m3,2940.98876953125,2941.03211798938,2586183168,603979776,0.006423066835850477,MLA layer 3,1
1,16,1,1048576,4096,fp8_e4m3,3945.04052734375,3945.0922189862467,2476279296,603979776,0.00626356853172183,MLA layer 3,1
1,16,1,1048576,16384,fp8_e4m3,2016.9154052734375,2016.9590950245038,2803893760,603979776,0.006239296402782202,MLA layer 3,1
1,8,2,8192,8192,bfloat16,2.091007947921753,2.1277540363371372,304677888,9437184,0.0,MLA layer 3,1
1,8,2,131072,8192,bfloat16,100.86870574951172,100.8975239819847,2061960704,150994944,0.004243088886141777,MLA layer 3,1
1,8,2,1048576,8192,bfloat16,4236.1201171875,4236.173172015697,3694855680,1207959552,0.006312725134193897,MLA layer 3,1
1,8,2,8192,8192,fp8_e4m3,2.270911931991577,2.311209973413497,304677888,4718592,0.0,MLA layer 3,1
1,8,2,131072,8192,fp8_e4m3,102.4710693359375,102.5041890097782,2061960704,75497472,0.004397677723318338,MLA layer 3,1
1,8,2,1048576,8192,fp8_e4m3,4314.7392578125,4314.796823018696,3694855680,603979776,0.006420935969799757,MLA layer 3,1
1,4,4,8192,8192,bfloat16,2.7232000827789307,2.767948026303202,482411520,9437184,0.0,MLA layer 3,1
1,4,4,131072,8192,bfloat16,163.20799255371094,163.24013500707224,3713992192,150994944,0.004635257180780172,MLA layer 3,1
1,4,4,1048576,8192,bfloat16,8186.09130859375,8186.165926977992,5911283200,1207959552,0.006740302313119173,MLA layer 3,1
1,4,4,8192,8192,fp8_e4m3,2.5433919429779053,2.5831800303421915,482411520,4718592,0.0,MLA layer 3,1
1,4,4,131072,8192,fp8_e4m3,161.57936096191406,161.60973301157355,3713992192,75497472,0.004787754733115435,MLA layer 3,1
1,4,4,1048576,8192,fp8_e4m3,8197.984375,8198.05293896934,5911283200,603979776,0.0068412357941269875,MLA layer 3,1
2,16,1,8192,8192,bfloat16,12.300448417663574,12.353588012047112,215811072,9437184,0.0,MLA layer 3,1
2,16,1,131072,8192,bfloat16,7612.5341796875,7612.603298039176,1236010496,150994944,0.004252754617482424,MLA layer 3,1
2,16,1,1048576,8192,bfloat16,2971.861572265625,2971.902120974846,2586183168,1207959552,0.006312869489192963,MLA layer 3,1
2,16,1,1048576,4096,bfloat16,3800.65234375,3800.698334001936,2476279296,1207959552,0.006080470513552427,MLA layer 3,1
2,16,1,1048576,16384,bfloat16,1982.041748046875,1982.0843079942279,2803893760,1207959552,0.006186738610267639,MLA layer 3,1
2,16,1,8192,8192,fp8_e4m3,3.364255905151367,3.391214006114751,215811072,4718592,0.0,MLA layer 3,1
2,16,1,131072,8192,fp8_e4m3,86.62812805175781,86.65486599784344,1236010496,75497472,0.004408787935972214,MLA layer 3,1
2,16,1,1048576,8192,fp8_e4m3,2941.03271484375,2941.0789670073427,2586183168,603979776,0.006423066835850477,MLA layer 3,1
2,16,1,1048576,4096,fp8_e4m3,3945.072265625,3945.1190030085854,2476279296,603979776,0.00626356853172183,MLA layer 3,1
2,16,1,1048576,16384,fp8_e4m3,2016.970947265625,2017.0119910035282,2803893760,603979776,0.006239296402782202,MLA layer 3,1
2,8,2,8192,8192,bfloat16,2.129312038421631,2.1664740052074194,304677888,9437184,0.0,MLA layer 3,1
2,8,2,131072,8192,bfloat16,100.88690948486328,100.91438796371222,2061960704,150994944,0.004243088886141777,MLA layer 3,1
2,8,2,1048576,8192,bfloat16,4236.1494140625,4236.195987963583,3694855680,1207959552,0.006312725134193897,MLA layer 3,1
2,8,2,8192,8192,fp8_e4m3,2.3260159492492676,2.359689970035106,304677888,4718592,0.0,MLA layer 3,1
2,8,2,131072,8192,fp8_e4m3,102.52403259277344,102.55106899421662,2061960704,75497472,0.004397677723318338,MLA layer 3,1
2,8,2,1048576,8192,fp8_e4m3,4314.796875,4314.850295020733,3694855680,603979776,0.006420935969799757,MLA layer 3,1
2,4,4,8192,8192,bfloat16,2.7827200889587402,2.8235319769009948,482411520,9437184,0.0,MLA layer 3,1
2,4,4,131072,8192,bfloat16,163.212646484375,163.24288700707257,3713992192,150994944,0.004635257180780172,MLA layer 3,1
2,4,4,1048576,8192,bfloat16,8186.10205078125,8186.168166983407,5911283200,1207959552,0.006740302313119173,MLA layer 3,1
2,4,4,8192,8192,fp8_e4m3,2.573215961456299,2.6055799680761993,482411520,4718592,0.0,MLA layer 3,1
2,4,4,131072,8192,fp8_e4m3,161.57037353515625,161.5985970129259,3713992192,75497472,0.004787754733115435,MLA layer 3,1
2,4,4,1048576,8192,fp8_e4m3,8197.984375,8198.050570965279,5911283200,603979776,0.0068412357941269875,MLA layer 3,1
3,16,1,8192,8192,bfloat16,12.302816390991211,12.356820050626993,215811072,9437184,0.0,MLA layer 3,1
3,16,1,131072,8192,bfloat16,7612.53271484375,7612.602434004657,1236010496,150994944,0.004252754617482424,MLA layer 3,1
3,16,1,1048576,8192,bfloat16,2971.845703125,2971.89178498229,2586183168,1207959552,0.006312869489192963,MLA layer 3,1
3,16,1,1048576,4096,bfloat16,3800.6376953125,3800.689598021563,2476279296,1207959552,0.006080470513552427,MLA layer 3,1
3,16,1,1048576,16384,bfloat16,1982.03369140625,1982.0771400118247,2803893760,1207959552,0.006186738610267639,MLA layer 3,1
3,16,1,8192,8192,fp8_e4m3,3.336575984954834,3.3688779803924263,215811072,4718592,0.0,MLA layer 3,1
3,16,1,131072,8192,fp8_e4m3,86.62185668945312,86.65208198362961,1236010496,75497472,0.004408787935972214,MLA layer 3,1
3,16,1,1048576,8192,fp8_e4m3,2941.022216796875,2941.0645670141093,2586183168,603979776,0.006423066835850477,MLA layer 3,1
3,16,1,1048576,4096,fp8_e4m3,3945.049072265625,3945.1011790079065,2476279296,603979776,0.00626356853172183,MLA layer 3,1
3,16,1,1048576,16384,fp8_e4m3,2016.9544677734375,2017.001302971039,2803893760,603979776,0.006239296402782202,MLA layer 3,1
3,8,2,8192,8192,bfloat16,2.1280319690704346,2.1681059733964503,304677888,9437184,0.0,MLA layer 3,1
3,8,2,131072,8192,bfloat16,100.88134765625,100.91077198740095,2061960704,150994944,0.004243088886141777,MLA layer 3,1
3,8,2,1048576,8192,bfloat16,4236.14501953125,4236.193716002163,3694855680,1207959552,0.006312725134193897,MLA layer 3,1
3,8,2,8192,8192,fp8_e4m3,2.292288064956665,2.331145980861038,304677888,4718592,0.0,MLA layer 3,1
3,8,2,131072,8192,fp8_e4m3,102.49906921386719,102.52790100639686,2061960704,75497472,0.004397677723318338,MLA layer 3,1
3,8,2,1048576,8192,fp8_e4m3,4314.78466796875,4314.843126980122,3694855680,603979776,0.006420935969799757,MLA layer 3,1
3,4,4,8192,8192,bfloat16,2.785952091217041,2.82990001142025,482411520,9437184,0.0,MLA layer 3,1
3,4,4,131072,8192,bfloat16,163.19541931152344,163.2265669759363,3713992192,150994944,0.004635257180780172,MLA layer 3,1
3,4,4,1048576,8192,bfloat16,8186.09716796875,8186.170471017249,5911283200,1207959552,0.006740302313119173,MLA layer 3,1
3,4,4,8192,8192,fp8_e4m3,2.4889280796051025,2.524970972444862,482411520,4718592,0.0,MLA layer 3,1
3,4,4,131072,8192,fp8_e4m3,161.5729217529297,161.60458099329844,3713992192,75497472,0.004787754733115435,MLA layer 3,1
3,4,4,1048576,8192,fp8_e4m3,8197.986328125,8198.05930700386,5911283200,603979776,0.0068412357941269875,MLA layer 3,1
4,16,1,8192,8192,bfloat16,12.259712219238281,12.324656825512648,215811072,9437184,0.0,MLA layer 3,1
4,16,1,131072,8192,bfloat16,7612.49365234375,7612.384520005435,1236010496,150994944,0.004252754617482424,MLA layer 3,1
4,16,1,1048576,8192,bfloat16,2971.84423828125,2971.821014303714,2586183168,1207959552,0.006312869489192963,MLA layer 3,1
4,16,1,1048576,4096,bfloat16,3800.6201171875,3800.5844289436936,2476279296,1207959552,0.006080470513552427,MLA layer 3,1
4,16,1,1048576,16384,bfloat16,1982.015625,1982.0173531770706,2803893760,1207959552,0.006186738610267639,MLA layer 3,1
4,16,1,8192,8192,fp8_e4m3,3.3360960483551025,3.3684498630464077,215811072,4718592,0.0,MLA layer 3,1
4,16,1,131072,8192,fp8_e4m3,86.61062622070312,86.63842640817165,1236010496,75497472,0.004408787935972214,MLA layer 3,1
4,16,1,1048576,8192,fp8_e4m3,2941.00537109375,2940.982284024358,2586183168,603979776,0.006423066835850477,MLA layer 3,1
4,16,1,1048576,4096,fp8_e4m3,3945.0078125,3944.975769147277,2476279296,603979776,0.00626356853172183,MLA layer 3,1
4,16,1,1048576,16384,fp8_e4m3,2016.9117431640625,2016.921116039157,2803893760,603979776,0.006239296402782202,MLA layer 3,1
4,8,2,8192,8192,bfloat16,2.12556791305542,2.1662008948624134,304677888,9437184,0.0,MLA layer 3,1
4,8,2,131072,8192,bfloat16,100.87401580810547,100.90234503149986,2061960704,150994944,0.004243088886141777,MLA layer 3,1
4,8,2,1048576,8192,bfloat16,4236.11279296875,4236.071545165032,3694855680,1207959552,0.006312725134193897,MLA layer 3,1
4,8,2,8192,8192,fp8_e4m3,2.3292479515075684,2.3634457029402256,304677888,4718592,0.0,MLA layer 3,1
4,8,2,131072,8192,fp8_e4m3,102.50812530517578,102.53565292805433,2061960704,75497472,0.004397677723318338,MLA layer 3,1
4,8,2,1048576,8192,fp8_e4m3,4314.76806640625,4314.723026938736,3694855680,603979776,0.006420935969799757,MLA layer 3,1
4,4,4,8192,8192,bfloat16,2.56166410446167,2.608977723866701,482411520,9437184,0.0,MLA layer 3,1
4,4,4,131072,8192,bfloat16,161.06687927246094,161.09615797176957,3713992192,150994944,0.004635257180780172,MLA layer 3,1
4,4,4,1048576,8192,bfloat16,8065.75,8065.647571813315,5911283200,1207959552,0.006740302313119173,MLA layer 3,1
4,4,4,8192,8192,fp8_e4m3,2.411168098449707,2.4482468143105507,482411520,4718592,0.0,MLA layer 3,1
4,4,4,131072,8192,fp8_e4m3,160.2503662109375,160.2779058739543,3713992192,75497472,0.004787754733115435,MLA layer 3,1
4,4,4,1048576,8192,fp8_e4m3,8111.7802734375,8111.685747280717,5911283200,603979776,0.0068412357941269875,MLA layer 3,1
5,16,1,8192,8192,bfloat16,12.298015594482422,12.350576929748058,215811072,9437184,0.0,MLA layer 3,1
5,16,1,131072,8192,bfloat16,7612.4931640625,7612.383015919477,1236010496,150994944,0.004252754617482424,MLA layer 3,1
5,16,1,1048576,8192,bfloat16,2971.85205078125,2971.827093977481,2586183168,1207959552,0.006312869489192963,MLA layer 3,1
5,16,1,1048576,4096,bfloat16,3800.62060546875,3800.580173265189,2476279296,1207959552,0.006080470513552427,MLA layer 3,1
5,16,1,1048576,16384,bfloat16,1982.0325927734375,1982.0259930565953,2803893760,1207959552,0.006186738610267639,MLA layer 3,1
5,16,1,8192,8192,fp8_e4m3,3.3407039642333984,3.368258010596037,215811072,4718592,0.0,MLA layer 3,1
5,16,1,131072,8192,fp8_e4m3,86.6341781616211,86.65788220241666,1236010496,75497472,0.004408787935972214,MLA layer 3,1
5,16,1,1048576,8192,fp8_e4m3,2941.0205078125,2940.9923958592117,2586183168,603979776,0.006423066835850477,MLA layer 3,1
5,16,1,1048576,4096,fp8_e4m3,3945.025634765625,3944.98543208465,2476279296,603979776,0.00626356853172183,MLA layer 3,1
5,16,1,1048576,16384,fp8_e4m3,2016.9228515625,2016.9213716872036,2803893760,603979776,0.006239296402782202,MLA layer 3,1
5,8,2,8192,8192,bfloat16,2.1120638847351074,2.154009882360697,304677888,9437184,0.0,MLA layer 3,1
5,8,2,131072,8192,bfloat16,100.8796157836914,100.90602515265346,2061960704,150994944,0.004243088886141777,MLA layer 3,1
5,8,2,1048576,8192,bfloat16,4236.1103515625,4236.061688978225,3694855680,1207959552,0.006312725134193897,MLA layer 3,1
5,8,2,8192,8192,fp8_e4m3,2.341952085494995,2.3704851046204567,304677888,4718592,0.0,MLA layer 3,1
5,8,2,131072,8192,fp8_e4m3,102.5285415649414,102.5520684197545,2061960704,75497472,0.004397677723318338,MLA layer 3,1
5,8,2,1048576,8192,fp8_e4m3,4314.7822265625,4314.733107108623,3694855680,603979776,0.006420935969799757,MLA layer 3,1
5,4,4,8192,8192,bfloat16,2.5772159099578857,2.617106307297945,482411520,9437184,0.0,MLA layer 3,1
5,4,4,131072,8192,bfloat16,161.08082580566406,161.10687796026468,3713992192,150994944,0.004635257180780172,MLA layer 3,1
5,4,4,1048576,8192,bfloat16,8065.75390625,8065.65186008811,5911283200,1207959552,0.006740302313119173,MLA layer 3,1
5,4,4,8192,8192,fp8_e4m3,2.5402560234069824,2.568563912063837,482411520,4718592,0.0,MLA layer 3,1
5,4,4,131072,8192,fp8_e4m3,160.255615234375,160.2797619998455,3713992192,75497472,0.004787754733115435,MLA layer 3,1
5,4,4,1048576,8192,fp8_e4m3,8111.75634765625,8111.653171945363,5911283200,603979776,0.0068412357941269875,MLA layer 3,1
6,16,1,8192,8192,bfloat16,12.262304306030273,12.319952715188265,215811072,9437184,0.0,MLA layer 3,1
6,16,1,131072,8192,bfloat16,7612.494140625,7612.386152148247,1236010496,150994944,0.004252754617482424,MLA layer 3,1
6,16,1,1048576,8192,bfloat16,2971.853759765625,2971.8269016593695,2586183168,1207959552,0.006312869489192963,MLA layer 3,1
6,16,1,1048576,4096,bfloat16,3800.62890625,3800.5885891616344,2476279296,1207959552,0.006080470513552427,MLA layer 3,1
6,16,1,1048576,16384,bfloat16,1982.0411376953125,1982.0363288745284,2803893760,1207959552,0.006186738610267639,MLA layer 3,1
6,16,1,8192,8192,fp8_e4m3,3.352735996246338,3.381153102964163,215811072,4718592,0.0,MLA layer 3,1
6,16,1,131072,8192,fp8_e4m3,86.62588500976562,86.65404189378023,1236010496,75497472,0.004408787935972214,MLA layer 3,1
6,16,1,1048576,8192,fp8_e4m3,2941.010009765625,2940.9844600595534,2586183168,603979776,0.006423066835850477,MLA layer 3,1
6,16,1,1048576,4096,fp8_e4m3,3945.02099609375,3944.982519838959,2476279296,603979776,0.00626356853172183,MLA layer 3,1
6,16,1,1048576,16384,fp8_e4m3,2016.93603515625,2016.9348758645356,2803893760,603979776,0.006239296402782202,MLA layer 3,1
6,8,2,8192,8192,bfloat16,2.130079984664917,2.1678651683032513,304677888,9437184,0.0,MLA layer 3,1
6,8,2,131072,8192,bfloat16,100.88761901855469,100.91450484469533,2061960704,150994944,0.004243088886141777,MLA layer 3,1
6,8,2,1048576,8192,bfloat16,4236.115234375,4236.067897174507,3694855680,1207959552,0.006312725134193897,MLA layer 3,1
6,8,2,8192,8192,fp8_e4m3,2.3494720458984375,2.37966887652874,304677888,4718592,0.0,MLA layer 3,1
6,8,2,131072,8192,fp8_e4m3,102.51529693603516,102.54202131181955,2061960704,75497472,0.004397677723318338,MLA layer 3,1
6,8,2,1048576,8192,fp8_e4m3,4314.771484375,4314.725139178336,3694855680,603979776,0.006420935969799757,MLA layer 3,1
6,4,4,8192,8192,bfloat16,2.580672025680542,2.6231538504362106,482411520,9437184,0.0,MLA layer 3,1
6,4,4,131072,8192,bfloat16,161.0548095703125,161.083422601223,3713992192,150994944,0.004635257180780172,MLA layer 3,1
6,4,4,1048576,8192,bfloat16,8065.767578125,8065.65768411383,5911283200,1207959552,0.006740302313119173,MLA layer 3,1
6,4,4,8192,8192,fp8_e4m3,2.5318400859832764,2.5650770403444767,482411520,4718592,0.0,MLA layer 3,1
6,4,4,131072,8192,fp8_e4m3,160.2683868408203,160.2923688478768,3713992192,75497472,0.004787754733115435,MLA layer 3,1
6,4,4,1048576,8192,fp8_e4m3,8111.765625,8111.668371129781,5911283200,603979776,0.0068412357941269875,MLA layer 3,1
7,16,1,8192,8192,bfloat16,12.30288028717041,12.353328987956047,215811072,9437184,0.0,MLA layer 3,1
7,16,1,131072,8192,bfloat16,7612.49267578125,7612.3826638795435,1236010496,150994944,0.004252754617482424,MLA layer 3,1
7,16,1,1048576,8192,bfloat16,2971.84765625,2971.819126047194,2586183168,1207959552,0.006312869489192963,MLA layer 3,1
7,16,1,1048576,4096,bfloat16,3800.618896484375,3800.586892757565,2476279296,1207959552,0.006080470513552427,MLA layer 3,1
7,16,1,1048576,16384,bfloat16,1982.0411376953125,1982.034248765558,2803893760,1207959552,0.006186738610267639,MLA layer 3,1
7,16,1,8192,8192,fp8_e4m3,3.343519926071167,3.3711702562868595,215811072,4718592,0.0,MLA layer 3,1
7,16,1,131072,8192,fp8_e4m3,86.61779022216797,86.64290606975555,1236010496,75497472,0.004408787935972214,MLA layer 3,1
7,16,1,1048576,8192,fp8_e4m3,2941.021484375,2940.9932917915285,2586183168,603979776,0.006423066835850477,MLA layer 3,1
7,16,1,1048576,4096,fp8_e4m3,3945.033447265625,3944.990999996662,2476279296,603979776,0.00626356853172183,MLA layer 3,1
7,16,1,1048576,16384,fp8_e4m3,2016.9298095703125,2016.929083969444,2803893760,603979776,0.006239296402782202,MLA layer 3,1
7,8,2,8192,8192,bfloat16,2.131903886795044,2.168504986912012,304677888,9437184,0.0,MLA layer 3,1
7,8,2,131072,8192,bfloat16,100.88195037841797,100.9081369265914,2061960704,150994944,0.004243088886141777,MLA layer 3,1
7,8,2,1048576,8192,bfloat16,4236.111328125,4236.064024735242,3694855680,1207959552,0.006312725134193897,MLA layer 3,1
7,8,2,8192,8192,fp8_e4m3,2.3293120861053467,2.3593497462570667,304677888,4718592,0.0,MLA layer 3,1
7,8,2,131072,8192,fp8_e4m3,102.52243041992188,102.54733311012387,2061960704,75497472,0.004397677723318338,MLA layer 3,1
7,8,2,1048576,8192,fp8_e4m3,4314.7734375,4314.725362695754,3694855680,603979776,0.006420935969799757,MLA layer 3,1
7,4,4,8192,8192,bfloat16,2.579871892929077,2.618033904582262,482411520,9437184,0.0,MLA layer 3,1
7,4,4,131072,8192,bfloat16,161.06985473632812,161.09500592574477,3713992192,150994944,0.004635257180780172,MLA layer 3,1
7,4,4,1048576,8192,bfloat16,8065.763671875,8065.657364204526,5911283200,1207959552,0.006740302313119173,MLA layer 3,1
7,4,4,8192,8192,fp8_e4m3,2.5311999320983887,2.562100999057293,482411520,4718592,0.0,MLA layer 3,1
7,4,4,131072,8192,fp8_e4m3,160.25193786621094,160.27540992945433,3713992192,75497472,0.004787754733115435,MLA layer 3,1
7,4,4,1048576,8192,fp8_e4m3,8111.74609375,8111.643538810313,5911283200,603979776,0.0068412357941269875,MLA layer 3,1
8,16,1,8192,8192,bfloat16,12.22374439239502,12.294033891521394,215811072,9437184,0.0,MLA layer 3,1
8,16,1,131072,8192,bfloat16,7612.49462890625,7612.5320619903505,1236010496,150994944,0.004252754617482424,MLA layer 3,1
8,16,1,1048576,8192,bfloat16,2971.843505859375,2971.8722759280354,2586183168,1207959552,0.006312869489192963,MLA layer 3,1
8,16,1,1048576,4096,bfloat16,3800.53564453125,3800.5832619965076,2476279296,1207959552,0.006080470513552427,MLA layer 3,1
8,16,1,1048576,16384,bfloat16,1982.015380859375,1982.0505329407752,2803893760,1207959552,0.006186738610267639,MLA layer 3,1
8,16,1,8192,8192,fp8_e4m3,3.343071937561035,3.374299965798855,215811072,4718592,0.0,MLA layer 3,1
8,16,1,131072,8192,fp8_e4m3,86.58489227294922,86.62067097611725,1236010496,75497472,0.004408787935972214,MLA layer 3,1
8,16,1,1048576,8192,fp8_e4m3,2941.015625,2941.0449529532343,2586183168,603979776,0.006423066835850477,MLA layer 3,1
8,16,1,1048576,4096,fp8_e4m3,3945.004638671875,3945.040262071416,2476279296,603979776,0.00626356853172183,MLA layer 3,1
8,16,1,1048576,16384,fp8_e4m3,2016.9981689453125,2017.0291230315343,2803893760,603979776,0.006239296402782202,MLA layer 3,1
8,8,2,8192,8192,bfloat16,3.175487995147705,3.2160610426217318,304677888,9437184,0.0,MLA layer 3,1
8,8,2,131072,8192,bfloat16,106.63433837890625,106.66397796012461,2061960704,150994944,0.004243088886141777,MLA layer 3,1
8,8,2,1048576,8192,bfloat16,4369.8583984375,4369.891927926801,3694855680,1207959552,0.006312725134193897,MLA layer 3,1
8,8,2,8192,8192,fp8_e4m3,2.5276479721069336,2.5568288983777165,304677888,4718592,0.0,MLA layer 3,1
8,8,2,131072,8192,fp8_e4m3,106.40032196044922,106.4306020271033,2061960704,75497472,0.004397677723318338,MLA layer 3,1
8,8,2,1048576,8192,fp8_e4m3,4491.49072265625,4491.521141957492,3694855680,603979776,0.006420935969799757,MLA layer 3,1
8,4,4,8192,8192,bfloat16,3.471712112426758,3.5156760131940246,482411520,9437184,0.0,MLA layer 3,1
8,4,4,131072,8192,bfloat16,166.98931884765625,167.01927105896175,3713992192,150994944,0.004635781981050968,MLA layer 3,1
8,4,4,1048576,8192,bfloat16,8519.4794921875,8519.501916016452,5911283200,1207959552,0.006738480180501938,MLA layer 3,1
8,4,4,8192,8192,fp8_e4m3,3.69052791595459,3.723995992913842,482411520,4718592,0.0,MLA layer 3,1
8,4,4,131072,8192,fp8_e4m3,163.64483642578125,163.67565898690373,3713992192,75497472,0.004787429701536894,MLA layer 3,1
8,4,4,1048576,8192,fp8_e4m3,8632.326171875,8632.352818036452,5911283200,603979776,0.006839616224169731,MLA layer 3,1
9,16,1,8192,8192,bfloat16,10.512767791748047,10.76485204976052,215811072,9437184,0.0,MLA layer 3,1
9,16,1,131072,8192,bfloat16,7612.4345703125,7612.471294007264,1236010496,150994944,0.004252754617482424,MLA layer 3,1
9,16,1,1048576,8192,bfloat16,2971.649169921875,2971.6872210847214,2586183168,1207959552,0.006312869489192963,MLA layer 3,1
9,16,1,1048576,4096,bfloat16,3800.57080078125,3800.6175979971886,2476279296,1207959552,0.006080470513552427,MLA layer 3,1
9,16,1,1048576,16384,bfloat16,1981.9361572265625,1981.9807090098038,2803893760,1207959552,0.006186738610267639,MLA layer 3,1
9,16,1,8192,8192,fp8_e4m3,3.3110079765319824,3.3520919969305396,215811072,4718592,0.0,MLA layer 3,1
9,16,1,131072,8192,fp8_e4m3,86.2733154296875,86.31654398050159,1236010496,75497472,0.004408787935972214,MLA layer 3,1
9,16,1,1048576,8192,fp8_e4m3,2940.90869140625,2940.947864903137,2586183168,603979776,0.006423066835850477,MLA layer 3,1
9,16,1,1048576,4096,fp8_e4m3,3944.802490234375,3944.8412540368736,2476279296,603979776,0.00626356853172183,MLA layer 3,1
9,16,1,1048576,16384,fp8_e4m3,2016.7340087890625,2016.7782111093402,2803893760,603979776,0.006239296402782202,MLA layer 3,1
9,8,2,8192,8192,bfloat16,2.9890239238739014,3.044700948521495,304677888,9437184,0.0,MLA layer 3,1
9,8,2,131072,8192,bfloat16,106.55123138427734,106.58733791206032,2061960704,150994944,0.004243088886141777,MLA layer 3,1
9,8,2,1048576,8192,bfloat16,4369.798828125,4369.831063901074,3694855680,1207959552,0.006312725134193897,MLA layer 3,1
9,8,2,8192,8192,fp8_e4m3,2.343967914581299,2.3839010391384363,304677888,4718592,0.0,MLA layer 3,1
9,8,2,131072,8192,fp8_e4m3,106.17375946044922,106.2184419715777,2061960704,75497472,0.004397677723318338,MLA layer 3,1
9,8,2,1048576,8192,fp8_e4m3,4491.30419921875,4491.340053966269,3694855680,603979776,0.006420935969799757,MLA layer 3,1
9,4,4,8192,8192,bfloat16,3.400831937789917,3.46287596039474,482411520,9437184,0.0,MLA layer 3,1
9,4,4,131072,8192,bfloat16,166.89517211914062,166.93194303661585,3713992192,150994944,0.004635781981050968,MLA layer 3,1
9,4,4,1048576,8192,bfloat16,8519.3271484375,8519.360924023204,5911283200,1207959552,0.006738480180501938,MLA layer 3,1
9,4,4,8192,8192,fp8_e4m3,3.463104009628296,3.5158999962732196,482411520,4718592,0.0,MLA layer 3,1
9,4,4,131072,8192,fp8_e4m3,163.51548767089844,163.55393105186522,3713992192,75497472,0.004787429701536894,MLA layer 3,1
9,4,4,1048576,8192,fp8_e4m3,8632.2109375,8632.241330924444,5911283200,603979776,0.006839616224169731,MLA layer 3,1
10,16,1,8192,8192,bfloat16,12.29417610168457,12.34728202689439,215811072,9437184,0.0,MLA layer 3,1
10,16,1,131072,8192,bfloat16,7612.51806640625,7612.548478064127,1236010496,150994944,0.004252754617482424,MLA layer 3,1
10,16,1,1048576,8192,bfloat16,2971.8466796875,2971.8737159855664,2586183168,1207959552,0.006312869489192963,MLA layer 3,1
10,16,1,1048576,4096,bfloat16,3800.644775390625,3800.672029959969,2476279296,1207959552,0.006080470513552427,MLA layer 3,1
10,16,1,1048576,16384,bfloat16,1982.051513671875,1982.079460984096,2803893760,1207959552,0.006186738610267639,MLA layer 3,1
10,16,1,8192,8192,fp8_e4m3,3.353087902069092,3.3820440294221044,215811072,4718592,0.0,MLA layer 3,1
10,16,1,131072,8192,fp8_e4m3,86.61888122558594,86.64767898153514,1236010496,75497472,0.004408787935972214,MLA layer 3,1
10,16,1,1048576,8192,fp8_e4m3,2941.037109375,2941.0622969735414,2586183168,603979776,0.006423066835850477,MLA layer 3,1
10,16,1,1048576,4096,fp8_e4m3,3945.059814453125,3945.088325999677,2476279296,603979776,0.00626356853172183,MLA layer 3,1
10,16,1,1048576,16384,fp8_e4m3,2017.0263671875,2017.0568350004032,2803893760,603979776,0.006239296402782202,MLA layer 3,1
10,8,2,8192,8192,bfloat16,3.1739840507507324,3.2132769702002406,304677888,9437184,0.0,MLA layer 3,1
10,8,2,131072,8192,bfloat16,106.6421127319336,106.66736995335668,2061960704,150994944,0.004243088886141777,MLA layer 3,1
10,8,2,1048576,8192,bfloat16,4369.87060546875,4369.895544019528,3694855680,1207959552,0.006312725134193897,MLA layer 3,1
10,8,2,8192,8192,fp8_e4m3,2.52239990234375,2.5502049829810858,304677888,4718592,0.0,MLA layer 3,1
10,8,2,131072,8192,fp8_e4m3,106.41007995605469,106.43725795671344,2061960704,75497472,0.004397677723318338,MLA layer 3,1
10,8,2,1048576,8192,fp8_e4m3,4491.4970703125,4491.522261989303,3694855680,603979776,0.006420935969799757,MLA layer 3,1
10,4,4,8192,8192,bfloat16,3.53983998298645,3.5810519475489855,482411520,9437184,0.0,MLA layer 3,1
10,4,4,131072,8192,bfloat16,167.00262451171875,167.03146300278604,3713992192,150994944,0.004635781981050968,MLA layer 3,1
10,4,4,1048576,8192,bfloat16,8519.50390625,8519.523515948094,5911283200,1207959552,0.006738480180501938,MLA layer 3,1
10,4,4,8192,8192,fp8_e4m3,3.712768077850342,3.7444119807332754,482411520,4718592,0.0,MLA layer 3,1
10,4,4,131072,8192,fp8_e4m3,163.661376953125,163.6889069341123,3713992192,75497472,0.004787429701536894,MLA layer 3,1
10,4,4,1048576,8192,fp8_e4m3,8632.3330078125,8632.353041903116,5911283200,603979776,0.006839616224169731,MLA layer 3,1
11,16,1,8192,8192,bfloat16,12.29094409942627,12.346097966656089,215811072,9437184,0.0,MLA layer 3,1
11,16,1,131072,8192,bfloat16,7612.51806640625,7612.549757934175,1236010496,150994944,0.004252754617482424,MLA layer 3,1
11,16,1,1048576,8192,bfloat16,2971.844970703125,2971.8731719767675,2586183168,1207959552,0.006312869489192963,MLA layer 3,1
11,16,1,1048576,4096,bfloat16,3800.645263671875,3800.673182005994,2476279296,1207959552,0.006080470513552427,MLA layer 3,1
11,16,1,1048576,16384,bfloat16,1982.045166015625,1982.0752369705588,2803893760,1207959552,0.006186738610267639,MLA layer 3,1
11,16,1,8192,8192,fp8_e4m3,3.3558080196380615,3.3850519685074687,215811072,4718592,0.0,MLA layer 3,1
11,16,1,131072,8192,fp8_e4m3,86.6190414428711,86.64675091858953,1236010496,75497472,0.004408787935972214,MLA layer 3,1
11,16,1,1048576,8192,fp8_e4m3,2941.01953125,2941.0484089748934,2586183168,603979776,0.006423066835850477,MLA layer 3,1
11,16,1,1048576,4096,fp8_e4m3,3945.056884765625,3945.085061946884,2476279296,603979776,0.00626356853172183,MLA layer 3,1
11,16,1,1048576,16384,fp8_e4m3,2017.0142822265625,2017.0455389888957,2803893760,603979776,0.006239296402782202,MLA layer 3,1
11,8,2,8192,8192,bfloat16,3.174623966217041,3.2148449681699276,304677888,9437184,0.0,MLA layer 3,1
11,8,2,131072,8192,bfloat16,106.64380645751953,106.67249001562595,2061960704,150994944,0.004243088886141777,MLA layer 3,1
11,8,2,1048576,8192,bfloat16,4369.8720703125,4369.896056014113,3694855680,1207959552,0.006312725134193897,MLA layer 3,1
11,8,2,8192,8192,fp8_e4m3,2.522559881210327,2.551357029005885,304677888,4718592,0.0,MLA layer 3,1
11,8,2,131072,8192,fp8_e4m3,106.4090576171875,106.43722605891526,2061960704,75497472,0.004397677723318338,MLA layer 3,1
11,8,2,1048576,8192,fp8_e4m3,4491.48974609375,4491.517877904698,3694855680,603979776,0.006420935969799757,MLA layer 3,1
11,4,4,8192,8192,bfloat16,3.538144111633301,3.5859800409525633,482411520,9437184,0.0,MLA layer 3,1
11,4,4,131072,8192,bfloat16,166.99891662597656,167.02845494728535,3713992192,150994944,0.004635781981050968,MLA layer 3,1
11,4,4,1048576,8192,bfloat16,8519.4873046875,8519.512188038789,5911283200,1207959552,0.006738480180501938,MLA layer 3,1
11,4,4,8192,8192,fp8_e4m3,3.7034881114959717,3.734812024049461,482411520,4718592,0.0,MLA layer 3,1
11,4,4,131072,8192,fp8_e4m3,163.63670349121094,163.6659629875794,3713992192,75497472,0.004787429701536894,MLA layer 3,1
11,4,4,1048576,8192,fp8_e4m3,8632.3349609375,8632.355698035099,5911283200,603979776,0.006839616224169731,MLA layer 3,1
12,16,1,8192,8192,bfloat16,12.133631706237793,12.208330444991589,215811072,9437184,0.0,MLA layer 3,1
12,16,1,131072,8192,bfloat16,7612.52587890625,7612.518227659166,1236010496,150994944,0.004252754617482424,MLA layer 3,1
12,16,1,1048576,8192,bfloat16,2971.78369140625,2971.802895888686,2586183168,1207959552,0.006312869489192963,MLA layer 3,1
12,16,1,1048576,4096,bfloat16,3800.630126953125,3800.6466580554843,2476279296,1207959552,0.006080470513552427,MLA layer 3,1
12,16,1,1048576,16384,bfloat16,1982.0008544921875,1982.027885504067,2803893760,1207959552,0.006186738610267639,MLA layer 3,1
12,16,1,8192,8192,fp8_e4m3,3.2174720764160156,3.267786465585232,215811072,4718592,0.0,MLA layer 3,1
12,16,1,131072,8192,fp8_e4m3,86.52310180664062,86.56203001737595,1236010496,75497472,0.004408787935972214,MLA layer 3,1
12,16,1,1048576,8192,fp8_e4m3,2940.72509765625,2940.7538566738367,2586183168,603979776,0.006423066835850477,MLA layer 3,1
12,16,1,1048576,4096,fp8_e4m3,3944.916015625,3944.9344221502542,2476279296,603979776,0.00626356853172183,MLA layer 3,1
12,16,1,1048576,16384,fp8_e4m3,2016.79931640625,2016.8273262679577,2803893760,603979776,0.006239296402782202,MLA layer 3,1
12,8,2,8192,8192,bfloat16,2.9918720722198486,3.0523641034960747,304677888,9437184,0.0,MLA layer 3,1
12,8,2,131072,8192,bfloat16,106.54243469238281,106.57937545329332,2061960704,150994944,0.004243088886141777,MLA layer 3,1
12,8,2,1048576,8192,bfloat16,4369.73291015625,4369.748575612903,3694855680,1207959552,0.006312725134193897,MLA layer 3,1
12,8,2,8192,8192,fp8_e4m3,2.3185598850250244,2.3551201447844505,304677888,4718592,0.0,MLA layer 3,1
12,8,2,131072,8192,fp8_e4m3,106.35711669921875,106.39154259115458,2061960704,75497472,0.004397677723318338,MLA layer 3,1
12,8,2,1048576,8192,fp8_e4m3,4491.35302734375,4491.361660882831,3694855680,603979776,0.006420935969799757,MLA layer 3,1
12,4,4,8192,8192,bfloat16,2.862368106842041,2.914861775934696,482411520,9437184,0.0,MLA layer 3,1
12,4,4,131072,8192,bfloat16,167.63104248046875,167.66345873475075,3713992192,150994944,0.004635781981050968,MLA layer 3,1
12,4,4,1048576,8192,bfloat16,8091.46630859375,8091.456428170204,5911283200,1207959552,0.006738480180501938,MLA layer 3,1
12,4,4,8192,8192,fp8_e4m3,3.3684799671173096,3.4094182774424553,482411520,4718592,0.0,MLA layer 3,1
12,4,4,131072,8192,fp8_e4m3,166.8047332763672,166.85288585722446,3713992192,75497472,0.004787429701536894,MLA layer 3,1
12,4,4,1048576,8192,fp8_e4m3,8132.98095703125,8132.97885004431,5911283200,603979776,0.006839616224169731,MLA layer 3,1
13,16,1,8192,8192,bfloat16,12.1692476272583,12.2370021417737,215811072,9437184,0.0,MLA layer 3,1
13,16,1,131072,8192,bfloat16,7612.43701171875,7612.436980940402,1236010496,150994944,0.004252754617482424,MLA layer 3,1
13,16,1,1048576,8192,bfloat16,2971.6640625,2971.697968430817,2586183168,1207959552,0.006312869489192963,MLA layer 3,1
13,16,1,1048576,4096,bfloat16,3800.60205078125,3800.6205139681697,2476279296,1207959552,0.006080470513552427,MLA layer 3,1
13,16,1,1048576,16384,bfloat16,1981.974365234375,1982.0033414289355,2803893760,1207959552,0.006186738610267639,MLA layer 3,1
13,16,1,8192,8192,fp8_e4m3,2.9816319942474365,3.0395956709980965,215811072,4718592,0.0,MLA layer 3,1
13,16,1,131072,8192,fp8_e4m3,86.2227554321289,86.27774380147457,1236010496,75497472,0.004408787935972214,MLA layer 3,1
13,16,1,1048576,8192,fp8_e4m3,2940.9345703125,2940.9516155719757,2586183168,603979776,0.006423066835850477,MLA layer 3,1
13,16,1,1048576,4096,fp8_e4m3,3944.939208984375,3944.9493987485766,2476279296,603979776,0.00626356853172183,MLA layer 3,1
13,16,1,1048576,16384,fp8_e4m3,2016.7313232421875,2016.760447062552,2803893760,603979776,0.006239296402782202,MLA layer 3,1
13,8,2,8192,8192,bfloat16,3.002239942550659,3.0553722754120827,304677888,9437184,0.0,MLA layer 3,1
13,8,2,131072,8192,bfloat16,106.54764556884766,106.58072028309107,2061960704,150994944,0.004243088886141777,MLA layer 3,1
13,8,2,1048576,8192,bfloat16,4369.77978515625,4369.786015711725,3694855680,1207959552,0.006312725134193897,MLA layer 3,1
13,8,2,8192,8192,fp8_e4m3,2.2984960079193115,2.3429282009601593,304677888,4718592,0.0,MLA layer 3,1
13,8,2,131072,8192,fp8_e4m3,106.35971069335938,106.39067832380533,2061960704,75497472,0.004397677723318338,MLA layer 3,1
13,8,2,1048576,8192,fp8_e4m3,4491.4248046875,4491.430236957967,3694855680,603979776,0.006420935969799757,MLA layer 3,1
13,4,4,8192,8192,bfloat16,2.7635200023651123,2.8198212385177612,482411520,9437184,0.0,MLA layer 3,1
13,4,4,131072,8192,bfloat16,167.5616912841797,167.61088371276855,3713992192,150994944,0.004635781981050968,MLA layer 3,1
13,4,4,1048576,8192,bfloat16,8091.54443359375,8091.5258359164,5911283200,1207959552,0.006738480180501938,MLA layer 3,1
13,4,4,8192,8192,fp8_e4m3,3.0100479125976562,3.0711479485034943,482411520,4718592,0.0,MLA layer 3,1
13,4,4,131072,8192,fp8_e4m3,166.8643798828125,166.90037306398153,3713992192,75497472,0.004787429701536894,MLA layer 3,1
13,4,4,1048576,8192,fp8_e4m3,8133.080078125,8133.068865165114,5911283200,603979776,0.006839616224169731,MLA layer 3,1
14,16,1,8192,8192,bfloat16,12.282048225402832,12.334025464951992,215811072,9437184,0.0,MLA layer 3,1
14,16,1,131072,8192,bfloat16,7612.5576171875,7612.544947303832,1236010496,150994944,0.004252754617482424,MLA layer 3,1
14,16,1,1048576,8192,bfloat16,2971.855224609375,2971.8671841546893,2586183168,1207959552,0.006312869489192963,MLA layer 3,1
14,16,1,1048576,4096,bfloat16,3800.651123046875,3800.663074478507,2476279296,1207959552,0.006080470513552427,MLA layer 3,1
14,16,1,1048576,16384,bfloat16,1982.030517578125,1982.0614196360111,2803893760,1207959552,0.006186738610267639,MLA layer 3,1
14,16,1,8192,8192,fp8_e4m3,3.343967914581299,3.375752829015255,215811072,4718592,0.0,MLA layer 3,1
14,16,1,131072,8192,fp8_e4m3,86.61929321289062,86.64900623261929,1236010496,75497472,0.004408787935972214,MLA layer 3,1
14,16,1,1048576,8192,fp8_e4m3,2941.026611328125,2941.0394225269556,2586183168,603979776,0.006423066835850477,MLA layer 3,1
14,16,1,1048576,4096,fp8_e4m3,3945.074951171875,3945.084372535348,2476279296,603979776,0.00626356853172183,MLA layer 3,1
14,16,1,1048576,16384,fp8_e4m3,2016.95556640625,2016.9804459437728,2803893760,603979776,0.006239296402782202,MLA layer 3,1
14,8,2,8192,8192,bfloat16,3.1705920696258545,3.211851231753826,304677888,9437184,0.0,MLA layer 3,1
14,8,2,131072,8192,bfloat16,106.62198638916016,106.65422305464745,2061960704,150994944,0.004243088886141777,MLA layer 3,1
14,8,2,1048576,8192,bfloat16,4369.849609375,4369.853439740837,3694855680,1207959552,0.006312725134193897,MLA layer 3,1
14,8,2,8192,8192,fp8_e4m3,2.460767984390259,2.4946704506874084,304677888,4718592,0.0,MLA layer 3,1
14,8,2,131072,8192,fp8_e4m3,106.40735626220703,106.43807053565979,2061960704,75497472,0.004397677723318338,MLA layer 3,1
14,8,2,1048576,8192,fp8_e4m3,4491.498046875,4491.501436568797,3694855680,603979776,0.006420935969799757,MLA layer 3,1
14,4,4,8192,8192,bfloat16,2.910367965698242,2.9509561136364937,482411520,9437184,0.0,MLA layer 3,1
14,4,4,131072,8192,bfloat16,167.6379852294922,167.67126694321632,3713992192,150994944,0.004635781981050968,MLA layer 3,1
14,4,4,1048576,8192,bfloat16,8091.5869140625,8091.5682362392545,5911283200,1207959552,0.006738480180501938,MLA layer 3,1
14,4,4,8192,8192,fp8_e4m3,3.315743923187256,3.368905745446682,482411520,4718592,0.0,MLA layer 3,1
14,4,4,131072,8192,fp8_e4m3,166.94972229003906,166.98235739022493,3713992192,75497472,0.004787429701536894,MLA layer 3,1
14,4,4,1048576,8192,fp8_e4m3,8133.12109375,8133.101888932288,5911283200,603979776,0.006839616224169731,MLA layer 3,1
15,16,1,8192,8192,bfloat16,12.290975570678711,12.339976616203785,215811072,9437184,0.0,MLA layer 3,1
15,16,1,131072,8192,bfloat16,7612.5595703125,7612.544563598931,1236010496,150994944,0.004252754617482424,MLA layer 3,1
15,16,1,1048576,8192,bfloat16,2971.856201171875,2971.8656158074737,2586183168,1207959552,0.006312869489192963,MLA layer 3,1
15,16,1,1048576,4096,bfloat16,3800.652099609375,3800.659202039242,2476279296,1207959552,0.006080470513552427,MLA layer 3,1
15,16,1,1048576,16384,bfloat16,1982.0321044921875,1982.0589246228337,2803893760,1207959552,0.006186738610267639,MLA layer 3,1
15,16,1,8192,8192,fp8_e4m3,3.3477120399475098,3.3754967153072357,215811072,4718592,0.0,MLA layer 3,1
15,16,1,131072,8192,fp8_e4m3,86.6192626953125,86.64548583328724,1236010496,75497472,0.004408787935972214,MLA layer 3,1
15,16,1,1048576,8192,fp8_e4m3,2941.03173828125,2941.038335673511,2586183168,603979776,0.006423066835850477,MLA layer 3,1
15,16,1,1048576,4096,fp8_e4m3,3945.070068359375,3945.0738774612546,2476279296,603979776,0.00626356853172183,MLA layer 3,1
15,16,1,1048576,16384,fp8_e4m3,2016.9365234375,2016.9552937150002,2803893760,603979776,0.006239296402782202,MLA layer 3,1
15,8,2,8192,8192,bfloat16,3.1677439212799072,3.210858441889286,304677888,9437184,0.0,MLA layer 3,1
15,8,2,131072,8192,bfloat16,106.6226577758789,106.64910357445478,2061960704,150994944,0.004243088886141777,MLA layer 3,1
15,8,2,1048576,8192,bfloat16,4369.86328125,4369.862142950296,3694855680,1207959552,0.006312725134193897,MLA layer 3,1
15,8,2,8192,8192,fp8_e4m3,2.4629440307617188,2.4939673021435738,304677888,4718592,0.0,MLA layer 3,1
15,8,2,131072,8192,fp8_e4m3,106.40777587890625,106.43429402261972,2061960704,75497472,0.004397677723318338,MLA layer 3,1
15,8,2,1048576,8192,fp8_e4m3,4491.49365234375,4491.493243724108,3694855680,603979776,0.006420935969799757,MLA layer 3,1
15,4,4,8192,8192,bfloat16,2.9147839546203613,2.952779643237591,482411520,9437184,0.0,MLA layer 3,1
15,4,4,131072,8192,bfloat16,167.64553833007812,167.67369862645864,3713992192,150994944,0.004635781981050968,MLA layer 3,1
15,4,4,1048576,8192,bfloat16,8091.60498046875,8091.582699678838,5911283200,1207959552,0.006738480180501938,MLA layer 3,1
15,4,4,8192,8192,fp8_e4m3,3.2755839824676514,3.315337933599949,482411520,4718592,0.0,MLA layer 3,1
15,4,4,131072,8192,fp8_e4m3,166.9486083984375,166.977908462286,3713992192,75497472,0.004787429701536894,MLA layer 3,1
15,4,4,1048576,8192,fp8_e4m3,8133.12548828125,8133.102273568511,5911283200,603979776,0.006839616224169731,MLA layer 3,1
