rank,tp,dp,phase,batch_per_dp,chunk,ms,dynamic_peak_bytes,state_bytes
0,1,16,prefill,1,1024,2.5509119033813477,881442816,3440640
0,1,16,prefill,1,8192,14.290656089782715,7048445952,3440640
0,1,16,prefill,1,16384,28.56697654724121,14096449536,3440640
0,1,16,decode,1,1,0.6824960112571716,246272,3440640
0,1,16,decode,8,1,0.6708800196647644,1969664,27525120
0,1,16,decode,32,1,0.6112959980964661,8468480,110100480
0,1,16,decode,128,1,0.5560320019721985,31580160,440401920
0,1,16,decode,256,1,0.6502400040626526,63029248,880803840
0,2,8,prefill,1,1024,2.1498239040374756,440721408,1720320
0,2,8,prefill,1,8192,7.877471923828125,3524222976,1720320
0,2,8,prefill,1,16384,15.153663635253906,7048224768,1720320
0,2,8,decode,1,1,0.8459839820861816,125440,1720320
0,2,8,decode,8,1,0.8283200263977051,1002496,13762560
0,2,8,decode,32,1,0.8462079763412476,4074496,55050240
0,2,8,decode,128,1,0.6976640224456787,16101376,220200960
0,2,8,decode,256,1,0.6309760212898254,32071680,440401920
0,4,4,prefill,1,1024,2.3102400302886963,220360704,860160
0,4,4,prefill,1,8192,4.82480001449585,1762111488,860160
0,4,4,prefill,1,16384,8.704895973205566,3524112384,860160
0,4,4,decode,1,1,0.9661440253257751,70144,860160
0,4,4,decode,8,1,0.9882559776306152,559616,6881280
0,4,4,decode,32,1,0.9658560156822205,2238464,27525120
0,4,4,decode,128,1,0.9574400186538696,9478144,110100480
0,4,4,decode,256,1,0.9123839735984802,17973248,220200960
0,8,2,prefill,1,1024,2.5868799686431885,110180352,430080
0,8,2,prefill,1,8192,3.8789761066436768,881055744,430080
0,8,2,prefill,1,16384,5.704895973205566,1762056192,430080
0,8,2,decode,1,1,1.244928002357483,42496,430080
0,8,2,decode,8,1,1.2459520101547241,338432,3440640
0,8,2,decode,32,1,1.121791958808899,1352704,13762560
0,8,2,decode,128,1,1.0321919918060303,5476352,55050240
0,8,2,decode,256,1,1.0342400074005127,10919936,110100480
0,16,1,prefill,1,1024,3.104095935821533,55843840,215040
0,16,1,prefill,1,8192,3.512576103210449,440527872,215040
0,16,1,prefill,1,16384,4.739295959472656,881028096,215040
0,16,1,decode,1,1,1.3363840579986572,28672,215040
0,16,1,decode,8,1,1.4285759925842285,227840,1720320
0,16,1,decode,32,1,1.2145600318908691,910336,6881280
0,16,1,decode,128,1,1.1151360273361206,3772416,27525120
0,16,1,decode,256,1,1.0966720581054688,8331264,55050240
1,1,16,prefill,1,1024,2.536832094192505,881442816,3440640
1,1,16,prefill,1,8192,14.32316780090332,7048445952,3440640
1,1,16,prefill,1,16384,28.574848175048828,14096449536,3440640
1,1,16,decode,1,1,0.6768959760665894,246272,3440640
1,1,16,decode,8,1,0.6389439702033997,1969664,27525120
1,1,16,decode,32,1,0.6512320041656494,8468480,110100480
1,1,16,decode,128,1,0.5550079941749573,31580160,440401920
1,1,16,decode,256,1,0.6509119868278503,63029248,880803840
1,2,8,prefill,1,1024,2.1573119163513184,440721408,1720320
1,2,8,prefill,1,8192,7.87667179107666,3524222976,1720320
1,2,8,prefill,1,16384,15.148768424987793,7048224768,1720320
1,2,8,decode,1,1,0.8449599742889404,125440,1720320
1,2,8,decode,8,1,0.8330559730529785,1002496,13762560
1,2,8,decode,32,1,0.8442239761352539,4074496,55050240
1,2,8,decode,128,1,0.6983680129051208,16101376,220200960
1,2,8,decode,256,1,0.6327040195465088,32071680,440401920
1,4,4,prefill,1,1024,2.3123199939727783,220360704,860160
1,4,4,prefill,1,8192,4.835904121398926,1762111488,860160
1,4,4,prefill,1,16384,8.71014404296875,3524112384,860160
1,4,4,decode,1,1,0.9682239890098572,70144,860160
1,4,4,decode,8,1,0.9919040203094482,559616,6881280
1,4,4,decode,32,1,0.962336003780365,2238464,27525120
1,4,4,decode,128,1,0.9594879746437073,9478144,110100480
1,4,4,decode,256,1,0.9154559969902039,17973248,220200960
1,8,2,prefill,1,1024,2.587455987930298,110180352,430080
1,8,2,prefill,1,8192,3.880415916442871,881055744,430080
1,8,2,prefill,1,16384,5.701280117034912,1762056192,430080
1,8,2,decode,1,1,1.2466559410095215,42496,430080
1,8,2,decode,8,1,1.2485120296478271,338432,3440640
1,8,2,decode,32,1,1.124735951423645,1352704,13762560
1,8,2,decode,128,1,1.0342719554901123,5476352,55050240
1,8,2,decode,256,1,1.0342400074005127,10919936,110100480
1,16,1,prefill,1,1024,3.0979840755462646,55843840,215040
1,16,1,prefill,1,8192,3.505631923675537,440527872,215040
1,16,1,prefill,1,16384,4.737279891967773,881028096,215040
1,16,1,decode,1,1,1.341312050819397,28672,215040
1,16,1,decode,8,1,1.4289599657058716,227840,1720320
1,16,1,decode,32,1,1.216480016708374,910336,6881280
1,16,1,decode,128,1,1.118016004562378,3772416,27525120
1,16,1,decode,256,1,1.1001919507980347,8331264,55050240
2,1,16,prefill,1,1024,3.011104106903076,881442816,3440640
2,1,16,prefill,1,8192,14.51587200164795,7048445952,3440640
2,1,16,prefill,1,16384,28.70639991760254,14096449536,3440640
2,1,16,decode,1,1,0.6797119975090027,246272,3440640
2,1,16,decode,8,1,0.6924480199813843,1969664,27525120
2,1,16,decode,32,1,0.7508800029754639,8468480,110100480
2,1,16,decode,128,1,0.6287680268287659,31580160,440401920
2,1,16,decode,256,1,0.6513599753379822,63029248,880803840
2,2,8,prefill,1,1024,2.5724799633026123,440721408,1720320
2,2,8,prefill,1,8192,8.018336296081543,3524222976,1720320
2,2,8,prefill,1,16384,15.285920143127441,7048224768,1720320
2,2,8,decode,1,1,1.0138239860534668,125440,1720320
2,2,8,decode,8,1,1.0092159509658813,1002496,13762560
2,2,8,decode,32,1,0.9705600142478943,4074496,55050240
2,2,8,decode,128,1,0.8352640271186829,16101376,220200960
2,2,8,decode,256,1,0.7691519856452942,32071680,440401920
2,4,4,prefill,1,1024,2.306112051010132,220360704,860160
2,4,4,prefill,1,8192,4.814527988433838,1762111488,860160
2,4,4,prefill,1,16384,8.689151763916016,3524112384,860160
2,4,4,decode,1,1,0.9543359875679016,70144,860160
2,4,4,decode,8,1,0.9746559858322144,559616,6881280
2,4,4,decode,32,1,0.9467200040817261,2238464,27525120
2,4,4,decode,128,1,0.9410240054130554,9478144,110100480
2,4,4,decode,256,1,0.8915519714355469,17973248,220200960
2,8,2,prefill,1,1024,2.566528081893921,110180352,430080
2,8,2,prefill,1,8192,3.8592960834503174,881055744,430080
2,8,2,prefill,1,16384,5.675680160522461,1762056192,430080
2,8,2,decode,1,1,1.2378560304641724,42496,430080
2,8,2,decode,8,1,1.2245759963989258,338432,3440640
2,8,2,decode,32,1,1.102112054824829,1352704,13762560
2,8,2,decode,128,1,1.0297280550003052,5476352,55050240
2,8,2,decode,256,1,1.0291199684143066,10919936,110100480
2,16,1,prefill,1,1024,3.063904047012329,55843840,215040
2,16,1,prefill,1,8192,3.4833600521087646,440527872,215040
2,16,1,prefill,1,16384,4.712831974029541,881028096,215040
2,16,1,decode,1,1,1.3197439908981323,28672,215040
2,16,1,decode,8,1,1.3973759412765503,227840,1720320
2,16,1,decode,32,1,1.1904959678649902,910336,6881280
2,16,1,decode,128,1,1.0872639417648315,3772416,27525120
2,16,1,decode,256,1,1.0716480016708374,8331264,55050240
3,1,16,prefill,1,1024,2.6285760402679443,881442816,3440640
3,1,16,prefill,1,8192,14.294272422790527,7048445952,3440640
3,1,16,prefill,1,16384,28.599775314331055,14096449536,3440640
3,1,16,decode,1,1,0.6881920099258423,246272,3440640
3,1,16,decode,8,1,0.6152960062026978,1969664,27525120
3,1,16,decode,32,1,0.8240000009536743,8468480,110100480
3,1,16,decode,128,1,0.579584002494812,31580160,440401920
3,1,16,decode,256,1,0.6503999829292297,63029248,880803840
3,2,8,prefill,1,1024,2.5768320560455322,440721408,1720320
3,2,8,prefill,1,8192,8.028223991394043,3524222976,1720320
3,2,8,prefill,1,16384,15.298080444335938,7048224768,1720320
3,2,8,decode,1,1,1.0162880420684814,125440,1720320
3,2,8,decode,8,1,1.0127359628677368,1002496,13762560
3,2,8,decode,32,1,0.9775679707527161,4074496,55050240
3,2,8,decode,128,1,0.8339200019836426,16101376,220200960
3,2,8,decode,256,1,0.7740479707717896,32071680,440401920
3,4,4,prefill,1,1024,2.30947208404541,220360704,860160
3,4,4,prefill,1,8192,4.809055805206299,1762111488,860160
3,4,4,prefill,1,16384,8.693535804748535,3524112384,860160
3,4,4,decode,1,1,0.9479359984397888,70144,860160
3,4,4,decode,8,1,0.9907839894294739,559616,6881280
3,4,4,decode,32,1,0.9657599925994873,2238464,27525120
3,4,4,decode,128,1,0.9572160243988037,9478144,110100480
3,4,4,decode,256,1,0.9103360176086426,17973248,220200960
3,8,2,prefill,1,1024,2.5787839889526367,110180352,430080
3,8,2,prefill,1,8192,3.876703977584839,881055744,430080
3,8,2,prefill,1,16384,5.704895973205566,1762056192,430080
3,8,2,decode,1,1,1.2431360483169556,42496,430080
3,8,2,decode,8,1,1.246016025543213,338432,3440640
3,8,2,decode,32,1,1.1240639686584473,1352704,13762560
3,8,2,decode,128,1,1.034783959388733,5476352,55050240
3,8,2,decode,256,1,1.0330239534378052,10919936,110100480
3,16,1,prefill,1,1024,3.100224018096924,55843840,215040
3,16,1,prefill,1,8192,3.5084800720214844,440527872,215040
3,16,1,prefill,1,16384,4.7292799949646,881028096,215040
3,16,1,decode,1,1,1.3361599445343018,28672,215040
3,16,1,decode,8,1,1.4286079406738281,227840,1720320
3,16,1,decode,32,1,1.2158399820327759,910336,6881280
3,16,1,decode,128,1,1.1175999641418457,3772416,27525120
3,16,1,decode,256,1,1.097599983215332,8331264,55050240
4,1,16,prefill,1,1024,2.5652480125427246,881442816,3440640
4,1,16,prefill,1,8192,14.326399803161621,7048445952,3440640
4,1,16,prefill,1,16384,28.554271697998047,14096449536,3440640
4,1,16,decode,1,1,0.6577919721603394,246272,3440640
4,1,16,decode,8,1,0.6498879790306091,1969664,27525120
4,1,16,decode,32,1,0.6113280057907104,8468480,110100480
4,1,16,decode,128,1,0.554144024848938,31580160,440401920
4,1,16,decode,256,1,0.652288019657135,63029248,880803840
4,2,8,prefill,1,1024,2.277888059616089,440721408,1720320
4,2,8,prefill,1,8192,7.924704074859619,3524222976,1720320
4,2,8,prefill,1,16384,15.157888412475586,7048224768,1720320
4,2,8,decode,1,1,0.8605759739875793,125440,1720320
4,2,8,decode,8,1,0.8538240194320679,1002496,13762560
4,2,8,decode,32,1,0.8839359879493713,4074496,55050240
4,2,8,decode,128,1,0.7413759827613831,16101376,220200960
4,2,8,decode,256,1,0.669215977191925,32071680,440401920
4,4,4,prefill,1,1024,2.0448639392852783,220360704,860160
4,4,4,prefill,1,8192,4.640575885772705,1762111488,860160
4,4,4,prefill,1,16384,8.573439598083496,3524112384,860160
4,4,4,decode,1,1,0.7485120296478271,70144,860160
4,4,4,decode,8,1,0.7888960242271423,559616,6881280
4,4,4,decode,32,1,0.7603520154953003,2238464,27525120
4,4,4,decode,128,1,0.7349439859390259,9478144,110100480
4,4,4,decode,256,1,0.7110080122947693,17973248,220200960
4,8,2,prefill,1,1024,2.585536003112793,110180352,430080
4,8,2,prefill,1,8192,3.86246395111084,881055744,430080
4,8,2,prefill,1,16384,5.687839984893799,1762056192,430080
4,8,2,decode,1,1,1.2344640493392944,42496,430080
4,8,2,decode,8,1,1.2318079471588135,338432,3440640
4,8,2,decode,32,1,1.1128000020980835,1352704,13762560
4,8,2,decode,128,1,1.0289599895477295,5541888,55050240
4,8,2,decode,256,1,1.0346879959106445,11345920,110100480
4,16,1,prefill,1,1024,3.087712049484253,55090176,215040
4,16,1,prefill,1,8192,3.480544090270996,440527872,215040
4,16,1,prefill,1,16384,4.7093119621276855,881028096,215040
4,16,1,decode,1,1,1.3367999792099,28672,215040
4,16,1,decode,8,1,1.408735990524292,227840,1720320
4,16,1,decode,32,1,1.193600058555603,910336,6881280
4,16,1,decode,128,1,1.097216010093689,3674112,27525120
4,16,1,decode,256,1,1.0817919969558716,7970816,55050240
5,1,16,prefill,1,1024,2.5884480476379395,881442816,3440640
5,1,16,prefill,1,8192,14.315072059631348,7048445952,3440640
5,1,16,prefill,1,16384,28.568031311035156,14096449536,3440640
5,1,16,decode,1,1,0.6635839939117432,246272,3440640
5,1,16,decode,8,1,0.6651840209960938,1969664,27525120
5,1,16,decode,32,1,0.6174719929695129,8468480,110100480
5,1,16,decode,128,1,0.5654720067977905,31580160,440401920
5,1,16,decode,256,1,0.6516479849815369,63029248,880803840
5,2,8,prefill,1,1024,2.2823679447174072,440721408,1720320
5,2,8,prefill,1,8192,7.917503833770752,3524222976,1720320
5,2,8,prefill,1,16384,15.164959907531738,7048224768,1720320
5,2,8,decode,1,1,0.8598719835281372,125440,1720320
5,2,8,decode,8,1,0.8648319840431213,1002496,13762560
5,2,8,decode,32,1,0.8808640241622925,4074496,55050240
5,2,8,decode,128,1,0.741919994354248,16101376,220200960
5,2,8,decode,256,1,0.6739199757575989,32071680,440401920
5,4,4,prefill,1,1024,2.0454719066619873,220360704,860160
5,4,4,prefill,1,8192,4.642240047454834,1762111488,860160
5,4,4,prefill,1,16384,8.574239730834961,3524112384,860160
5,4,4,decode,1,1,0.7548800110816956,70144,860160
5,4,4,decode,8,1,0.7902719974517822,559616,6881280
5,4,4,decode,32,1,0.7556160092353821,2238464,27525120
5,4,4,decode,128,1,0.7406719923019409,9478144,110100480
5,4,4,decode,256,1,0.7105600237846375,17973248,220200960
5,8,2,prefill,1,1024,2.582655906677246,110180352,430080
5,8,2,prefill,1,8192,3.88102388381958,881055744,430080
5,8,2,prefill,1,16384,5.708479881286621,1762056192,430080
5,8,2,decode,1,1,1.2466239929199219,42496,430080
5,8,2,decode,8,1,1.2506239414215088,338432,3440640
5,8,2,decode,32,1,1.1233279705047607,1352704,13762560
5,8,2,decode,128,1,1.0368000268936157,5541888,55050240
5,8,2,decode,256,1,1.035264015197754,11345920,110100480
5,16,1,prefill,1,1024,3.103519916534424,55090176,215040
5,16,1,prefill,1,8192,3.5101120471954346,440527872,215040
5,16,1,prefill,1,16384,4.7323198318481445,881028096,215040
5,16,1,decode,1,1,1.3351999521255493,28672,215040
5,16,1,decode,8,1,1.428320050239563,227840,1720320
5,16,1,decode,32,1,1.2093440294265747,910336,6881280
5,16,1,decode,128,1,1.1153919696807861,3674112,27525120
5,16,1,decode,256,1,1.0979199409484863,7970816,55050240
6,1,16,prefill,1,1024,2.4395840167999268,881442816,3440640
6,1,16,prefill,1,8192,14.28662395477295,7048445952,3440640
6,1,16,prefill,1,16384,28.549535751342773,14096449536,3440640
6,1,16,decode,1,1,0.6302400231361389,246272,3440640
6,1,16,decode,8,1,0.605247974395752,1969664,27525120
6,1,16,decode,32,1,0.596992015838623,8468480,110100480
6,1,16,decode,128,1,0.5294079780578613,31580160,440401920
6,1,16,decode,256,1,0.650879979133606,63029248,880803840
6,2,8,prefill,1,1024,2.057215929031372,440721408,1720320
6,2,8,prefill,1,8192,7.867807865142822,3524222976,1720320
6,2,8,prefill,1,16384,15.14691162109375,7048224768,1720320
6,2,8,decode,1,1,0.7927039861679077,125440,1720320
6,2,8,decode,8,1,0.8087040185928345,1002496,13762560
6,2,8,decode,32,1,0.7868160009384155,4074496,55050240
6,2,8,decode,128,1,0.66348797082901,16101376,220200960
6,2,8,decode,256,1,0.599839985370636,32071680,440401920
6,4,4,prefill,1,1024,2.0461440086364746,220360704,860160
6,4,4,prefill,1,8192,4.650688171386719,1762111488,860160
6,4,4,prefill,1,16384,8.578975677490234,3524112384,860160
6,4,4,decode,1,1,0.7591680288314819,70144,860160
6,4,4,decode,8,1,0.791487991809845,559616,6881280
6,4,4,decode,32,1,0.7622720003128052,2238464,27525120
6,4,4,decode,128,1,0.739359974861145,9478144,110100480
6,4,4,decode,256,1,0.7096319794654846,17973248,220200960
6,8,2,prefill,1,1024,2.5912959575653076,110180352,430080
6,8,2,prefill,1,8192,3.883903980255127,881055744,430080
6,8,2,prefill,1,16384,5.70684814453125,1762056192,430080
6,8,2,decode,1,1,1.2488640546798706,42496,430080
6,8,2,decode,8,1,1.2503360509872437,338432,3440640
6,8,2,decode,32,1,1.1301120519638062,1352704,13762560
6,8,2,decode,128,1,1.0393600463867188,5541888,55050240
6,8,2,decode,256,1,1.0383679866790771,11345920,110100480
6,16,1,prefill,1,1024,3.104383945465088,55090176,215040
6,16,1,prefill,1,8192,3.505311965942383,440527872,215040
6,16,1,prefill,1,16384,4.739999771118164,881028096,215040
6,16,1,decode,1,1,1.3423999547958374,28672,215040
6,16,1,decode,8,1,1.4324480295181274,227840,1720320
6,16,1,decode,32,1,1.2280000448226929,910336,6881280
6,16,1,decode,128,1,1.1184639930725098,3674112,27525120
6,16,1,decode,256,1,1.099776029586792,7970816,55050240
7,1,16,prefill,1,1024,2.422624111175537,881442816,3440640
7,1,16,prefill,1,8192,14.269472122192383,7048445952,3440640
7,1,16,prefill,1,16384,28.567232131958008,14096449536,3440640
7,1,16,decode,1,1,0.6024640202522278,246272,3440640
7,1,16,decode,8,1,0.6064640283584595,1969664,27525120
7,1,16,decode,32,1,0.5550079941749573,8468480,110100480
7,1,16,decode,128,1,0.5222399830818176,31580160,440401920
7,1,16,decode,256,1,0.6502400040626526,63029248,880803840
7,2,8,prefill,1,1024,2.063391923904419,440721408,1720320
7,2,8,prefill,1,8192,7.87062406539917,3524222976,1720320
7,2,8,prefill,1,16384,15.149312019348145,7048224768,1720320
7,2,8,decode,1,1,0.7897599935531616,125440,1720320
7,2,8,decode,8,1,0.7972800135612488,1002496,13762560
7,2,8,decode,32,1,0.7813119888305664,4074496,55050240
7,2,8,decode,128,1,0.6686720252037048,16101376,220200960
7,2,8,decode,256,1,0.5959680080413818,32071680,440401920
7,4,4,prefill,1,1024,2.045248031616211,220360704,860160
7,4,4,prefill,1,8192,4.647103786468506,1762111488,860160
7,4,4,prefill,1,16384,8.579263687133789,3524112384,860160
7,4,4,decode,1,1,0.7600640058517456,70144,860160
7,4,4,decode,8,1,0.7996799945831299,559616,6881280
7,4,4,decode,32,1,0.7648320198059082,2238464,27525120
7,4,4,decode,128,1,0.7403519749641418,9478144,110100480
7,4,4,decode,256,1,0.7147840261459351,17973248,220200960
7,8,2,prefill,1,1024,2.590656042098999,110180352,430080
7,8,2,prefill,1,8192,3.8845438957214355,881055744,430080
7,8,2,prefill,1,16384,5.710591793060303,1762056192,430080
7,8,2,decode,1,1,1.2451839447021484,42496,430080
7,8,2,decode,8,1,1.2521920204162598,338432,3440640
7,8,2,decode,32,1,1.1310399770736694,1352704,13762560
7,8,2,decode,128,1,1.0372799634933472,5541888,55050240
7,8,2,decode,256,1,1.0363199710845947,11345920,110100480
7,16,1,prefill,1,1024,3.100800037384033,55090176,215040
7,16,1,prefill,1,8192,3.5069758892059326,440527872,215040
7,16,1,prefill,1,16384,4.733151912689209,881028096,215040
7,16,1,decode,1,1,1.3428159952163696,28672,215040
7,16,1,decode,8,1,1.437567949295044,227840,1720320
7,16,1,decode,32,1,1.2221120595932007,910336,6881280
7,16,1,decode,128,1,1.1217279434204102,3674112,27525120
7,16,1,decode,256,1,1.1015360355377197,7970816,55050240
8,1,16,prefill,1,1024,2.5578560829162598,881442816,3440640
8,1,16,prefill,1,8192,14.399168014526367,7048445952,3440640
8,1,16,prefill,1,16384,28.604991912841797,14096449536,3440640
8,1,16,decode,1,1,0.7390080094337463,246272,3440640
8,1,16,decode,8,1,0.730400025844574,1969664,27525120
8,1,16,decode,32,1,0.6903679966926575,8468480,110100480
8,1,16,decode,128,1,0.5816320180892944,31580160,440401920
8,1,16,decode,256,1,0.6513280272483826,63029248,880803840
8,2,8,prefill,1,1024,2.365312099456787,440721408,1720320
8,2,8,prefill,1,8192,7.951839923858643,3524222976,1720320
8,2,8,prefill,1,16384,15.246623992919922,7048224768,1720320
8,2,8,decode,1,1,0.8944000005722046,125440,1720320
8,2,8,decode,8,1,0.8622720241546631,1002496,13762560
8,2,8,decode,32,1,0.9121919870376587,4074496,55050240
8,2,8,decode,128,1,0.7704640030860901,16101376,220200960
8,2,8,decode,256,1,0.7299839854240417,32071680,440401920
8,4,4,prefill,1,1024,2.3252480030059814,220360704,860160
8,4,4,prefill,1,8192,4.781824111938477,1762111488,860160
8,4,4,prefill,1,16384,8.622176170349121,3524112384,860160
8,4,4,decode,1,1,0.788640022277832,70144,860160
8,4,4,decode,8,1,1.000223994255066,559616,6881280
8,4,4,decode,32,1,0.9650560021400452,2238464,27525120
8,4,4,decode,128,1,0.958079993724823,9478144,110100480
8,4,4,decode,256,1,0.9119359850883484,17973248,220200960
8,8,2,prefill,1,1024,2.3438398838043213,110180352,430080
8,8,2,prefill,1,8192,3.825119972229004,881055744,430080
8,8,2,prefill,1,16384,5.436607837677002,1762056192,430080
8,8,2,decode,1,1,1.013375997543335,42496,430080
8,8,2,decode,8,1,1.03056001663208,338432,3440640
8,8,2,decode,32,1,0.9136319756507874,1352704,13762560
8,8,2,decode,128,1,0.8963519930839539,5476352,55050240
8,8,2,decode,256,1,0.9530559778213501,10919936,110100480
8,16,1,prefill,1,1024,3.0959360599517822,55843840,215040
8,16,1,prefill,1,8192,3.490623950958252,440527872,215040
8,16,1,prefill,1,16384,4.716159820556641,881028096,215040
8,16,1,decode,1,1,1.3403520584106445,28672,215040
8,16,1,decode,8,1,1.4277759790420532,227840,1720320
8,16,1,decode,32,1,1.2186880111694336,910336,6881280
8,16,1,decode,128,1,1.1091840267181396,3772416,27525120
8,16,1,decode,256,1,1.088096022605896,8331264,55050240
9,1,16,prefill,1,1024,2.774656057357788,881442816,3440640
9,1,16,prefill,1,8192,14.272671699523926,7048445952,3440640
9,1,16,prefill,1,16384,28.526208877563477,14096449536,3440640
9,1,16,decode,1,1,0.6365759968757629,246272,3440640
9,1,16,decode,8,1,0.6002560257911682,1969664,27525120
9,1,16,decode,32,1,0.5988159775733948,8468480,110100480
9,1,16,decode,128,1,0.5447679758071899,31580160,440401920
9,1,16,decode,256,1,0.6509119868278503,63029248,880803840
9,2,8,prefill,1,1024,2.368799924850464,440721408,1720320
9,2,8,prefill,1,8192,7.958816051483154,3524222976,1720320
9,2,8,prefill,1,16384,15.248831748962402,7048224768,1720320
9,2,8,decode,1,1,0.9040319919586182,125440,1720320
9,2,8,decode,8,1,0.870464026927948,1002496,13762560
9,2,8,decode,32,1,0.9157119989395142,4074496,55050240
9,2,8,decode,128,1,0.7761920094490051,16101376,220200960
9,2,8,decode,256,1,0.7301120162010193,32071680,440401920
9,4,4,prefill,1,1024,2.3377280235290527,220360704,860160
9,4,4,prefill,1,8192,4.792736053466797,1762111488,860160
9,4,4,prefill,1,16384,8.631391525268555,3524112384,860160
9,4,4,decode,1,1,0.7862079739570618,70144,860160
9,4,4,decode,8,1,1.008128046989441,559616,6881280
9,4,4,decode,32,1,0.9810240268707275,2238464,27525120
9,4,4,decode,128,1,0.9666560292243958,9478144,110100480
9,4,4,decode,256,1,0.9195520281791687,17973248,220200960
9,8,2,prefill,1,1024,2.367136001586914,110180352,430080
9,8,2,prefill,1,8192,3.842560052871704,881055744,430080
9,8,2,prefill,1,16384,5.441887855529785,1762056192,430080
9,8,2,decode,1,1,1.0192960500717163,42496,430080
9,8,2,decode,8,1,1.0327359437942505,338432,3440640
9,8,2,decode,32,1,0.9160640239715576,1352704,13762560
9,8,2,decode,128,1,0.9023360013961792,5476352,55050240
9,8,2,decode,256,1,0.9572479724884033,10919936,110100480
9,16,1,prefill,1,1024,3.098464012145996,55843840,215040
9,16,1,prefill,1,8192,3.509216070175171,440527872,215040
9,16,1,prefill,1,16384,4.734752178192139,881028096,215040
9,16,1,decode,1,1,1.341055989265442,28672,215040
9,16,1,decode,8,1,1.42249596118927,227840,1720320
9,16,1,decode,32,1,1.2166080474853516,910336,6881280
9,16,1,decode,128,1,1.111583948135376,3772416,27525120
9,16,1,decode,256,1,1.0944960117340088,8331264,55050240
10,1,16,prefill,1,1024,2.4503679275512695,881442816,3440640
10,1,16,prefill,1,8192,14.246527671813965,7048445952,3440640
10,1,16,prefill,1,16384,28.50387191772461,14096449536,3440640
10,1,16,decode,1,1,0.5595200061798096,246272,3440640
10,1,16,decode,8,1,0.5789759755134583,1969664,27525120
10,1,16,decode,32,1,0.5396479964256287,8468480,110100480
10,1,16,decode,128,1,0.5109760165214539,31580160,440401920
10,1,16,decode,256,1,0.6488320231437683,63029248,880803840
10,2,8,prefill,1,1024,2.0451200008392334,440721408,1720320
10,2,8,prefill,1,8192,7.854368209838867,3524222976,1720320
10,2,8,prefill,1,16384,15.100671768188477,7048224768,1720320
10,2,8,decode,1,1,0.7872639894485474,125440,1720320
10,2,8,decode,8,1,0.7946239709854126,1002496,13762560
10,2,8,decode,32,1,0.8184319734573364,4074496,55050240
10,2,8,decode,128,1,0.6778879761695862,16101376,220200960
10,2,8,decode,256,1,0.6185280084609985,32071680,440401920
10,4,4,prefill,1,1024,2.34335994720459,220360704,860160
10,4,4,prefill,1,8192,4.799327850341797,1762111488,860160
10,4,4,prefill,1,16384,8.634143829345703,3524112384,860160
10,4,4,decode,1,1,0.7953600287437439,70144,860160
10,4,4,decode,8,1,1.0185600519180298,559616,6881280
10,4,4,decode,32,1,0.9889280200004578,2238464,27525120
10,4,4,decode,128,1,0.9688000082969666,9478144,110100480
10,4,4,decode,256,1,0.9205759763717651,17973248,220200960
10,8,2,prefill,1,1024,2.3686399459838867,110180352,430080
10,8,2,prefill,1,8192,3.842560052871704,881055744,430080
10,8,2,prefill,1,16384,5.443007946014404,1762056192,430080
10,8,2,decode,1,1,1.0229439735412598,42496,430080
10,8,2,decode,8,1,1.039423942565918,338432,3440640
10,8,2,decode,32,1,0.9207040071487427,1352704,13762560
10,8,2,decode,128,1,0.9031680226325989,5476352,55050240
10,8,2,decode,256,1,0.9574400186538696,10919936,110100480
10,16,1,prefill,1,1024,3.1039679050445557,55843840,215040
10,16,1,prefill,1,8192,3.514591932296753,440527872,215040
10,16,1,prefill,1,16384,4.738656044006348,881028096,215040
10,16,1,decode,1,1,1.3445440530776978,28672,215040
10,16,1,decode,8,1,1.430624008178711,227840,1720320
10,16,1,decode,32,1,1.2284799814224243,910336,6881280
10,16,1,decode,128,1,1.1194239854812622,3772416,27525120
10,16,1,decode,256,1,1.0986560583114624,8331264,55050240
11,1,16,prefill,1,1024,2.487391948699951,881442816,3440640
11,1,16,prefill,1,8192,14.272480010986328,7048445952,3440640
11,1,16,prefill,1,16384,28.491743087768555,14096449536,3440640
11,1,16,decode,1,1,0.6507520079612732,246272,3440640
11,1,16,decode,8,1,0.6279360055923462,1969664,27525120
11,1,16,decode,32,1,0.5888000130653381,8468480,110100480
11,1,16,decode,128,1,0.5591999888420105,31580160,440401920
11,1,16,decode,256,1,0.6502400040626526,63029248,880803840
11,2,8,prefill,1,1024,2.0394880771636963,440721408,1720320
11,2,8,prefill,1,8192,7.853343963623047,3524222976,1720320
11,2,8,prefill,1,16384,15.101471900939941,7048224768,1720320
11,2,8,decode,1,1,0.7948160171508789,125440,1720320
11,2,8,decode,8,1,0.7882559895515442,1002496,13762560
11,2,8,decode,32,1,0.8212800025939941,4074496,55050240
11,2,8,decode,128,1,0.6758080124855042,16101376,220200960
11,2,8,decode,256,1,0.6199039816856384,32071680,440401920
11,4,4,prefill,1,1024,2.3413760662078857,220360704,860160
11,4,4,prefill,1,8192,4.800320148468018,1762111488,860160
11,4,4,prefill,1,16384,8.63532829284668,3524112384,860160
11,4,4,decode,1,1,0.7948480248451233,70144,860160
11,4,4,decode,8,1,1.0127999782562256,559616,6881280
11,4,4,decode,32,1,0.9850879907608032,2238464,27525120
11,4,4,decode,128,1,0.971776008605957,9478144,110100480
11,4,4,decode,256,1,0.9215999841690063,17973248,220200960
11,8,2,prefill,1,1024,2.3688321113586426,110180352,430080
11,8,2,prefill,1,8192,3.8473920822143555,881055744,430080
11,8,2,prefill,1,16384,5.439551830291748,1762056192,430080
11,8,2,decode,1,1,1.0180799961090088,42496,430080
11,8,2,decode,8,1,1.0362880229949951,338432,3440640
11,8,2,decode,32,1,0.9184640049934387,1352704,13762560
11,8,2,decode,128,1,0.9010559916496277,5476352,55050240
11,8,2,decode,256,1,0.9594879746437073,10919936,110100480
11,16,1,prefill,1,1024,3.0992960929870605,55843840,215040
11,16,1,prefill,1,8192,3.4957120418548584,440527872,215040
11,16,1,prefill,1,16384,4.733759880065918,881028096,215040
11,16,1,decode,1,1,1.326591968536377,28672,215040
11,16,1,decode,8,1,1.4201600551605225,227840,1720320
11,16,1,decode,32,1,1.2072319984436035,910336,6881280
11,16,1,decode,128,1,1.1106560230255127,3772416,27525120
11,16,1,decode,256,1,1.0859839916229248,8331264,55050240
12,1,16,prefill,1,1024,2.6337599754333496,881442816,3440640
12,1,16,prefill,1,8192,14.36832046508789,7048445952,3440640
12,1,16,prefill,1,16384,28.678144454956055,14096449536,3440640
12,1,16,decode,1,1,0.7536960244178772,246272,3440640
12,1,16,decode,8,1,0.6975679993629456,1969664,27525120
12,1,16,decode,32,1,0.7331839799880981,8468480,110100480
12,1,16,decode,128,1,0.6229760050773621,31580160,440401920
12,1,16,decode,256,1,0.651423990726471,63029248,880803840
12,2,8,prefill,1,1024,2.4557440280914307,440721408,1720320
12,2,8,prefill,1,8192,7.90393590927124,3524222976,1720320
12,2,8,prefill,1,16384,15.177120208740234,7048224768,1720320
12,2,8,decode,1,1,0.7771520018577576,125440,1720320
12,2,8,decode,8,1,0.8144959807395935,1002496,13762560
12,2,8,decode,32,1,1.3105920553207397,4074496,55050240
12,2,8,decode,128,1,1.2196160554885864,16101376,220200960
12,2,8,decode,256,1,1.1386879682540894,32071680,440401920
12,4,4,prefill,1,1024,2.1655681133270264,220360704,860160
12,4,4,prefill,1,8192,4.739039897918701,1762111488,860160
12,4,4,prefill,1,16384,8.621408462524414,3524112384,860160
12,4,4,decode,1,1,0.8325759768486023,70144,860160
12,4,4,decode,8,1,0.9340159893035889,559616,6881280
12,4,4,decode,32,1,1.251871943473816,2238464,27525120
12,4,4,decode,128,1,1.0951679944992065,9478144,110100480
12,4,4,decode,256,1,1.0567679405212402,17973248,220200960
12,8,2,prefill,1,1024,2.355168104171753,110180352,430080
12,8,2,prefill,1,8192,3.823103904724121,881055744,430080
12,8,2,prefill,1,16384,5.438240051269531,1762056192,430080
12,8,2,decode,1,1,1.015071988105774,42496,430080
12,8,2,decode,8,1,1.0280959606170654,338432,3440640
12,8,2,decode,32,1,0.9173759818077087,1352704,13762560
12,8,2,decode,128,1,0.8955199718475342,5476352,55050240
12,8,2,decode,256,1,0.9553920030593872,10919936,110100480
12,16,1,prefill,1,1024,3.1032960414886475,55843840,215040
12,16,1,prefill,1,8192,3.5041921138763428,440527872,215040
12,16,1,prefill,1,16384,4.726975917816162,881028096,215040
12,16,1,decode,1,1,1.331488013267517,28672,215040
12,16,1,decode,8,1,1.431872010231018,227840,1720320
12,16,1,decode,32,1,1.219391942024231,910336,6881280
12,16,1,decode,128,1,1.1101759672164917,3772416,27525120
12,16,1,decode,256,1,1.093183994293213,8331264,55050240
13,1,16,prefill,1,1024,2.5287680625915527,881442816,3440640
13,1,16,prefill,1,8192,14.301600456237793,7048445952,3440640
13,1,16,prefill,1,16384,28.621055603027344,14096449536,3440640
13,1,16,decode,1,1,0.6145920157432556,246272,3440640
13,1,16,decode,8,1,0.6137599945068359,1969664,27525120
13,1,16,decode,32,1,0.6443520188331604,8468480,110100480
13,1,16,decode,128,1,0.5768960118293762,31580160,440401920
13,1,16,decode,256,1,0.6502400040626526,63029248,880803840
13,2,8,prefill,1,1024,2.45849609375,440721408,1720320
13,2,8,prefill,1,8192,7.910143852233887,3524222976,1720320
13,2,8,prefill,1,16384,15.183903694152832,7048224768,1720320
13,2,8,decode,1,1,0.7919999957084656,125440,1720320
13,2,8,decode,8,1,0.8110719919204712,1002496,13762560
13,2,8,decode,32,1,1.3149759769439697,4074496,55050240
13,2,8,decode,128,1,1.2124160528182983,16101376,220200960
13,2,8,decode,256,1,1.1316800117492676,32071680,440401920
13,4,4,prefill,1,1024,2.1738879680633545,220360704,860160
13,4,4,prefill,1,8192,4.744927883148193,1762111488,860160
13,4,4,prefill,1,16384,8.647007942199707,3524112384,860160
13,4,4,decode,1,1,0.8438400030136108,70144,860160
13,4,4,decode,8,1,0.955295979976654,559616,6881280
13,4,4,decode,32,1,1.2637759447097778,2238464,27525120
13,4,4,decode,128,1,1.0998079776763916,9478144,110100480
13,4,4,decode,256,1,1.0618879795074463,17973248,220200960
13,8,2,prefill,1,1024,2.3593599796295166,110180352,430080
13,8,2,prefill,1,8192,3.834239959716797,881055744,430080
13,8,2,prefill,1,16384,5.436639785766602,1762056192,430080
13,8,2,decode,1,1,1.0128320455551147,42496,430080
13,8,2,decode,8,1,1.0319679975509644,338432,3440640
13,8,2,decode,32,1,0.9199360013008118,1352704,13762560
13,8,2,decode,128,1,0.8979840278625488,5476352,55050240
13,8,2,decode,256,1,0.9564160108566284,10919936,110100480
13,16,1,prefill,1,1024,3.102303981781006,55843840,215040
13,16,1,prefill,1,8192,3.5102078914642334,440527872,215040
13,16,1,prefill,1,16384,4.73583984375,881028096,215040
13,16,1,decode,1,1,1.3357759714126587,28672,215040
13,16,1,decode,8,1,1.4357119798660278,227840,1720320
13,16,1,decode,32,1,1.2208319902420044,910336,6881280
13,16,1,decode,128,1,1.1149760484695435,3772416,27525120
13,16,1,decode,256,1,1.097823977470398,8331264,55050240
14,1,16,prefill,1,1024,2.4402239322662354,881442816,3440640
14,1,16,prefill,1,8192,14.287936210632324,7048445952,3440640
14,1,16,prefill,1,16384,28.568288803100586,14096449536,3440640
14,1,16,decode,1,1,0.6521279811859131,246272,3440640
14,1,16,decode,8,1,0.6190400123596191,1969664,27525120
14,1,16,decode,32,1,0.63919997215271,8468480,110100480
14,1,16,decode,128,1,0.5468159914016724,31580160,440401920
14,1,16,decode,256,1,0.6522560119628906,63029248,880803840
14,2,8,prefill,1,1024,2.631135940551758,440721408,1720320
14,2,8,prefill,1,8192,7.9000959396362305,3524222976,1720320
14,2,8,prefill,1,16384,15.309727668762207,7048224768,1720320
14,2,8,decode,1,1,0.9892160296440125,125440,1720320
14,2,8,decode,8,1,0.9916160106658936,1002496,13762560
14,2,8,decode,32,1,0.970911979675293,4074496,55050240
14,2,8,decode,128,1,0.809984028339386,16101376,220200960
14,2,8,decode,256,1,0.7475519776344299,32071680,440401920
14,4,4,prefill,1,1024,2.153791904449463,220360704,860160
14,4,4,prefill,1,8192,4.740128040313721,1762111488,860160
14,4,4,prefill,1,16384,8.642848014831543,3524112384,860160
14,4,4,decode,1,1,0.8395519852638245,70144,860160
14,4,4,decode,8,1,0.9584320187568665,559616,6881280
14,4,4,decode,32,1,1.265120029449463,2238464,27525120
14,4,4,decode,128,1,1.100864052772522,9478144,110100480
14,4,4,decode,256,1,1.0629119873046875,17973248,220200960
14,8,2,prefill,1,1024,2.364896059036255,110180352,430080
14,8,2,prefill,1,8192,3.8380160331726074,881055744,430080
14,8,2,prefill,1,16384,5.429952144622803,1762056192,430080
14,8,2,decode,1,1,1.01363205909729,42496,430080
14,8,2,decode,8,1,1.0243840217590332,338432,3440640
14,8,2,decode,32,1,0.9115840196609497,1352704,13762560
14,8,2,decode,128,1,0.8954880237579346,5476352,55050240
14,8,2,decode,256,1,0.9523199796676636,10919936,110100480
14,16,1,prefill,1,1024,3.0958080291748047,55843840,215040
14,16,1,prefill,1,8192,3.4991040229797363,440527872,215040
14,16,1,prefill,1,16384,4.715167999267578,881028096,215040
14,16,1,decode,1,1,1.3287999629974365,28672,215040
14,16,1,decode,8,1,1.4299839735031128,227840,1720320
14,16,1,decode,32,1,1.21561598777771,910336,6881280
14,16,1,decode,128,1,1.102687954902649,3772416,27525120
14,16,1,decode,256,1,1.0885759592056274,8331264,55050240
15,1,16,prefill,1,1024,2.7585599422454834,881442816,3440640
15,1,16,prefill,1,8192,14.391776084899902,7048445952,3440640
15,1,16,prefill,1,16384,28.66854476928711,14096449536,3440640
15,1,16,decode,1,1,0.800383985042572,246272,3440640
15,1,16,decode,8,1,0.6629760265350342,1969664,27525120
15,1,16,decode,32,1,0.7503679990768433,8468480,110100480
15,1,16,decode,128,1,0.5944960117340088,31580160,440401920
15,1,16,decode,256,1,0.6536319851875305,63029248,880803840
15,2,8,prefill,1,1024,2.6234240531921387,440721408,1720320
15,2,8,prefill,1,8192,7.893280029296875,3524222976,1720320
15,2,8,prefill,1,16384,15.291040420532227,7048224768,1720320
15,2,8,decode,1,1,0.9834240078926086,125440,1720320
15,2,8,decode,8,1,0.9796159863471985,1002496,13762560
15,2,8,decode,32,1,0.9640960097312927,4074496,55050240
15,2,8,decode,128,1,0.8064960241317749,16101376,220200960
15,2,8,decode,256,1,0.7408639788627625,32071680,440401920
15,4,4,prefill,1,1024,2.1589438915252686,220360704,860160
15,4,4,prefill,1,8192,4.735263824462891,1762111488,860160
15,4,4,prefill,1,16384,8.647968292236328,3524112384,860160
15,4,4,decode,1,1,0.8447999954223633,70144,860160
15,4,4,decode,8,1,0.9578239917755127,559616,6881280
15,4,4,decode,32,1,1.2297279834747314,2238464,27525120
15,4,4,decode,128,1,1.0885119438171387,9478144,110100480
15,4,4,decode,256,1,1.0515520572662354,17973248,220200960
15,8,2,prefill,1,1024,2.3342080116271973,110180352,430080
15,8,2,prefill,1,8192,3.8085439205169678,881055744,430080
15,8,2,prefill,1,16384,5.439231872558594,1762056192,430080
15,8,2,decode,1,1,1.0269759893417358,42496,430080
15,8,2,decode,8,1,1.0162559747695923,338432,3440640
15,8,2,decode,32,1,0.9063360095024109,1352704,13762560
15,8,2,decode,128,1,0.890175998210907,5476352,55050240
15,8,2,decode,256,1,0.9548799991607666,10919936,110100480
15,16,1,prefill,1,1024,3.077791929244995,55843840,215040
15,16,1,prefill,1,8192,3.5095040798187256,440527872,215040
15,16,1,prefill,1,16384,4.737152099609375,881028096,215040
15,16,1,decode,1,1,1.3403520584106445,28672,215040
15,16,1,decode,8,1,1.4172159433364868,227840,1720320
15,16,1,decode,32,1,1.225600004196167,910336,6881280
15,16,1,decode,128,1,1.1181440353393555,3772416,27525120
15,16,1,decode,256,1,1.0991359949111938,8331264,55050240
