rank,ep,source_ranks,tokens_per_rank,global_tokens,routing,ms,max_mean_expert_load,workspace_device_bytes,dynamic_peak_bytes
0,16,16,1,16,balanced,0.19640960693359374,3.499999761581421,6981419008,7168
0,16,16,1,16,hot_rank,0.11319466431935628,55.999996185302734,6981419008,7168
0,16,16,8,128,balanced,0.21488854090372722,1.3125,6981419008,57344
0,16,16,8,128,hot_rank,0.3692778587341309,55.999996185302734,6981419008,57344
0,16,16,128,2048,balanced,2.827159372965495,1.01171875,6981419008,917504
0,16,16,128,2048,hot_rank,1.3678848266601562,55.999996185302734,6981419008,917504
0,16,16,512,8192,balanced,0.5359850565592448,1.0048828125,6981419008,3670016
0,16,16,512,8192,hot_rank,4.676816813151041,55.999996185302734,6981419008,3670016
0,16,16,2048,32768,balanced,1.4791360219319662,1.00146484375,6981419008,14680064
0,16,16,2048,32768,hot_rank,17.771337890625,55.999996185302734,6981419008,14680064
0,16,4,2048,8192,balanced,1.5118804931640626,1.0048828125,6981419008,0
0,16,8,1024,8192,balanced,1.4525951385498046,1.0048828125,6981419008,0
0,8,8,1,8,balanced,0.3995285352071126,6.999999523162842,4171235328,7168
0,8,8,1,8,hot_rank,0.12311893304189046,55.999996185302734,4171235328,7168
0,8,8,8,64,balanced,0.37575041453043617,1.7499998807907104,4171235328,57344
0,8,8,8,64,hot_rank,0.23280426661173503,55.999996185302734,4171235328,57344
0,8,8,128,1024,balanced,0.45550934473673504,1.0390625,4171235328,917504
0,8,8,128,1024,hot_rank,1.0615423838297526,55.999996185302734,4171235328,917504
0,8,8,512,4096,balanced,0.6306965510050456,1.01171875,4171235328,3670016
0,8,8,512,4096,hot_rank,2.4302996317545573,55.999996185302734,4171235328,3670016
0,8,8,2048,16384,balanced,1.5167808532714844,1.00146484375,4171235328,14680064
0,8,8,2048,16384,hot_rank,9.024715169270833,55.999996185302734,4171235328,14680064
0,4,4,1,4,balanced,0.27180372873942055,13.999999046325684,3089104896,7168
0,4,4,1,4,hot_rank,0.1290986696879069,55.999996185302734,3089104896,7168
0,4,4,8,32,balanced,0.7558890660603841,1.7499998807907104,3089104896,57344
0,4,4,8,32,hot_rank,0.18074453671773275,55.999996185302734,3089104896,57344
0,4,4,128,512,balanced,0.8893760045369467,1.09375,3089104896,917504
0,4,4,128,512,hot_rank,0.9084586461385091,55.999996185302734,3089104896,917504
0,4,4,512,2048,balanced,1.0534826914469402,1.01171875,3089104896,3670016
0,4,4,512,2048,hot_rank,1.5006207784016927,55.999996185302734,3089104896,3670016
0,4,4,2048,8192,balanced,1.7153279622395834,1.0048828125,3089104896,14680064
0,4,4,2048,8192,hot_rank,4.722558085123698,55.999996185302734,3089104896,14680064
1,16,16,1,16,balanced,0.19634133974711102,3.499999761581421,6981419008,7168
1,16,16,1,16,hot_rank,0.11306026776631674,55.999996185302734,6981419008,7168
1,16,16,8,128,balanced,0.21478613217671713,1.3125,6981419008,57344
1,16,16,8,128,hot_rank,0.36908801396687824,55.999996185302734,6981419008,57344
1,16,16,128,2048,balanced,2.8271446228027344,1.01171875,6981419008,917504
1,16,16,128,2048,hot_rank,1.3678741455078125,55.999996185302734,6981419008,917504
1,16,16,512,8192,balanced,0.5360874811808268,1.0048828125,6981419008,3670016
1,16,16,512,8192,hot_rank,4.676693216959635,55.999996185302734,6981419008,3670016
1,16,16,2048,32768,balanced,1.479086939493815,1.00146484375,6981419008,14680064
1,16,16,2048,32768,hot_rank,17.7681396484375,55.999996185302734,6981419008,14680064
1,16,4,2048,8192,balanced,1.5116096496582032,1.0048828125,6981419008,0
1,16,8,1024,8192,balanced,1.4525269826253255,1.0048828125,6981419008,0
1,8,8,1,8,balanced,0.39843839009602866,6.999999523162842,4171235328,7168
1,8,8,1,8,hot_rank,0.12301653226216634,55.999996185302734,4171235328,7168
1,8,8,8,64,balanced,0.3757589340209961,1.7499998807907104,4171235328,57344
1,8,8,8,64,hot_rank,0.23278080622355143,55.999996185302734,4171235328,57344
1,8,8,128,1024,balanced,0.4554239908854167,1.0390625,4171235328,917504
1,8,8,128,1024,hot_rank,1.0626389185587566,55.999996185302734,4171235328,917504
1,8,8,512,4096,balanced,0.6306645075480143,1.01171875,4171235328,3670016
1,8,8,512,4096,hot_rank,2.4302955627441407,55.999996185302734,4171235328,3670016
1,8,8,2048,16384,balanced,1.516693369547526,1.00146484375,4171235328,14680064
1,8,8,2048,16384,hot_rank,9.024522908528645,55.999996185302734,4171235328,14680064
1,4,4,1,4,balanced,0.2718015988667806,13.999999046325684,3089104896,7168
1,4,4,1,4,hot_rank,0.12907946904500325,55.999996185302734,3089104896,7168
1,4,4,8,32,balanced,0.7558080037434896,1.7499998807907104,3089104896,57344
1,4,4,8,32,hot_rank,0.18074026107788085,55.999996185302734,3089104896,57344
1,4,4,128,512,balanced,0.8893781026204427,1.09375,3089104896,917504
1,4,4,128,512,hot_rank,0.9084608078002929,55.999996185302734,3089104896,917504
1,4,4,512,2048,balanced,1.0534506479899088,1.01171875,3089104896,3670016
1,4,4,512,2048,hot_rank,1.5004564921061199,55.999996185302734,3089104896,3670016
1,4,4,2048,8192,balanced,1.7173866271972655,1.0048828125,3089104896,14680064
1,4,4,2048,8192,hot_rank,4.722436014811198,55.999996185302734,3089104896,14680064
2,16,16,1,16,balanced,0.1961919943491618,3.499999761581421,6981419008,7168
2,16,16,1,16,hot_rank,0.11305387020111084,55.999996185302734,6981419008,7168
2,16,16,8,128,balanced,0.21477972666422526,1.3125,6981419008,57344
2,16,16,8,128,hot_rank,0.3689621289571126,55.999996185302734,6981419008,57344
2,16,16,128,2048,balanced,2.8208084106445312,1.01171875,6981419008,917504
2,16,16,128,2048,hot_rank,1.3677162170410155,55.999996185302734,6981419008,917504
2,16,16,512,8192,balanced,0.5360511779785156,1.0048828125,6981419008,3670016
2,16,16,512,8192,hot_rank,4.676546223958334,55.999996185302734,6981419008,3670016
2,16,16,2048,32768,balanced,1.4716309865315755,1.00146484375,6981419008,14680064
2,16,16,2048,32768,hot_rank,17.76907755533854,55.999996185302734,6981419008,14680064
2,16,4,2048,8192,balanced,1.5112448374430338,1.0048828125,6981419008,0
2,16,8,1024,8192,balanced,1.4524650573730469,1.0048828125,6981419008,0
2,8,8,1,8,balanced,0.3969770749409994,6.999999523162842,4171235328,7168
2,8,8,1,8,hot_rank,0.12305280367533365,55.999996185302734,4171235328,7168
2,8,8,8,64,balanced,0.37571414311726886,1.7499998807907104,4171235328,57344
2,8,8,8,64,hot_rank,0.23264853159586588,55.999996185302734,4171235328,57344
2,8,8,128,1024,balanced,0.4554688135782878,1.0390625,4171235328,917504
2,8,8,128,1024,hot_rank,1.0623807907104492,55.999996185302734,4171235328,917504
2,8,8,512,4096,balanced,0.6306922912597657,1.01171875,4171235328,3670016
2,8,8,512,4096,hot_rank,2.430278523763021,55.999996185302734,4171235328,3670016
2,8,8,2048,16384,balanced,1.5165419260660806,1.00146484375,4171235328,14680064
2,8,8,2048,16384,hot_rank,9.002950032552084,55.999996185302734,4171235328,14680064
2,4,4,1,4,balanced,0.2718058586120605,13.999999046325684,3089104896,7168
2,4,4,1,4,hot_rank,0.12912426789601644,55.999996185302734,3089104896,7168
2,4,4,8,32,balanced,0.7555967966715494,1.7499998807907104,3089104896,57344
2,4,4,8,32,hot_rank,0.18077866236368814,55.999996185302734,3089104896,57344
2,4,4,128,512,balanced,0.8893141428629557,1.09375,3089104896,917504
2,4,4,128,512,hot_rank,0.908241081237793,55.999996185302734,3089104896,917504
2,4,4,512,2048,balanced,1.0532565434773764,1.01171875,3089104896,3670016
2,4,4,512,2048,hot_rank,1.500375493367513,55.999996185302734,3089104896,3670016
2,4,4,2048,8192,balanced,1.717416508992513,1.0048828125,3089104896,14680064
2,4,4,2048,8192,hot_rank,4.722412618001302,55.999996185302734,3089104896,14680064
3,16,16,1,16,balanced,0.19546666145324706,3.499999761581421,6981419008,7168
3,16,16,1,16,hot_rank,0.11265066464742025,55.999996185302734,6981419008,7168
3,16,16,8,128,balanced,0.2142101287841797,1.3125,6981419008,57344
3,16,16,8,128,hot_rank,0.3685738563537598,55.999996185302734,6981419008,57344
3,16,16,128,2048,balanced,2.7976832071940105,1.01171875,6981419008,917504
3,16,16,128,2048,hot_rank,1.3661844889322916,55.999996185302734,6981419008,917504
3,16,16,512,8192,balanced,0.5362389246622722,1.0048828125,6981419008,3670016
3,16,16,512,8192,hot_rank,4.676029968261719,55.999996185302734,6981419008,3670016
3,16,16,2048,32768,balanced,1.4817642211914062,1.00146484375,6981419008,14680064
3,16,16,2048,32768,hot_rank,17.76683146158854,55.999996185302734,6981419008,14680064
3,16,4,2048,8192,balanced,1.5114026387532553,1.0048828125,6981419008,0
3,16,8,1024,8192,balanced,1.4522752126057943,1.0048828125,6981419008,0
3,8,8,1,8,balanced,0.39699201583862304,6.999999523162842,4171235328,7168
3,8,8,1,8,hot_rank,0.1224618673324585,55.999996185302734,4171235328,7168
3,8,8,8,64,balanced,0.3747733434041341,1.7499998807907104,4171235328,57344
3,8,8,8,64,hot_rank,0.23003946940104167,55.999996185302734,4171235328,57344
3,8,8,128,1024,balanced,0.4529557228088379,1.0390625,4171235328,917504
3,8,8,128,1024,hot_rank,1.0595861434936524,55.999996185302734,4171235328,917504
3,8,8,512,4096,balanced,0.6279530843098958,1.01171875,4171235328,3670016
3,8,8,512,4096,hot_rank,2.429096476236979,55.999996185302734,4171235328,3670016
3,8,8,2048,16384,balanced,1.5151167551676432,1.00146484375,4171235328,14680064
3,8,8,2048,16384,hot_rank,9.02321065266927,55.999996185302734,4171235328,14680064
3,4,4,1,4,balanced,0.2708245277404785,13.999999046325684,3089104896,7168
3,4,4,1,4,hot_rank,0.12842453320821126,55.999996185302734,3089104896,7168
3,4,4,8,32,balanced,0.7548181533813476,1.7499998807907104,3089104896,57344
3,4,4,8,32,hot_rank,0.17993386586507162,55.999996185302734,3089104896,57344
3,4,4,128,512,balanced,0.8724096298217774,1.09375,3089104896,917504
3,4,4,128,512,hot_rank,0.9065621058146159,55.999996185302734,3089104896,917504
3,4,4,512,2048,balanced,1.0471189498901368,1.01171875,3089104896,3670016
3,4,4,512,2048,hot_rank,1.5004224141438802,55.999996185302734,3089104896,3670016
3,4,4,2048,8192,balanced,1.705401611328125,1.0048828125,3089104896,14680064
3,4,4,2048,8192,hot_rank,4.720942687988281,55.999996185302734,3089104896,14680064
4,16,16,1,16,balanced,0.19596373240152995,3.499999761581421,6981419008,7168
4,16,16,1,16,hot_rank,0.11228373050689697,55.999996185302734,6981419008,7168
4,16,16,8,128,balanced,0.2147413412729899,1.3125,6981419008,57344
4,16,16,8,128,hot_rank,0.3690709431966146,55.999996185302734,6981419008,57344
4,16,16,128,2048,balanced,2.8326400756835937,1.01171875,6981419008,917504
4,16,16,128,2048,hot_rank,1.367731221516927,55.999996185302734,6981419008,917504
4,16,16,512,8192,balanced,0.49361705780029297,1.0048828125,6981419008,3670016
4,16,16,512,8192,hot_rank,4.676753234863281,55.999996185302734,6981419008,3670016
4,16,16,2048,32768,balanced,1.473471959431966,1.00146484375,6981419008,14680064
4,16,16,2048,32768,hot_rank,17.77132771809896,55.999996185302734,6981419008,14680064
4,16,4,0,8192,balanced,1.5124820709228515,1.0048828125,6981419008,0
4,16,8,1024,8192,balanced,1.4525375366210938,1.0048828125,6981419008,0
4,8,8,1,8,balanced,0.367195733388265,6.999999523162842,4171235328,7168
4,8,8,1,8,hot_rank,0.12283519903818767,55.999996185302734,4171235328,7168
4,8,8,8,64,balanced,0.3752362569173177,1.7499998807907104,4171235328,57344
4,8,8,8,64,hot_rank,0.23283839225769043,55.999996185302734,4171235328,57344
4,8,8,128,1024,balanced,0.45540908177693684,1.0390625,4171235328,917504
4,8,8,128,1024,hot_rank,1.0622997283935547,55.999996185302734,4171235328,917504
4,8,8,512,4096,balanced,0.6304746627807617,1.01171875,4171235328,3670016
4,8,8,512,4096,hot_rank,2.428819274902344,55.999996185302734,4171235328,3670016
4,8,8,2048,16384,balanced,1.5170132954915365,1.00146484375,4171235328,14680064
4,8,8,2048,16384,hot_rank,9.025755818684896,55.999996185302734,4171235328,14680064
4,4,4,1,4,balanced,0.27064107259114584,13.999999046325684,3089104896,7168
4,4,4,1,4,hot_rank,0.12823893229166666,55.999996185302734,3089104896,7168
4,4,4,8,32,balanced,0.7535872141520182,1.7499998807907104,3089104896,57344
4,4,4,8,32,hot_rank,0.1806335926055908,55.999996185302734,3089104896,57344
4,4,4,128,512,balanced,0.8455765406290691,1.09375,3089104896,917504
4,4,4,128,512,hot_rank,0.9078421274820964,55.999996185302734,3089104896,917504
4,4,4,512,2048,balanced,1.046664555867513,1.01171875,3089104896,3670016
4,4,4,512,2048,hot_rank,1.5025493621826171,55.999996185302734,3089104896,3670016
4,4,4,2048,8192,balanced,1.673843256632487,1.0048828125,3089104896,14680064
4,4,4,2048,8192,hot_rank,4.720396931966146,55.999996185302734,3089104896,14680064
5,16,16,1,16,balanced,0.19640533129374185,3.499999761581421,6981419008,7168
5,16,16,1,16,hot_rank,0.11271680196126302,55.999996185302734,6981419008,7168
5,16,16,8,128,balanced,0.21463893254597982,1.3125,6981419008,57344
5,16,16,8,128,hot_rank,0.3690858523050944,55.999996185302734,6981419008,57344
5,16,16,128,2048,balanced,2.832960001627604,1.01171875,6981419008,917504
5,16,16,128,2048,hot_rank,1.3676821390787761,55.999996185302734,6981419008,917504
5,16,16,512,8192,balanced,0.5357184092203776,1.0048828125,6981419008,3670016
5,16,16,512,8192,hot_rank,4.676682535807291,55.999996185302734,6981419008,3670016
5,16,16,2048,32768,balanced,1.4885973612467447,1.00146484375,6981419008,14680064
5,16,16,2048,32768,hot_rank,17.77080078125,55.999996185302734,6981419008,14680064
5,16,4,0,8192,balanced,1.5123690287272136,1.0048828125,6981419008,0
5,16,8,1024,8192,balanced,1.452838389078776,1.0048828125,6981419008,0
5,8,8,1,8,balanced,0.3985621452331543,6.999999523162842,4171235328,7168
5,8,8,1,8,hot_rank,0.12291626930236817,55.999996185302734,4171235328,7168
5,8,8,8,64,balanced,0.3752277374267578,1.7499998807907104,4171235328,57344
5,8,8,8,64,hot_rank,0.23296640714009603,55.999996185302734,4171235328,57344
5,8,8,128,1024,balanced,0.4553770701090495,1.0390625,4171235328,917504
5,8,8,128,1024,hot_rank,1.062350908915202,55.999996185302734,4171235328,917504
5,8,8,512,4096,balanced,0.6304704030354817,1.01171875,4171235328,3670016
5,8,8,512,4096,hot_rank,2.4304852803548176,55.999996185302734,4171235328,3670016
5,8,8,2048,16384,balanced,1.516983413696289,1.00146484375,4171235328,14680064
5,8,8,2048,16384,hot_rank,9.025662231445313,55.999996185302734,4171235328,14680064
5,4,4,1,4,balanced,0.27079680760701497,13.999999046325684,3089104896,7168
5,4,4,1,4,hot_rank,0.12826240062713623,55.999996185302734,3089104896,7168
5,4,4,8,32,balanced,0.7537663777669271,1.7499998807907104,3089104896,57344
5,4,4,8,32,hot_rank,0.18078719774882,55.999996185302734,3089104896,57344
5,4,4,128,512,balanced,0.8455423990885417,1.09375,3089104896,917504
5,4,4,128,512,hot_rank,0.9079359690348308,55.999996185302734,3089104896,917504
5,4,4,512,2048,balanced,1.0467498779296875,1.01171875,3089104896,3670016
5,4,4,512,2048,hot_rank,1.5024363199869792,55.999996185302734,3089104896,3670016
5,4,4,2048,8192,balanced,1.6738260904947917,1.0048828125,3089104896,14680064
5,4,4,2048,8192,hot_rank,4.720405578613281,55.999996185302734,3089104896,14680064
6,16,16,1,16,balanced,0.196452267964681,3.499999761581421,6981419008,7168
6,16,16,1,16,hot_rank,0.1129045327504476,55.999996185302734,6981419008,7168
6,16,16,8,128,balanced,0.21506133079528808,1.3125,6981419008,57344
6,16,16,8,128,hot_rank,0.36921173731486,55.999996185302734,6981419008,57344
6,16,16,128,2048,balanced,2.8338409423828126,1.01171875,6981419008,917504
6,16,16,128,2048,hot_rank,1.3679893493652344,55.999996185302734,6981419008,917504
6,16,16,512,8192,balanced,0.5365845362345377,1.0048828125,6981419008,3670016
6,16,16,512,8192,hot_rank,4.677117919921875,55.999996185302734,6981419008,3670016
6,16,16,2048,32768,balanced,1.488479995727539,1.00146484375,6981419008,14680064
6,16,16,2048,32768,hot_rank,17.77199503580729,55.999996185302734,6981419008,14680064
6,16,4,0,8192,balanced,1.5126015981038412,1.0048828125,6981419008,0
6,16,8,1024,8192,balanced,1.4530175526936848,1.0048828125,6981419008,0
6,8,8,1,8,balanced,0.3986837387084961,6.999999523162842,4171235328,7168
6,8,8,1,8,hot_rank,0.12292693456013998,55.999996185302734,4171235328,7168
6,8,8,8,64,balanced,0.3755690574645996,1.7499998807907104,4171235328,57344
6,8,8,8,64,hot_rank,0.23281493186950683,55.999996185302734,4171235328,57344
6,8,8,128,1024,balanced,0.4554986635843913,1.0390625,4171235328,917504
6,8,8,128,1024,hot_rank,1.0627391815185547,55.999996185302734,4171235328,917504
6,8,8,512,4096,balanced,0.630626106262207,1.01171875,4171235328,3670016
6,8,8,512,4096,hot_rank,2.4315648396809895,55.999996185302734,4171235328,3670016
6,8,8,2048,16384,balanced,1.5158507029215496,1.00146484375,4171235328,14680064
6,8,8,2048,16384,hot_rank,9.025830078125,55.999996185302734,4171235328,14680064
6,4,4,1,4,balanced,0.27114667892456057,13.999999046325684,3089104896,7168
6,4,4,1,4,hot_rank,0.12832852999369304,55.999996185302734,3089104896,7168
6,4,4,8,32,balanced,0.7539093017578125,1.7499998807907104,3089104896,57344
6,4,4,8,32,hot_rank,0.18079999287923176,55.999996185302734,3089104896,57344
6,4,4,128,512,balanced,0.8460671742757161,1.09375,3089104896,917504
6,4,4,128,512,hot_rank,0.9079210917154948,55.999996185302734,3089104896,917504
6,4,4,512,2048,balanced,1.0467626571655273,1.01171875,3089104896,3670016
6,4,4,512,2048,hot_rank,1.502572758992513,55.999996185302734,3089104896,3670016
6,4,4,2048,8192,balanced,1.6737834930419921,1.0048828125,3089104896,14680064
6,4,4,2048,8192,hot_rank,4.720654805501302,55.999996185302734,3089104896,14680064
7,16,16,1,16,balanced,0.1964735984802246,3.499999761581421,6981419008,7168
7,16,16,1,16,hot_rank,0.11295573711395264,55.999996185302734,6981419008,7168
7,16,16,8,128,balanced,0.21496747334798177,1.3125,6981419008,57344
7,16,16,8,128,hot_rank,0.36922454833984375,55.999996185302734,6981419008,57344
7,16,16,128,2048,balanced,2.834058634440104,1.01171875,6981419008,917504
7,16,16,128,2048,hot_rank,1.3680127461751301,55.999996185302734,6981419008,917504
7,16,16,512,8192,balanced,0.5364394505818685,1.0048828125,6981419008,3670016
7,16,16,512,8192,hot_rank,4.676808675130208,55.999996185302734,6981419008,3670016
7,16,16,2048,32768,balanced,1.4885055541992187,1.00146484375,6981419008,14680064
7,16,16,2048,32768,hot_rank,17.771875,55.999996185302734,6981419008,14680064
7,16,4,0,8192,balanced,1.512710444132487,1.0048828125,6981419008,0
7,16,8,1024,8192,balanced,1.453058115641276,1.0048828125,6981419008,0
7,8,8,1,8,balanced,0.3971839904785156,6.999999523162842,4171235328,7168
7,8,8,1,8,hot_rank,0.12322773138682047,55.999996185302734,4171235328,7168
7,8,8,8,64,balanced,0.375598939259847,1.7499998807907104,4171235328,57344
7,8,8,8,64,hot_rank,0.23307520548502605,55.999996185302734,4171235328,57344
7,8,8,128,1024,balanced,0.45552212397257485,1.0390625,4171235328,917504
7,8,8,128,1024,hot_rank,1.0626666386922201,55.999996185302734,4171235328,917504
7,8,8,512,4096,balanced,0.6305301030476888,1.01171875,4171235328,3670016
7,8,8,512,4096,hot_rank,2.4313748677571616,55.999996185302734,4171235328,3670016
7,8,8,2048,16384,balanced,1.5171349843343098,1.00146484375,4171235328,14680064
7,8,8,2048,16384,hot_rank,9.025990804036459,55.999996185302734,4171235328,14680064
7,4,4,1,4,balanced,0.27076905568440757,13.999999046325684,3089104896,7168
7,4,4,1,4,hot_rank,0.12845439910888673,55.999996185302734,3089104896,7168
7,4,4,8,32,balanced,0.7538858413696289,1.7499998807907104,3089104896,57344
7,4,4,8,32,hot_rank,0.18091519673665366,55.999996185302734,3089104896,57344
7,4,4,128,512,balanced,0.845902951558431,1.09375,3089104896,917504
7,4,4,128,512,hot_rank,0.9080469131469726,55.999996185302734,3089104896,917504
7,4,4,512,2048,balanced,1.0467989603678385,1.01171875,3089104896,3670016
7,4,4,512,2048,hot_rank,1.5027520497639975,55.999996185302734,3089104896,3670016
7,4,4,2048,8192,balanced,1.673700205485026,1.0048828125,3089104896,14680064
7,4,4,2048,8192,hot_rank,4.720539855957031,55.999996185302734,3089104896,14680064
8,16,16,1,16,balanced,0.19604479471842448,3.499999761581421,6981419008,7168
8,16,16,1,16,hot_rank,0.11271680196126302,55.999996185302734,6981419008,7168
8,16,16,8,128,balanced,0.2145792007446289,1.3125,6981419008,57344
8,16,16,8,128,hot_rank,0.36893653869628906,55.999996185302734,6981419008,57344
8,16,16,128,2048,balanced,2.8268310546875,1.01171875,6981419008,917504
8,16,16,128,2048,hot_rank,1.3659114837646484,55.999996185302734,6981419008,917504
8,16,16,512,8192,balanced,0.5346687952677409,1.0048828125,6981419008,3670016
8,16,16,512,8192,hot_rank,4.676548258463542,55.999996185302734,6981419008,3670016
8,16,16,2048,32768,balanced,1.4855125427246094,1.00146484375,6981419008,14680064
8,16,16,2048,32768,hot_rank,17.76955362955729,55.999996185302734,6981419008,14680064
8,16,4,0,8192,balanced,1.511413319905599,1.0048828125,6981419008,0
8,16,8,0,8192,balanced,1.4428778330485026,1.0048828125,6981419008,0
8,8,8,1,8,balanced,0.3959018707275391,6.999999523162842,4171235328,7168
8,8,8,1,8,hot_rank,0.10337920188903808,55.999996185302734,4171235328,7168
8,8,8,8,64,balanced,0.4079594612121582,1.7499998807907104,4171235328,57344
8,8,8,8,64,hot_rank,0.22817920049031576,55.999996185302734,4171235328,57344
8,8,8,128,1024,balanced,0.4931861241658529,1.0390625,4171235328,917504
8,8,8,128,1024,hot_rank,1.0533503850301107,55.999996185302734,4171235328,917504
8,8,8,512,4096,balanced,0.630453364054362,1.01171875,4171235328,3670016
8,8,8,512,4096,hot_rank,2.4483861287434894,55.999996185302734,4171235328,3670016
8,8,8,2048,16384,balanced,1.5557547251383463,1.00146484375,4171235328,14680064
8,8,8,2048,16384,hot_rank,9.031895955403646,55.999996185302734,4171235328,14680064
8,4,4,1,4,balanced,0.2722538630167643,13.999999046325684,3089104896,7168
8,4,4,1,4,hot_rank,0.12914133071899414,55.999996185302734,3089104896,7168
8,4,4,8,32,balanced,0.752569580078125,1.7499998807907104,3089104896,57344
8,4,4,8,32,hot_rank,0.18190080324808758,55.999996185302734,3089104896,57344
8,4,4,128,512,balanced,0.8449600219726563,1.09375,3089104896,917504
8,4,4,128,512,hot_rank,0.910813840230306,55.999996185302734,3089104896,917504
8,4,4,512,2048,balanced,1.065715217590332,1.01171875,3089104896,3670016
8,4,4,512,2048,hot_rank,1.5045973459879558,55.999996185302734,3089104896,3670016
8,4,4,2048,8192,balanced,1.6721536000569661,1.0048828125,3089104896,14680064
8,4,4,2048,8192,hot_rank,4.729437764485677,55.999996185302734,3089104896,14680064
9,16,16,1,16,balanced,0.19598506291707357,3.499999761581421,6981419008,7168
9,16,16,1,16,hot_rank,0.11273600260416666,55.999996185302734,6981419008,7168
9,16,16,8,128,balanced,0.21484586397806804,1.3125,6981419008,57344
9,16,16,8,128,hot_rank,0.36894931793212893,55.999996185302734,6981419008,57344
9,16,16,128,2048,balanced,2.8227307637532553,1.01171875,6981419008,917504
9,16,16,128,2048,hot_rank,1.365655517578125,55.999996185302734,6981419008,917504
9,16,16,512,8192,balanced,0.537393061319987,1.0048828125,6981419008,3670016
9,16,16,512,8192,hot_rank,4.67660166422526,55.999996185302734,6981419008,3670016
9,16,16,2048,32768,balanced,1.4854293823242188,1.00146484375,6981419008,14680064
9,16,16,2048,32768,hot_rank,17.7696044921875,55.999996185302734,6981419008,14680064
9,16,4,0,8192,balanced,1.5117290496826172,1.0048828125,6981419008,0
9,16,8,0,8192,balanced,1.4442090352376302,1.0048828125,6981419008,0
9,8,8,1,8,balanced,0.39581438700358074,6.999999523162842,4171235328,7168
9,8,8,1,8,hot_rank,0.10327466328938802,55.999996185302734,4171235328,7168
9,8,8,8,64,balanced,0.40622294743855797,1.7499998807907104,4171235328,57344
9,8,8,8,64,hot_rank,0.2283221403757731,55.999996185302734,4171235328,57344
9,8,8,128,1024,balanced,0.4729493459065755,1.0390625,4171235328,917504
9,8,8,128,1024,hot_rank,1.051645851135254,55.999996185302734,4171235328,917504
9,8,8,512,4096,balanced,0.6286762873331706,1.01171875,4171235328,3670016
9,8,8,512,4096,hot_rank,2.444695536295573,55.999996185302734,4171235328,3670016
9,8,8,2048,16384,balanced,1.5401877085367839,1.00146484375,4171235328,14680064
9,8,8,2048,16384,hot_rank,9.031583658854167,55.999996185302734,4171235328,14680064
9,4,4,1,4,balanced,0.2739434560139974,13.999999046325684,3089104896,7168
9,4,4,1,4,hot_rank,0.12899626890818278,55.999996185302734,3089104896,7168
9,4,4,8,32,balanced,0.7523946762084961,1.7499998807907104,3089104896,57344
9,4,4,8,32,hot_rank,0.18174506823221842,55.999996185302734,3089104896,57344
9,4,4,128,512,balanced,0.8466431935628255,1.09375,3089104896,917504
9,4,4,128,512,hot_rank,0.9098496119181315,55.999996185302734,3089104896,917504
9,4,4,512,2048,balanced,1.0731136322021484,1.01171875,3089104896,3670016
9,4,4,512,2048,hot_rank,1.5037525177001954,55.999996185302734,3089104896,3670016
9,4,4,2048,8192,balanced,1.6727957407633463,1.0048828125,3089104896,14680064
9,4,4,2048,8192,hot_rank,4.729638163248698,55.999996185302734,3089104896,14680064
10,16,16,1,16,balanced,0.1963754653930664,3.499999761581421,6981419008,7168
10,16,16,1,16,hot_rank,0.11279786427815755,55.999996185302734,6981419008,7168
10,16,16,8,128,balanced,0.21488213539123535,1.3125,6981419008,57344
10,16,16,8,128,hot_rank,0.36924587885538734,55.999996185302734,6981419008,57344
10,16,16,128,2048,balanced,2.829461415608724,1.01171875,6981419008,917504
10,16,16,128,2048,hot_rank,1.3672682444254558,55.999996185302734,6981419008,917504
10,16,16,512,8192,balanced,0.5361770629882813,1.0048828125,6981419008,3670016
10,16,16,512,8192,hot_rank,4.676830037434896,55.999996185302734,6981419008,3670016
10,16,16,2048,32768,balanced,1.4861610412597657,1.00146484375,6981419008,14680064
10,16,16,2048,32768,hot_rank,17.77174072265625,55.999996185302734,6981419008,14680064
10,16,4,0,8192,balanced,1.5123605092366537,1.0048828125,6981419008,0
10,16,8,0,8192,balanced,1.4451967875162761,1.0048828125,6981419008,0
10,8,8,1,8,balanced,0.39560747146606445,6.999999523162842,4171235328,7168
10,8,8,1,8,hot_rank,0.10366293589274088,55.999996185302734,4171235328,7168
10,8,8,8,64,balanced,0.38186667760213217,1.7499998807907104,4171235328,57344
10,8,8,8,64,hot_rank,0.22840533256530762,55.999996185302734,4171235328,57344
10,8,8,128,1024,balanced,0.49261226654052737,1.0390625,4171235328,917504
10,8,8,128,1024,hot_rank,1.0535104115804037,55.999996185302734,4171235328,917504
10,8,8,512,4096,balanced,0.6307392120361328,1.01171875,4171235328,3670016
10,8,8,512,4096,hot_rank,2.448780822753906,55.999996185302734,4171235328,3670016
10,8,8,2048,16384,balanced,1.5556543986002604,1.00146484375,4171235328,14680064
10,8,8,2048,16384,hot_rank,9.032273356119791,55.999996185302734,4171235328,14680064
10,4,4,1,4,balanced,0.27293227513631185,13.999999046325684,3089104896,7168
10,4,4,1,4,hot_rank,0.12908159891764323,55.999996185302734,3089104896,7168
10,4,4,8,32,balanced,0.7524266560872396,1.7499998807907104,3089104896,57344
10,4,4,8,32,hot_rank,0.18183253606160482,55.999996185302734,3089104896,57344
10,4,4,128,512,balanced,0.8466858545939128,1.09375,3089104896,917504
10,4,4,128,512,hot_rank,0.9107840220133464,55.999996185302734,3089104896,917504
10,4,4,512,2048,balanced,1.07390505472819,1.01171875,3089104896,3670016
10,4,4,512,2048,hot_rank,1.5051136016845703,55.999996185302734,3089104896,3670016
10,4,4,2048,8192,balanced,1.6735851287841796,1.0048828125,3089104896,14680064
10,4,4,2048,8192,hot_rank,4.731108093261719,55.999996185302734,3089104896,14680064
11,16,16,1,16,balanced,0.19638400077819823,3.499999761581421,6981419008,7168
11,16,16,1,16,hot_rank,0.11305812994639079,55.999996185302734,6981419008,7168
11,16,16,8,128,balanced,0.21492692629496257,1.3125,6981419008,57344
11,16,16,8,128,hot_rank,0.3692607879638672,55.999996185302734,6981419008,57344
11,16,16,128,2048,balanced,2.829565938313802,1.01171875,6981419008,917504
11,16,16,128,2048,hot_rank,1.3678634643554688,55.999996185302734,6981419008,917504
11,16,16,512,8192,balanced,0.5362304051717123,1.0048828125,6981419008,3670016
11,16,16,512,8192,hot_rank,4.676921590169271,55.999996185302734,6981419008,3670016
11,16,16,2048,32768,balanced,1.4862997690836588,1.00146484375,6981419008,14680064
11,16,16,2048,32768,hot_rank,17.771734619140624,55.999996185302734,6981419008,14680064
11,16,4,0,8192,balanced,1.512234624226888,1.0048828125,6981419008,0
11,16,8,0,8192,balanced,1.4462954203287761,1.0048828125,6981419008,0
11,8,8,1,8,balanced,0.39557120005289714,6.999999523162842,4171235328,7168
11,8,8,1,8,hot_rank,0.10371200243631999,55.999996185302734,4171235328,7168
11,8,8,8,64,balanced,0.40719359715779624,1.7499998807907104,4171235328,57344
11,8,8,8,64,hot_rank,0.22846293449401855,55.999996185302734,4171235328,57344
11,8,8,128,1024,balanced,0.49265279769897463,1.0390625,4171235328,917504
11,8,8,128,1024,hot_rank,1.0536319732666015,55.999996185302734,4171235328,917504
11,8,8,512,4096,balanced,0.6296853383382162,1.01171875,4171235328,3670016
11,8,8,512,4096,hot_rank,2.448633575439453,55.999996185302734,4171235328,3670016
11,8,8,2048,16384,balanced,1.555630874633789,1.00146484375,4171235328,14680064
11,8,8,2048,16384,hot_rank,9.032240804036459,55.999996185302734,4171235328,14680064
11,4,4,1,4,balanced,0.27335039774576825,13.999999046325684,3089104896,7168
11,4,4,1,4,hot_rank,0.1291221300760905,55.999996185302734,3089104896,7168
11,4,4,8,32,balanced,0.7525824228922526,1.7499998807907104,3089104896,57344
11,4,4,8,32,hot_rank,0.18190719286600748,55.999996185302734,3089104896,57344
11,4,4,128,512,balanced,0.8467434565226237,1.09375,3089104896,917504
11,4,4,128,512,hot_rank,0.9108863830566406,55.999996185302734,3089104896,917504
11,4,4,512,2048,balanced,1.0739604949951171,1.01171875,3089104896,3670016
11,4,4,512,2048,hot_rank,1.5052010854085287,55.999996185302734,3089104896,3670016
11,4,4,2048,8192,balanced,1.67368532816569,1.0048828125,3089104896,14680064
11,4,4,2048,8192,hot_rank,4.731007893880208,55.999996185302734,3089104896,14680064
12,16,16,1,16,balanced,0.1960426648457845,3.499999761581421,6981419008,7168
12,16,16,1,16,hot_rank,0.1128554662068685,55.999996185302734,6981419008,7168
12,16,16,8,128,balanced,0.2145578702290853,1.3125,6981419008,57344
12,16,16,8,128,hot_rank,0.3691925366719564,55.999996185302734,6981419008,57344
12,16,16,128,2048,balanced,0.30196266174316405,1.01171875,6981419008,917504
12,16,16,128,2048,hot_rank,1.3677781422932942,55.999996185302734,6981419008,917504
12,16,16,512,8192,balanced,0.534884262084961,1.0048828125,6981419008,3670016
12,16,16,512,8192,hot_rank,4.676767985026042,55.999996185302734,6981419008,3670016
12,16,16,2048,32768,balanced,1.4882261912027994,1.00146484375,6981419008,14680064
12,16,16,2048,32768,hot_rank,17.770379638671876,55.999996185302734,6981419008,14680064
12,16,4,0,8192,balanced,1.512243143717448,1.0048828125,6981419008,0
12,16,8,0,8192,balanced,1.4473407745361329,1.0048828125,6981419008,0
12,8,8,1,8,balanced,0.3558613459269206,6.999999523162842,4171235328,7168
12,8,8,1,8,hot_rank,0.10329386393229166,55.999996185302734,4171235328,7168
12,8,8,8,64,balanced,0.40074453353881834,1.7499998807907104,4171235328,57344
12,8,8,8,64,hot_rank,0.22905386288960775,55.999996185302734,4171235328,57344
12,8,8,128,1024,balanced,0.48961706161499025,1.0390625,4171235328,917504
12,8,8,128,1024,hot_rank,1.05327574412028,55.999996185302734,4171235328,917504
12,8,8,512,4096,balanced,0.628659184773763,1.01171875,4171235328,3670016
12,8,8,512,4096,hot_rank,2.4484842936197917,55.999996185302734,4171235328,3670016
12,8,8,2048,16384,balanced,1.554052225748698,1.00146484375,4171235328,14680064
12,8,8,2048,16384,hot_rank,9.032083129882812,55.999996185302734,4171235328,14680064
12,4,4,1,4,balanced,0.29397331873575844,13.999999046325684,3089104896,7168
12,4,4,1,4,hot_rank,0.1305450677871704,55.999996185302734,3089104896,7168
12,4,4,8,32,balanced,0.75502503712972,1.7499998807907104,3089104896,57344
12,4,4,8,32,hot_rank,0.18170026143391926,55.999996185302734,3089104896,57344
12,4,4,128,512,balanced,0.9265130360921224,1.09375,3089104896,917504
12,4,4,128,512,hot_rank,0.9103786468505859,55.999996185302734,3089104896,917504
12,4,4,512,2048,balanced,1.0895467122395834,1.01171875,3089104896,3670016
12,4,4,512,2048,hot_rank,1.5006484985351562,55.999996185302734,3089104896,3670016
12,4,4,2048,8192,balanced,1.6773909250895183,1.0048828125,3089104896,14680064
12,4,4,2048,8192,hot_rank,4.728648376464844,55.999996185302734,3089104896,14680064
13,16,16,1,16,balanced,0.19247360229492189,3.499999761581421,6981419008,7168
13,16,16,1,16,hot_rank,0.11174826622009278,55.999996185302734,6981419008,7168
13,16,16,8,128,balanced,0.21424853006998698,1.3125,6981419008,57344
13,16,16,8,128,hot_rank,0.3685525258382161,55.999996185302734,6981419008,57344
13,16,16,128,2048,balanced,2.832477823893229,1.01171875,6981419008,917504
13,16,16,128,2048,hot_rank,1.3643071492513021,55.999996185302734,6981419008,917504
13,16,16,512,8192,balanced,0.5136405309041341,1.0048828125,6981419008,3670016
13,16,16,512,8192,hot_rank,4.675961812337239,55.999996185302734,6981419008,3670016
13,16,16,2048,32768,balanced,1.4887424468994142,1.00146484375,6981419008,14680064
13,16,16,2048,32768,hot_rank,17.7661865234375,55.999996185302734,6981419008,14680064
13,16,4,0,8192,balanced,1.5118485768636067,1.0048828125,6981419008,0
13,16,8,0,8192,balanced,1.4523391723632812,1.0048828125,6981419008,0
13,8,8,1,8,balanced,0.3892287890116374,6.999999523162842,4171235328,7168
13,8,8,1,8,hot_rank,0.1030890703201294,55.999996185302734,4171235328,7168
13,8,8,8,64,balanced,0.39264640808105467,1.7499998807907104,4171235328,57344
13,8,8,8,64,hot_rank,0.22867627143859864,55.999996185302734,4171235328,57344
13,8,8,128,1024,balanced,0.4923199971516927,1.0390625,4171235328,917504
13,8,8,128,1024,hot_rank,1.0530368169148763,55.999996185302734,4171235328,917504
13,8,8,512,4096,balanced,0.6275882720947266,1.01171875,4171235328,3670016
13,8,8,512,4096,hot_rank,2.445725758870443,55.999996185302734,4171235328,3670016
13,8,8,2048,16384,balanced,1.5536426544189452,1.00146484375,4171235328,14680064
13,8,8,2048,16384,hot_rank,9.028305053710938,55.999996185302734,4171235328,14680064
13,4,4,1,4,balanced,0.30519253412882485,13.999999046325684,3089104896,7168
13,4,4,1,4,hot_rank,0.13096106847127278,55.999996185302734,3089104896,7168
13,4,4,8,32,balanced,0.7553749084472656,1.7499998807907104,3089104896,57344
13,4,4,8,32,hot_rank,0.18206292788187664,55.999996185302734,3089104896,57344
13,4,4,128,512,balanced,1.0174421310424804,1.09375,3089104896,917504
13,4,4,128,512,hot_rank,0.9104490915934245,55.999996185302734,3089104896,917504
13,4,4,512,2048,balanced,1.0895360310872395,1.01171875,3089104896,3670016
13,4,4,512,2048,hot_rank,1.500543975830078,55.999996185302734,3089104896,3670016
13,4,4,2048,8192,balanced,1.677452850341797,1.0048828125,3089104896,14680064
13,4,4,2048,8192,hot_rank,4.728514099121094,55.999996185302734,3089104896,14680064
14,16,16,1,16,balanced,0.19634133974711102,3.499999761581421,6981419008,7168
14,16,16,1,16,hot_rank,0.11284480094909669,55.999996185302734,6981419008,7168
14,16,16,8,128,balanced,0.21476267178853353,1.3125,6981419008,57344
14,16,16,8,128,hot_rank,0.3692864100138346,55.999996185302734,6981419008,57344
14,16,16,128,2048,balanced,2.8337664286295574,1.01171875,6981419008,917504
14,16,16,128,2048,hot_rank,1.3677525838216147,55.999996185302734,6981419008,917504
14,16,16,512,8192,balanced,0.5356650670369466,1.0048828125,6981419008,3670016
14,16,16,512,8192,hot_rank,4.676791381835938,55.999996185302734,6981419008,3670016
14,16,16,2048,32768,balanced,1.4881407419840496,1.00146484375,6981419008,14680064
14,16,16,2048,32768,hot_rank,17.771427408854166,55.999996185302734,6981419008,14680064
14,16,4,0,8192,balanced,1.5123563130696616,1.0048828125,6981419008,0
14,16,8,0,8192,balanced,1.450158945719401,1.0048828125,6981419008,0
14,8,8,1,8,balanced,0.39311145146687826,6.999999523162842,4171235328,7168
14,8,8,1,8,hot_rank,0.10344106356302897,55.999996185302734,4171235328,7168
14,8,8,8,64,balanced,0.4040170669555664,1.7499998807907104,4171235328,57344
14,8,8,8,64,hot_rank,0.22916693687438966,55.999996185302734,4171235328,57344
14,8,8,128,1024,balanced,0.4895359992980957,1.0390625,4171235328,917504
14,8,8,128,1024,hot_rank,1.0534144083658854,55.999996185302734,4171235328,917504
14,8,8,512,4096,balanced,0.6287743886311848,1.01171875,4171235328,3670016
14,8,8,512,4096,hot_rank,2.448516337076823,55.999996185302734,4171235328,3670016
14,8,8,2048,16384,balanced,1.5549546559651692,1.00146484375,4171235328,14680064
14,8,8,2048,16384,hot_rank,9.032198079427083,55.999996185302734,4171235328,14680064
14,4,4,1,4,balanced,0.30423679351806643,13.999999046325684,3089104896,7168
14,4,4,1,4,hot_rank,0.1312383969624837,55.999996185302734,3089104896,7168
14,4,4,8,32,balanced,0.755618158976237,1.7499998807907104,3089104896,57344
14,4,4,8,32,hot_rank,0.18201386133829753,55.999996185302734,3089104896,57344
14,4,4,128,512,balanced,1.0164714813232423,1.09375,3089104896,917504
14,4,4,128,512,hot_rank,0.910809580485026,55.999996185302734,3089104896,917504
14,4,4,512,2048,balanced,1.0893248240152995,1.01171875,3089104896,3670016
14,4,4,512,2048,hot_rank,1.5007893880208334,55.999996185302734,3089104896,3670016
14,4,4,2048,8192,balanced,1.6773269653320313,1.0048828125,3089104896,14680064
14,4,4,2048,8192,hot_rank,4.728584289550781,55.999996185302734,3089104896,14680064
15,16,16,1,16,balanced,0.19636905988057454,3.499999761581421,6981419008,7168
15,16,16,1,16,hot_rank,0.11285759607950846,55.999996185302734,6981419008,7168
15,16,16,8,128,balanced,0.21475413640340169,1.3125,6981419008,57344
15,16,16,8,128,hot_rank,0.3691925366719564,55.999996185302734,6981419008,57344
15,16,16,128,2048,balanced,2.833233133951823,1.01171875,6981419008,917504
15,16,16,128,2048,hot_rank,1.3680533091227214,55.999996185302734,6981419008,917504
15,16,16,512,8192,balanced,0.5357823689778646,1.0048828125,6981419008,3670016
15,16,16,512,8192,hot_rank,4.676757303873698,55.999996185302734,6981419008,3670016
15,16,16,2048,32768,balanced,1.4882303873697917,1.00146484375,6981419008,14680064
15,16,16,2048,32768,hot_rank,17.771671549479166,55.999996185302734,6981419008,14680064
15,16,4,0,8192,balanced,1.512488555908203,1.0048828125,6981419008,0
15,16,8,0,8192,balanced,1.4500736236572265,1.0048828125,6981419008,0
15,8,8,1,8,balanced,0.39239466985066734,6.999999523162842,4171235328,7168
15,8,8,1,8,hot_rank,0.10347519715627035,55.999996185302734,4171235328,7168
15,8,8,8,64,balanced,0.4039338747660319,1.7499998807907104,4171235328,57344
15,8,8,8,64,hot_rank,0.2292245388031006,55.999996185302734,4171235328,57344
15,8,8,128,1024,balanced,0.48964481353759765,1.0390625,4171235328,917504
15,8,8,128,1024,hot_rank,1.053384526570638,55.999996185302734,4171235328,917504
15,8,8,512,4096,balanced,0.6287338892618816,1.01171875,4171235328,3670016
15,8,8,512,4096,hot_rank,2.4486399332682294,55.999996185302734,4171235328,3670016
15,8,8,2048,16384,balanced,1.5547882080078126,1.00146484375,4171235328,14680064
15,8,8,2048,16384,hot_rank,9.032112630208333,55.999996185302734,4171235328,14680064
15,4,4,1,4,balanced,0.30418987274169923,13.999999046325684,3089104896,7168
15,4,4,1,4,hot_rank,0.13138346672058104,55.999996185302734,3089104896,7168
15,4,4,8,32,balanced,0.755624516805013,1.7499998807907104,3089104896,57344
15,4,4,8,32,hot_rank,0.18202880223592122,55.999996185302734,3089104896,57344
15,4,4,128,512,balanced,1.0165503819783528,1.09375,3089104896,917504
15,4,4,128,512,hot_rank,0.9108266830444336,55.999996185302734,3089104896,917504
15,4,4,512,2048,balanced,1.0892693837483725,1.01171875,3089104896,3670016
15,4,4,512,2048,hot_rank,1.5008597056070963,55.999996185302734,3089104896,3670016
15,4,4,2048,8192,balanced,1.677578608194987,1.0048828125,3089104896,14680064
15,4,4,2048,8192,hot_rank,4.728791300455729,55.999996185302734,3089104896,14680064
