rank,op,m,n,k,tp,ms,gflops,gbps
0,hbm_copy,0,0,0,1,0.08218208312988282,0,6532.700213397055
0,bf16_kda_projection,1,12288,7168,1,0.03210773269335429,5486.552715584991,0
0,bf16_kda_projection,8,12288,7168,1,0.03199359973271688,44049.00216835726,0
0,bf16_kda_projection,128,12288,7168,1,0.030306132634480794,744026.9128349739,0
0,bf16_kda_projection,1024,12288,7168,1,0.11693440278371176,1542648.0328946188,0
0,bf16_kda_projection,8192,12288,7168,1,0.8426634470621744,1712556.7941592734,0
0,bf16_kda_projection,1,6144,7168,2,0.0234389324982961,3757.8667034602804,0
0,bf16_kda_projection,8,6144,7168,2,0.023137066761652628,30455.16007966383,0
0,bf16_kda_projection,128,6144,7168,2,0.021546665827433267,523249.82632094977,0
0,bf16_kda_projection,1024,6144,7168,2,0.06250453392664591,1443004.331843355,0
0,bf16_kda_projection,8192,6144,7168,2,0.4329962730407715,1666421.9778632077,0
0,bf16_kda_projection,1,3072,7168,4,0.02279040018717448,1932.4009950814311,0
0,bf16_kda_projection,8,3072,7168,4,0.022754132747650146,15483.848139032449,0
0,bf16_kda_projection,128,3072,7168,4,0.02127679983774821,264943.2536371784,0
0,bf16_kda_projection,1024,3072,7168,4,0.030103466908137002,1498071.8581556526,0
0,bf16_kda_projection,8192,3072,7168,4,0.21972266832987467,1641966.4643902688,0
0,bf16_kda_projection,1,1536,7168,8,0.02299840052922567,957.4620622863547,0
0,bf16_kda_projection,8,1536,7168,8,0.023553067445755006,7479.313189490724,0
0,bf16_kda_projection,128,1536,7168,8,0.02422719995180766,116339.16810884695,0
0,bf16_kda_projection,1024,1536,7168,8,0.02183893322944641,1032494.4935312474,0
0,bf16_kda_projection,8192,1536,7168,8,0.12130453586578369,1487072.3930025946,0
0,bf16_kda_projection,1,768,7168,16,0.022836265961329143,482.12996024150266,0
0,bf16_kda_projection,8,768,7168,16,0.023319466908772787,3777.1182482247973,0
0,bf16_kda_projection,128,768,7168,16,0.022823466857274374,61747.24255578322,0
0,bf16_kda_projection,1024,768,7168,16,0.02045546571413676,551162.6725862491,0
0,bf16_kda_projection,8192,768,7168,16,0.0640234669049581,1408769.5899050913,0
1,hbm_copy,0,0,0,1,0.08212384223937988,0,6537.333097921722
1,bf16_kda_projection,1,12288,7168,1,0.031923200686772665,5518.267724106749,0
1,bf16_kda_projection,8,12288,7168,1,0.03192960023880005,44137.293716802335,0
1,bf16_kda_projection,128,12288,7168,1,0.030202666918436687,746575.7366689899,0
1,bf16_kda_projection,1024,12288,7168,1,0.11177386442820231,1613871.251162406,0
1,bf16_kda_projection,8192,12288,7168,1,0.8185930887858073,1762913.7494875714,0
1,bf16_kda_projection,1,6144,7168,2,0.023890133698781332,3686.89372401851,0
1,bf16_kda_projection,8,6144,7168,2,0.022874667247136434,30804.516821472484,0
1,bf16_kda_projection,128,6144,7168,2,0.02098133365313212,537348.5469698424,0
1,bf16_kda_projection,1024,6144,7168,2,0.05796693166097005,1555961.4875515157,0
1,bf16_kda_projection,8192,6144,7168,2,0.41280854543050133,1747915.6226659988,0
1,bf16_kda_projection,1,3072,7168,4,0.023241599400838215,1894.8864594237725,0
1,bf16_kda_projection,8,3072,7168,4,0.02295680046081543,15347.153302193467,0
1,bf16_kda_projection,128,3072,7168,4,0.020253866910934448,278324.3615053418,0
1,bf16_kda_projection,1024,3072,7168,4,0.028686932722727456,1572045.25990579,0
1,bf16_kda_projection,8192,3072,7168,4,0.2114133358001709,1706501.8698962715,0
1,bf16_kda_projection,1,1536,7168,8,0.023244800170262654,947.3127683915549,0
1,bf16_kda_projection,8,1536,7168,8,0.02235520084698995,7880.079861761539,0
1,bf16_kda_projection,128,1536,7168,8,0.023021866877873737,122430.22266404136,0
1,bf16_kda_projection,1024,1536,7168,8,0.022010666131973267,1024438.7047989132,0
1,bf16_kda_projection,8192,1536,7168,8,0.11569920380910238,1559117.2669574441,0
1,bf16_kda_projection,1,768,7168,16,0.021910399198532104,502.50330449194286,0
1,bf16_kda_projection,8,768,7168,16,0.02291733423868815,3843.395705740772,0
1,bf16_kda_projection,128,768,7168,16,0.022946133216222128,61417.15167083938,0
1,bf16_kda_projection,1024,768,7168,16,0.02027946710586548,555946.0262513066,0
1,bf16_kda_projection,8192,768,7168,16,0.05957440137863159,1513977.6670647555,0
2,hbm_copy,0,0,0,1,0.08235103607177735,0,6519.297602182711
2,bf16_kda_projection,1,12288,7168,1,0.03214186628659566,5480.726179035395,0
2,bf16_kda_projection,8,12288,7168,1,0.03254186709721883,43306.86188932422,0
2,bf16_kda_projection,128,12288,7168,1,0.030437332391738892,740819.7937254184,0
2,bf16_kda_projection,1024,12288,7168,1,0.1141045331954956,1580906.747350166,0
2,bf16_kda_projection,8192,12288,7168,1,0.8244501113891601,1750389.7343459972,0
2,bf16_kda_projection,1,6144,7168,2,0.02690239946047465,3274.071672655401,0
2,bf16_kda_projection,8,6144,7168,2,0.025752532482147216,27362.088465998033,0
2,bf16_kda_projection,128,6144,7168,2,0.02348373333613078,480089.3022683918,0
2,bf16_kda_projection,1024,6144,7168,2,0.07497386932373047,1203009.9824053233,0
2,bf16_kda_projection,8192,6144,7168,2,0.5328906695048015,1354038.5430251912,0
2,bf16_kda_projection,1,3072,7168,4,0.0276202658812205,1594.488343790481,0
2,bf16_kda_projection,8,3072,7168,4,0.025805866718292235,13652.768955450752,0
2,bf16_kda_projection,128,3072,7168,4,0.02448106606801351,230265.48600207342,0
2,bf16_kda_projection,1024,3072,7168,4,0.040505599975585935,1113356.0948407517,0
2,bf16_kda_projection,8192,3072,7168,4,0.25181867281595866,1432686.6583387705,0
2,bf16_kda_projection,1,1536,7168,8,0.02567253311475118,857.7297729668707,0
2,bf16_kda_projection,8,1536,7168,8,0.025848533709843954,6815.116477299921,0
2,bf16_kda_projection,128,1536,7168,8,0.024946133295694988,112986.33958980758,0
2,bf16_kda_projection,1024,1536,7168,8,0.023460266987482707,961139.0320506948,0
2,bf16_kda_projection,8192,1536,7168,8,0.12366186777750651,1458724.7441269185,0
2,bf16_kda_projection,1,768,7168,16,0.027643734216690065,398.2836730268018,0
2,bf16_kda_projection,8,768,7168,16,0.02586666742960612,3405.169384100332,0
2,bf16_kda_projection,128,768,7168,16,0.02708160082499186,52038.50958099422,0
2,bf16_kda_projection,1024,768,7168,16,0.02462399999300639,457857.74671873293,0
2,bf16_kda_projection,8192,768,7168,16,0.06730559666951498,1340071.5197411228,0
3,hbm_copy,0,0,0,1,0.08210816383361816,0,6538.581389883486
3,bf16_kda_projection,1,12288,7168,1,0.03191999991734822,5518.8210669216905,0
3,bf16_kda_projection,8,12288,7168,1,0.03199359973271688,44049.00216835726,0
3,bf16_kda_projection,128,12288,7168,1,0.030320000648498536,743686.6036187443,0
3,bf16_kda_projection,1024,12288,7168,1,0.11507626374562581,1567557.205634918,0
3,bf16_kda_projection,8192,12288,7168,1,0.8308298746744792,1736948.8693716184,0
3,bf16_kda_projection,1,6144,7168,2,0.023941334088643393,3679.0090173705507,0
3,bf16_kda_projection,8,6144,7168,2,0.02456000049908956,28690.678244331517,0
3,bf16_kda_projection,128,6144,7168,2,0.022738132874170938,495831.7912200641,0
3,bf16_kda_projection,1024,6144,7168,2,0.06727893352508545,1340602.6001046877,0
3,bf16_kda_projection,8192,6144,7168,2,0.44364798863728844,1626412.210149607,0
3,bf16_kda_projection,1,3072,7168,4,0.024139734109242757,1824.385960537057,0
3,bf16_kda_projection,8,3072,7168,4,0.023849600553512575,14772.638862838732,0
3,bf16_kda_projection,128,3072,7168,4,0.022789333264033,247358.90737517795,0
3,bf16_kda_projection,1024,3072,7168,4,0.02888746658960978,1561132.280953308,0
3,bf16_kda_projection,8192,3072,7168,4,0.21758507092793783,1658097.4573549032,0
3,bf16_kda_projection,1,1536,7168,8,0.024082134167353313,914.3747745518048,0
3,bf16_kda_projection,8,1536,7168,8,0.023704532782236734,7431.522469491916,0
3,bf16_kda_projection,128,1536,7168,8,0.022919466098149616,122977.22276469412,0
3,bf16_kda_projection,1024,1536,7168,8,0.0210591991742452,1070723.4457222982,0
3,bf16_kda_projection,8192,1536,7168,8,0.1124672015508016,1603922.067452867,0
3,bf16_kda_projection,1,768,7168,16,0.023817600806554158,462.26519998480455,0
3,bf16_kda_projection,8,768,7168,16,0.02349226673444112,3749.335259797161,0
3,bf16_kda_projection,128,768,7168,16,0.02407146692276001,58545.91863977738,0
3,bf16_kda_projection,1024,768,7168,16,0.021550933519999187,523146.2080998719,0
3,bf16_kda_projection,8192,768,7168,16,0.061562665303548175,1465081.356878836,0
4,hbm_copy,0,0,0,1,0.08212287902832031,0,6537.409773649783
4,bf16_kda_projection,1,12288,7168,1,0.032179200649261476,5474.367431312901,0
4,bf16_kda_projection,8,12288,7168,1,0.032035199801127116,43991.80129197809,0
4,bf16_kda_projection,128,12288,7168,1,0.030457599957784017,740326.825989363,0
4,bf16_kda_projection,1024,12288,7168,1,0.11510186990102132,1567208.4787772798,0
4,bf16_kda_projection,8192,12288,7168,1,0.8361536026000976,1725889.844842524,0
4,bf16_kda_projection,1,6144,7168,2,0.026119466622670492,3372.212199905732,0
4,bf16_kda_projection,8,6144,7168,2,0.02700693408648173,26091.190867633795,0
4,bf16_kda_projection,128,6144,7168,2,0.023966934283574423,470410.1500260197,0
4,bf16_kda_projection,1024,6144,7168,2,0.06113066673278809,1475434.8028012482,0
4,bf16_kda_projection,8192,6144,7168,2,0.42622718811035154,1692887.093681099,0
4,bf16_kda_projection,1,3072,7168,4,0.026794666051864625,1643.6178721076192,0
4,bf16_kda_projection,8,3072,7168,4,0.026997333765029906,13050.234481168209,0
4,bf16_kda_projection,128,3072,7168,4,0.02406826615333557,234214.81797178646,0
4,bf16_kda_projection,1024,3072,7168,4,0.03207893371582031,1405818.4417071044,0
4,bf16_kda_projection,8192,3072,7168,4,0.220631472269694,1635203.034057605,0
4,bf16_kda_projection,1,1536,7168,8,0.024969599644343057,881.8762140220668,0
4,bf16_kda_projection,8,1536,7168,8,0.027084799607594807,6504.045462850795,0
4,bf16_kda_projection,128,1536,7168,8,0.027289599180221558,103283.75544785545,0
4,bf16_kda_projection,1024,1536,7168,8,0.023421865701675416,962714.8661512072,0
4,bf16_kda_projection,8192,1536,7168,8,0.13123626708984376,1374533.3544766766,0
4,bf16_kda_projection,1,768,7168,16,0.025166932741800943,437.4807257188276,0
4,bf16_kda_projection,8,768,7168,16,0.026270933945973716,3352.769421183795,0
4,bf16_kda_projection,128,768,7168,16,0.02721280058224996,51787.618835498775,0
4,bf16_kda_projection,1024,768,7168,16,0.024190932512283325,466054.3427284294,0
4,bf16_kda_projection,8192,768,7168,16,0.059517868359883624,1515415.7180265042,0
5,hbm_copy,0,0,0,1,0.08208576202392578,0,6540.365816955157
5,bf16_kda_projection,1,12288,7168,1,0.03219626744588216,5471.465544759308,0
5,bf16_kda_projection,8,12288,7168,1,0.03187733292579651,44209.66293762754,0
5,bf16_kda_projection,128,12288,7168,1,0.030173865954081218,747288.3434398023,0
5,bf16_kda_projection,1024,12288,7168,1,0.1138207991917928,1584847.652739089,0
5,bf16_kda_projection,8192,12288,7168,1,0.8100746790568034,1781451.8201411497,0
5,bf16_kda_projection,1,6144,7168,2,0.024741333723068238,3560.049954698922,0
5,bf16_kda_projection,8,6144,7168,2,0.025433599948883057,27705.203880544057,0
5,bf16_kda_projection,128,6144,7168,2,0.02347093423207601,480351.1032207765,0
5,bf16_kda_projection,1024,6144,7168,2,0.06479039986928305,1392093.7885546356,0
5,bf16_kda_projection,8192,6144,7168,2,0.42340908050537107,1704154.5374198626,0
5,bf16_kda_projection,1,3072,7168,4,0.025625600417455038,1718.6013706044423,0
5,bf16_kda_projection,8,3072,7168,4,0.02512320081392924,14023.751933896092,0
5,bf16_kda_projection,128,3072,7168,4,0.023154133558273317,243461.69386181867,0
5,bf16_kda_projection,1024,3072,7168,4,0.031049599250157673,1452423.1454539946,0
5,bf16_kda_projection,8192,3072,7168,4,0.22150932947794597,1628722.6082724426,0
5,bf16_kda_projection,1,1536,7168,8,0.02446399927139282,900.1020542765214,0
5,bf16_kda_projection,8,1536,7168,8,0.02476693391799927,7112.740260189247,0
5,bf16_kda_projection,128,1536,7168,8,0.025309866666793822,111362.58934536095,0
5,bf16_kda_projection,1024,1536,7168,8,0.023285333315531412,968359.6965717474,0
5,bf16_kda_projection,8192,1536,7168,8,0.12843519846598309,1404510.8240306657,0
5,bf16_kda_projection,1,768,7168,16,0.02513493299484253,438.0376905026628,0
5,bf16_kda_projection,8,768,7168,16,0.02459519902865092,3581.2023272263527,0
5,bf16_kda_projection,128,768,7168,16,0.02550719976425171,55250.52365705434,0
5,bf16_kda_projection,1024,768,7168,16,0.022191999355951945,508033.9527396485,0
5,bf16_kda_projection,8192,768,7168,16,0.0587285319964091,1535783.5476206837,0
6,hbm_copy,0,0,0,1,0.08210944175720215,0,6538.479625613931
6,bf16_kda_projection,1,12288,7168,1,0.032110933462778726,5486.005824283998,0
6,bf16_kda_projection,8,12288,7168,1,0.032014934221903484,44019.64827514205,0
6,bf16_kda_projection,128,12288,7168,1,0.03030186692873637,744131.6522519726,0
6,bf16_kda_projection,1024,12288,7168,1,0.10962986946105957,1645433.1955222648,0
6,bf16_kda_projection,8192,12288,7168,1,0.799021848042806,1806094.557978455,0
6,bf16_kda_projection,1,6144,7168,2,0.025401600201924644,3467.513199948965,0
6,bf16_kda_projection,8,6144,7168,2,0.0251093327999115,28062.99464884561,0
6,bf16_kda_projection,128,6144,7168,2,0.023021866877873737,489720.89065616543,0
6,bf16_kda_projection,1024,6144,7168,2,0.05544213453928629,1626818.916073448,0
6,bf16_kda_projection,8192,6144,7168,2,0.4648661295572917,1552176.9813928187,0
6,bf16_kda_projection,1,3072,7168,4,0.02439039945602417,1805.6363561984444,0
6,bf16_kda_projection,8,3072,7168,4,0.024435200293858848,14418.606426915472,0
6,bf16_kda_projection,128,3072,7168,4,0.022689066330591836,248452.029442895,0
6,bf16_kda_projection,1024,3072,7168,4,0.03096533417701721,1456375.5827790024,0
6,bf16_kda_projection,8192,3072,7168,4,0.21038613319396973,1714833.8029074098,0
6,bf16_kda_projection,1,1536,7168,8,0.025435733795166015,865.7149888942796,0
6,bf16_kda_projection,8,1536,7168,8,0.024576000372568765,7167.999891334112,0
6,bf16_kda_projection,128,1536,7168,8,0.024753065903981526,113867.60326714249,0
6,bf16_kda_projection,1024,1536,7168,8,0.022707200050354003,993014.4735589481,0
6,bf16_kda_projection,8192,1536,7168,8,0.11775039831797282,1531957.674953074,0
6,bf16_kda_projection,1,768,7168,16,0.025653332471847534,429.18587719870857,0
6,bf16_kda_projection,8,768,7168,16,0.02500693400700887,3522.2384309613117,0
6,bf16_kda_projection,128,768,7168,16,0.025483733415603636,55301.400348863215,0
6,bf16_kda_projection,1024,768,7168,16,0.02292799949645996,491725.81121788354,0
6,bf16_kda_projection,8192,768,7168,16,0.06442559957504272,1399976.3108287717,0
7,hbm_copy,0,0,0,1,0.08207072257995605,0,6541.564337720584
7,bf16_kda_projection,1,12288,7168,1,0.03236693342526754,5442.6153285957735,0
7,bf16_kda_projection,8,12288,7168,1,0.03207040031750997,43943.51582916009,0
7,bf16_kda_projection,128,12288,7168,1,0.030243200063705445,745575.1460329199,0
7,bf16_kda_projection,1024,12288,7168,1,0.10848853588104249,1662743.6711819565,0
7,bf16_kda_projection,8192,12288,7168,1,0.8055423736572266,1791474.984617097,0
7,bf16_kda_projection,1,6144,7168,2,0.026428800821304322,3332.7423591992183,0
7,bf16_kda_projection,8,6144,7168,2,0.026002132892608644,27099.433531481624,0
7,bf16_kda_projection,128,6144,7168,2,0.02264960010846456,497769.89871828235,0
7,bf16_kda_projection,1024,6144,7168,2,0.0585258682568868,1541101.6684128686,0
7,bf16_kda_projection,8192,6144,7168,2,0.4122570673624674,1750253.8169796614,0
7,bf16_kda_projection,1,3072,7168,4,0.026726400852203368,1647.816039411429,0
7,bf16_kda_projection,8,3072,7168,4,0.025931733846664428,13586.501314693956,0
7,bf16_kda_projection,128,3072,7168,4,0.02319999933242798,242980.37664684918,0
7,bf16_kda_projection,1024,3072,7168,4,0.027971200148264565,1612271.0634137017,0
7,bf16_kda_projection,8192,3072,7168,4,0.20853333473205565,1730069.934994146,0
7,bf16_kda_projection,1,1536,7168,8,0.02637973427772522,834.7353225082917,0
7,bf16_kda_projection,8,1536,7168,8,0.02487786610921224,7081.024040673968,0
7,bf16_kda_projection,128,1536,7168,8,0.026173865795135497,107686.51104354029,0
7,bf16_kda_projection,1024,1536,7168,8,0.023939200242360435,941910.2591447593,0
7,bf16_kda_projection,8192,1536,7168,8,0.10812479654947917,1668337.256472451,0
7,bf16_kda_projection,1,768,7168,16,0.026324266195297243,418.2471001591268,0
7,bf16_kda_projection,8,768,7168,16,0.025368533531824746,3472.0329375564193,0
7,bf16_kda_projection,128,768,7168,16,0.024772266546885174,56889.67302740417,0
7,bf16_kda_projection,1024,768,7168,16,0.02174826661745707,518399.43616243254,0
7,bf16_kda_projection,8192,768,7168,16,0.05892159938812256,1530751.2720739453,0
8,hbm_copy,0,0,0,1,0.08212544441223145,0,6537.205562080836
8,bf16_kda_projection,1,12288,7168,1,0.03218986590703329,5472.553644950412,0
8,bf16_kda_projection,8,12288,7168,1,0.03195733428001404,44098.98934784935,0
8,bf16_kda_projection,128,12288,7168,1,0.03013546665509542,748240.5552922606,0
8,bf16_kda_projection,1024,12288,7168,1,0.11740907033284505,1536411.3344958196,0
8,bf16_kda_projection,8192,12288,7168,1,0.8508202870686848,1696138.460012415,0
8,bf16_kda_projection,1,6144,7168,2,0.025651200612386068,3433.7723731133683,0
8,bf16_kda_projection,8,6144,7168,2,0.02532906730969747,27819.542795806807,0
8,bf16_kda_projection,128,6144,7168,2,0.021095466613769532,534441.3261113169,0
8,bf16_kda_projection,1024,6144,7168,2,0.06390506823857625,1411379.655824454,0
8,bf16_kda_projection,8192,6144,7168,2,0.4462090810139974,1617077.1425993573,0
8,bf16_kda_projection,1,3072,7168,4,0.0251093327999115,1753.9371655528507,0
8,bf16_kda_projection,8,3072,7168,4,0.025773866971333822,13669.71965797211,0
8,bf16_kda_projection,128,3072,7168,4,0.02266133427619934,248756.0753172667,0
8,bf16_kda_projection,1024,3072,7168,4,0.032025599479675294,1408159.6391855343,0
8,bf16_kda_projection,8192,3072,7168,4,0.23509012858072917,1534633.7808484812,0
8,bf16_kda_projection,1,1536,7168,8,0.02562666734059652,859.2649097651819,0
8,bf16_kda_projection,8,1536,7168,8,0.025499733289082845,6908.337667806878,0
8,bf16_kda_projection,128,1536,7168,8,0.02632746696472168,107058.24042156563,0
8,bf16_kda_projection,1024,1536,7168,8,0.021900800863901775,1029577.7969090587,0
8,bf16_kda_projection,8192,1536,7168,8,0.12477866808573405,1445668.7925860607,0
8,bf16_kda_projection,1,768,7168,16,0.025613866249720254,429.8471731154702,0
8,bf16_kda_projection,8,768,7168,16,0.0255786657333374,3443.50971697489,0
8,bf16_kda_projection,128,768,7168,16,0.026181334257125856,53827.89624697718,0
8,bf16_kda_projection,1024,768,7168,16,0.022268799940745036,506281.8464398491,0
8,bf16_kda_projection,8192,768,7168,16,0.06721173127492269,1341943.0135948947,0
9,hbm_copy,0,0,0,1,0.08211615562438965,0,6537.945035514325
9,bf16_kda_projection,1,12288,7168,1,0.03216533263524373,5476.727693062303,0
9,bf16_kda_projection,8,12288,7168,1,0.031932799021402995,44132.8723816357,0
9,bf16_kda_projection,128,12288,7168,1,0.0302730659643809,744839.598689162,0
9,bf16_kda_projection,1024,12288,7168,1,0.11460693677266438,1573976.51060006,0
9,bf16_kda_projection,8192,12288,7168,1,0.8505023956298828,1696772.4240062041,0
9,bf16_kda_projection,1,6144,7168,2,0.024165334304173787,3644.906496691293,0
9,bf16_kda_projection,8,6144,7168,2,0.023433599869410196,30069.77485007878,0
9,bf16_kda_projection,128,6144,7168,2,0.02119999925295512,531806.1108152374,0
9,bf16_kda_projection,1024,6144,7168,2,0.07098773320515951,1270561.9568853131,0
9,bf16_kda_projection,8192,6144,7168,2,0.49699627558390297,1451830.8107646715,0
9,bf16_kda_projection,1,3072,7168,4,0.02482879956563314,1773.7543808182484,0
9,bf16_kda_projection,8,3072,7168,4,0.02439360022544861,14443.195458800737,0
9,bf16_kda_projection,128,3072,7168,4,0.02062506675720215,273315.21601167874,0
9,bf16_kda_projection,1024,3072,7168,4,0.03750293254852295,1202496.8060737997,0
9,bf16_kda_projection,8192,3072,7168,4,0.2320533275604248,1554716.998272979,0
9,bf16_kda_projection,1,1536,7168,8,0.024407466252644856,902.186887080663,0
9,bf16_kda_projection,8,1536,7168,8,0.02440320054690043,7218.756722563387,0
9,bf16_kda_projection,128,1536,7168,8,0.024170666933059692,116611.27497251087,0
9,bf16_kda_projection,1024,1536,7168,8,0.021810134251912434,1033857.8407431314,0
9,bf16_kda_projection,8192,1536,7168,8,0.12817813555399576,1407327.5886901184,0
9,bf16_kda_projection,1,768,7168,16,0.024587732553482056,447.78622738194633,0
9,bf16_kda_projection,8,768,7168,16,0.02570026715596517,3427.216669207116,0
9,bf16_kda_projection,128,768,7168,16,0.024331732590993246,57919.67911572677,0
9,bf16_kda_projection,1024,768,7168,16,0.021089067061742146,534603.5042229432,0
9,bf16_kda_projection,8192,768,7168,16,0.06321920156478882,1426691.7484487104,0
10,hbm_copy,0,0,0,1,0.08214112281799317,0,6535.9577953370435
10,bf16_kda_projection,1,12288,7168,1,0.03221120039621989,5468.929000878624,0
10,bf16_kda_projection,8,12288,7168,1,0.031932799021402995,44132.8723816357,0
10,bf16_kda_projection,128,12288,7168,1,0.03036373257637024,742615.4952223438,0
10,bf16_kda_projection,1024,12288,7168,1,0.11039466857910156,1634033.8600930294,0
10,bf16_kda_projection,8192,12288,7168,1,0.8028629302978516,1797453.783201356,0
10,bf16_kda_projection,1,6144,7168,2,0.024495999018351238,3595.704912219108,0
10,bf16_kda_projection,8,6144,7168,2,0.023647999763488768,29797.153207347827,0
10,bf16_kda_projection,128,6144,7168,2,0.021064533789952596,535226.1419323523,0
10,bf16_kda_projection,1024,6144,7168,2,0.05983253320058187,1507446.006232657,0
10,bf16_kda_projection,8192,6144,7168,2,0.41582508087158204,1735235.6529711958,0
10,bf16_kda_projection,1,3072,7168,4,0.02523840069770813,1744.967620075833,0
10,bf16_kda_projection,8,3072,7168,4,0.02427519957224528,14513.64117322529,0
10,bf16_kda_projection,128,3072,7168,4,0.020568533738454183,274066.4282481643,0
10,bf16_kda_projection,1024,3072,7168,4,0.028500266869862876,1582341.555393898,0
10,bf16_kda_projection,8192,3072,7168,4,0.21229653358459472,1699402.4667870498,0
10,bf16_kda_projection,1,1536,7168,8,0.024528000752131143,897.7533971286574,0
10,bf16_kda_projection,8,1536,7168,8,0.02462293306986491,7154.337279809959,0
10,bf16_kda_projection,128,1536,7168,8,0.02434026598930359,115798.74637518878,0
10,bf16_kda_projection,1024,1536,7168,8,0.021706666549046835,1038785.8611570247,0
10,bf16_kda_projection,8192,1536,7168,8,0.13181119759877521,1368537.9521479756,0
10,bf16_kda_projection,1,768,7168,16,0.024564266204833984,448.2139994816267,0
10,bf16_kda_projection,8,768,7168,16,0.024089600642522177,3656.36547102086,0
10,bf16_kda_projection,128,768,7168,16,0.025478400786717734,55312.974931090714,0
10,bf16_kda_projection,1024,768,7168,16,0.021709867318471274,519316.3544766377,0
10,bf16_kda_projection,8192,768,7168,16,0.059279998143514,1521496.559389964,0
11,hbm_copy,0,0,0,1,0.08213184356689453,0,6536.69622748369
11,bf16_kda_projection,1,12288,7168,1,0.03198720018068949,5507.226859647046,0
11,bf16_kda_projection,8,12288,7168,1,0.03204373319943746,43980.086066399424,0
11,bf16_kda_projection,128,12288,7168,1,0.0302346666653951,745785.5763234802,0
11,bf16_kda_projection,1024,12288,7168,1,0.11901439825693766,1515687.4216392108,0
11,bf16_kda_projection,8192,12288,7168,1,0.8551392237345378,1687572.001613607,0
11,bf16_kda_projection,1,6144,7168,2,0.02508266568183899,3511.60379511713,0
11,bf16_kda_projection,8,6144,7168,2,0.024629332621892295,28609.913342664568,0
11,bf16_kda_projection,128,6144,7168,2,0.021418666839599608,526376.7925628165,0
11,bf16_kda_projection,1024,6144,7168,2,0.074673064549764,1207856.055725318,0
11,bf16_kda_projection,8192,6144,7168,2,0.5286485354105631,1364904.0097455692,0
11,bf16_kda_projection,1,3072,7168,4,0.025736532608668008,1711.1936821344518,0
11,bf16_kda_projection,8,3072,7168,4,0.025945599873860678,13579.240322554737,0
11,bf16_kda_projection,128,3072,7168,4,0.022593067089716593,249507.71639879694,0
11,bf16_kda_projection,1024,3072,7168,4,0.039095465342203775,1153513.7441967563,0
11,bf16_kda_projection,8192,3072,7168,4,0.23715945879618328,1521243.363833339,0
11,bf16_kda_projection,1,1536,7168,8,0.02490773399670919,884.0666117162363,0
11,bf16_kda_projection,8,1536,7168,8,0.025292799870173136,6964.858335345462,0
11,bf16_kda_projection,128,1536,7168,8,0.025634133815765382,109953.87276423341,0
11,bf16_kda_projection,1024,1536,7168,8,0.022431999444961548,1005196.9892084068,0
11,bf16_kda_projection,8192,1536,7168,8,0.1268831968307495,1421690.428186656,0
11,bf16_kda_projection,1,768,7168,16,0.02571199933687846,428.20660718547856,0
11,bf16_kda_projection,8,768,7168,16,0.02523306608200073,3490.673060252062,0
11,bf16_kda_projection,128,768,7168,16,0.02517333428064982,55983.29280850518,0
11,bf16_kda_projection,1024,768,7168,16,0.022431999444961548,502598.4946042034,0
11,bf16_kda_projection,8192,768,7168,16,0.06927680174509684,1301941.067485605,0
12,hbm_copy,0,0,0,1,0.08212032318115234,0,6537.613238755723
12,bf16_kda_projection,1,12288,7168,1,0.032374399900436404,5441.360103716559,0
12,bf16_kda_projection,8,12288,7168,1,0.0321343998114268,43855.99707074243,0
12,bf16_kda_projection,128,12288,7168,1,0.0303274671236674,743503.5115874615,0
12,bf16_kda_projection,1024,12288,7168,1,0.1136629343032837,1587048.8258791028,0
12,bf16_kda_projection,8192,12288,7168,1,0.8246496200561524,1749966.2600435505,0
12,bf16_kda_projection,1,6144,7168,2,0.027297067642211913,3226.7342834947362,0
12,bf16_kda_projection,8,6144,7168,2,0.026693334182103474,26397.71664314709,0
12,bf16_kda_projection,128,6144,7168,2,0.023507199684778848,479610.04726991017,0
12,bf16_kda_projection,1024,6144,7168,2,0.057777067025502525,1561074.6245770603,0
12,bf16_kda_projection,8192,6144,7168,2,0.4167850812276204,1731238.804428162,0
12,bf16_kda_projection,1,3072,7168,4,0.027703466018040974,1589.6997137946662,0
12,bf16_kda_projection,8,3072,7168,4,0.02708373268445333,13008.603359988132,0
12,bf16_kda_projection,128,3072,7168,4,0.023169066508611044,243304.77768298917,0
12,bf16_kda_projection,1024,3072,7168,4,0.03507839838663737,1285610.4805850866,0
12,bf16_kda_projection,8192,3072,7168,4,0.2331050713857015,1547702.2902991625,0
12,bf16_kda_projection,1,1536,7168,8,0.02801813284556071,785.9230349637286,0
12,bf16_kda_projection,8,1536,7168,8,0.027271467447280883,6459.526548783652,0
12,bf16_kda_projection,128,1536,7168,8,0.028149332602818808,100129.27580804366,0
12,bf16_kda_projection,1024,1536,7168,8,0.02404266595840454,937856.8226589591,0
12,bf16_kda_projection,8192,1536,7168,8,0.12078293164571126,1493494.3536652036,0
12,bf16_kda_projection,1,768,7168,16,0.02804479996363322,392.58785993400403,0
12,bf16_kda_projection,8,768,7168,16,0.02835093339284261,3106.789564192497,0
12,bf16_kda_projection,128,768,7168,16,0.027586134274800618,51086.75720785404,0
12,bf16_kda_projection,1024,768,7168,16,0.022977066040039063,490675.7517410536,0
12,bf16_kda_projection,8192,768,7168,16,0.061901867389678955,1457053.1878823144,0
13,hbm_copy,0,0,0,1,0.08211456298828125,0,6538.071840881843
13,bf16_kda_projection,1,12288,7168,1,0.03224106629689535,5463.862962155299,0
13,bf16_kda_projection,8,12288,7168,1,0.032201600074768064,43764.475700828996,0
13,bf16_kda_projection,128,12288,7168,1,0.030479999383290608,739782.7677241135,0
13,bf16_kda_projection,1024,12288,7168,1,0.11350826422373454,1589211.3906035821,0
13,bf16_kda_projection,8192,12288,7168,1,0.824232546488444,1750851.7682348436,0
13,bf16_kda_projection,1,6144,7168,2,0.02809386650721232,3135.2175741771894,0
13,bf16_kda_projection,8,6144,7168,2,0.027259733279546103,25849.22841225,0
13,bf16_kda_projection,128,6144,7168,2,0.024510933955510458,459969.79031740874,0
13,bf16_kda_projection,1024,6144,7168,2,0.05887680053710938,1531916.007547855,0
13,bf16_kda_projection,8192,6144,7168,2,0.4381216049194336,1646927.4685978726,0
13,bf16_kda_projection,1,3072,7168,4,0.02774719993273417,1587.1940991077993,0
13,bf16_kda_projection,8,3072,7168,4,0.027195733785629273,12955.029593140567,0
13,bf16_kda_projection,128,3072,7168,4,0.024695465962092083,228266.37831629105,0
13,bf16_kda_projection,1024,3072,7168,4,0.03154346744219462,1429682.9189956167,0
13,bf16_kda_projection,8192,3072,7168,4,0.2154197374979655,1674764.1467505144,0
13,bf16_kda_projection,1,1536,7168,8,0.027592533826828004,798.0454473010388,0
13,bf16_kda_projection,8,1536,7168,8,0.027919999758402505,6309.483149153128,0
13,bf16_kda_projection,128,1536,7168,8,0.028246400753657024,99785.18369761086,0
13,bf16_kda_projection,1024,1536,7168,8,0.02487679918607076,906409.9499032657,0
13,bf16_kda_projection,8192,1536,7168,8,0.12176746527353922,1481418.9161840053,0
13,bf16_kda_projection,1,768,7168,16,0.028368000189463297,388.1150566295277,0
13,bf16_kda_projection,8,768,7168,16,0.028090665737787884,3135.574814145941,0
13,bf16_kda_projection,128,768,7168,16,0.027214932441711425,51783.56209475772,0
13,bf16_kda_projection,1024,768,7168,16,0.024729599555333454,455902.61689330364,0
13,bf16_kda_projection,8192,768,7168,16,0.059322667121887204,1520402.1934934657,0
14,hbm_copy,0,0,0,1,0.08210528373718262,0,6538.810750822238
14,bf16_kda_projection,1,12288,7168,1,0.03237546682357788,5441.180785436844,0
14,bf16_kda_projection,8,12288,7168,1,0.03214079936345418,43847.264906623146,0
14,bf16_kda_projection,128,12288,7168,1,0.030411734183629354,741443.3576148349,0
14,bf16_kda_projection,1024,12288,7168,1,0.11649173100789388,1548510.1377691454,0
14,bf16_kda_projection,8192,12288,7168,1,0.8458858489990234,1706032.8094667844,0
14,bf16_kda_projection,1,6144,7168,2,0.028131200869878133,3131.0566657790023,0
14,bf16_kda_projection,8,6144,7168,2,0.027591466903686523,25538.441811002514,0
14,bf16_kda_projection,128,6144,7168,2,0.02418986757596334,466074.86033544404,0
14,bf16_kda_projection,1024,6144,7168,2,0.07232960065205891,1246990.3387117975,0
14,bf16_kda_projection,8192,6144,7168,2,0.45199785232543943,1596367.1110730835,0
14,bf16_kda_projection,1,3072,7168,4,0.028822400172551475,1527.984891485232,0
14,bf16_kda_projection,8,3072,7168,4,0.028323199351628622,12439.326914518964,0
14,bf16_kda_projection,128,3072,7168,4,0.0245578666528066,229545.3695427472,0
14,bf16_kda_projection,1024,3072,7168,4,0.03705600102742513,1217000.0906094431,0
14,bf16_kda_projection,8192,3072,7168,4,0.22445119222005208,1607375.0791677407,0
14,bf16_kda_projection,1,1536,7168,8,0.029322665929794312,750.9581854774575,0
14,bf16_kda_projection,8,1536,7168,8,0.027846399943033853,6326.159516503998,0
14,bf16_kda_projection,128,1536,7168,8,0.028220800558725993,99875.7027510506,0
14,bf16_kda_projection,1024,1536,7168,8,0.02541439930597941,887236.3274269815,0
14,bf16_kda_projection,8192,1536,7168,8,0.11994667053222656,1503906.90822497,0
14,bf16_kda_projection,1,768,7168,16,0.028872533639272054,381.33293522340114,0
14,bf16_kda_projection,8,768,7168,16,0.0273632009824117,3218.9356814144517,0
14,bf16_kda_projection,128,768,7168,16,0.0290666659673055,48484.61621244006,0
14,bf16_kda_projection,1024,768,7168,16,0.024661332368850708,457164.64071666927,0
14,bf16_kda_projection,8192,768,7168,16,0.06630186637242635,1360358.5864290246,0
15,hbm_copy,0,0,0,1,0.08211968421936035,0,6537.6641070111245
15,bf16_kda_projection,1,12288,7168,1,0.03227413296699524,5458.264926284734,0
15,bf16_kda_projection,8,12288,7168,1,0.03213119904200236,43860.365813232216,0
15,bf16_kda_projection,128,12288,7168,1,0.030277333656946816,744734.6110289493,0
15,bf16_kda_projection,1024,12288,7168,1,0.11334613164265951,1591484.630465395,0
15,bf16_kda_projection,8192,12288,7168,1,0.8201909383138021,1759479.3407774419,0
15,bf16_kda_projection,1,6144,7168,2,0.026034132639567057,3383.2655467896843,0
15,bf16_kda_projection,8,6144,7168,2,0.026450133323669432,26640.43554629027,0
15,bf16_kda_projection,128,6144,7168,2,0.023803732792536416,473635.3432573826,0
15,bf16_kda_projection,1024,6144,7168,2,0.058302934964497885,1546994.3883772157,0
15,bf16_kda_projection,8192,6144,7168,2,0.4390389442443848,1643486.3357505638,0
15,bf16_kda_projection,1,3072,7168,4,0.02634773254394531,1671.498369984798,0
15,bf16_kda_projection,8,3072,7168,4,0.026608000199000042,13241.188115040703,0
15,bf16_kda_projection,128,3072,7168,4,0.02372693419456482,237584.19565606216,0
15,bf16_kda_projection,1024,3072,7168,4,0.038634665807088214,1167271.818350403,0
15,bf16_kda_projection,8192,3072,7168,4,0.26310399373372395,1371234.4223445232,0
15,bf16_kda_projection,1,1536,7168,8,0.027075199286142985,813.2939583299698,0
15,bf16_kda_projection,8,1536,7168,8,0.02720746596654256,6474.721615626667,0
15,bf16_kda_projection,128,1536,7168,8,0.027106134096781413,103982.82093405115,0
15,bf16_kda_projection,1024,1536,7168,8,0.025481599569320678,884896.5012050509,0
15,bf16_kda_projection,8192,1536,7168,8,0.157097593943278,1148258.365415396,0
15,bf16_kda_projection,1,768,7168,16,0.02746880054473877,400.82012252656614,0
15,bf16_kda_projection,8,768,7168,16,0.026816000541051228,3284.620458787741,0
15,bf16_kda_projection,128,768,7168,16,0.027522132794062296,51205.557161763405,0
15,bf16_kda_projection,1024,768,7168,16,0.02358506719271342,478026.5860545515,0
15,bf16_kda_projection,8192,768,7168,16,0.08117866516113281,1111059.3286668595,0
