rank,tp,dp,phase,batch_per_dp,chunk,ms,graph_ms,dynamic_peak_bytes,state_bytes
0,1,16,prefill,1,1024,2.5912959575653076,,881442816,3440640
0,1,16,prefill,1,8192,14.274880409240723,,7048445952,3440640
0,1,16,prefill,1,16384,28.545759201049805,,14096449536,3440640
0,1,16,decode,1,1,0.6605759859085083,0.1516874631245931,246272,3440640
0,1,16,decode,8,1,0.6750079989433289,0.1620288054148356,1969664,27525120
0,1,16,decode,32,1,0.6215680241584778,0.20517439842224122,8468480,110100480
0,1,16,decode,128,1,0.5447679758071899,0.35289707183837893,31580160,440401920
0,1,16,decode,256,1,0.6509119868278503,0.6363264083862304,63029248,880803840
0,2,8,prefill,1,1024,2.2665278911590576,,440721408,1720320
0,2,8,prefill,1,8192,7.876704216003418,,3524222976,1720320
0,2,8,prefill,1,16384,15.173215866088867,,7048224768,1720320
0,2,8,decode,1,1,0.8458560109138489,0.10538453261057536,125440,1720320
0,2,8,decode,8,1,0.8607040047645569,0.11097173690795899,1002496,13762560
0,2,8,decode,32,1,0.8390719890594482,0.13977600733439127,4074496,55050240
0,2,8,decode,128,1,0.7011200189590454,0.21994560559590656,16101376,220200960
0,2,8,decode,256,1,0.620639979839325,0.39252481460571287,32071680,440401920
0,4,4,prefill,1,1024,1.9871679544448853,,220360704,860160
0,4,4,prefill,1,8192,4.632832050323486,,1762111488,860160
0,4,4,prefill,1,16384,8.55344009399414,,3524112384,860160
0,4,4,decode,1,1,0.7515519857406616,0.07832533518473307,70144,860160
0,4,4,decode,8,1,0.7601600289344788,0.07976746559143066,559616,6881280
0,4,4,decode,32,1,0.7434880137443542,0.09332906405131022,2238464,27525120
0,4,4,decode,128,1,0.7300480008125305,0.14658560752868652,8953856,110100480
0,4,4,decode,256,1,0.7045120000839233,0.2266485373179118,17973248,220200960
0,8,2,prefill,1,1024,2.3641281127929688,,110180352,430080
0,8,2,prefill,1,8192,3.709376096725464,,881055744,430080
0,8,2,prefill,1,16384,5.571807861328125,,1762056192,430080
0,8,2,decode,1,1,1.155135989189148,0.07395520210266113,42496,430080
0,8,2,decode,8,1,1.2375359535217285,0.07663359642028808,338432,3440640
0,8,2,decode,32,1,1.072864055633545,0.08208106358846029,1352704,13762560
0,8,2,decode,128,1,1.0979520082473755,0.11015146573384603,5476352,55050240
0,8,2,decode,256,1,1.0547200441360474,0.1755232016245524,11345920,110100480
0,16,1,prefill,1,1024,2.243232011795044,,55155712,215040
0,16,1,prefill,1,8192,3.3689279556274414,,440790016,215040
0,16,1,prefill,1,16384,4.214687824249268,,881028096,215040
0,16,1,decode,1,1,1.0977920293807983,0.08275840282440186,28672,215040
0,16,1,decode,8,1,1.2479360103607178,0.0732426643371582,227840,1720320
0,16,1,decode,32,1,0.9633920192718506,0.07841280301411947,910336,6881280
0,16,1,decode,128,1,0.977728009223938,0.11357973416646322,3641344,27525120
0,16,1,decode,256,1,0.9676799774169922,0.14242666562398273,7348224,55050240
1,1,16,prefill,1,1024,2.546463966369629,,881442816,3440640
1,1,16,prefill,1,8192,14.318047523498535,,7048445952,3440640
1,1,16,prefill,1,16384,28.598432540893555,,14096449536,3440640
1,1,16,decode,1,1,0.6466559767723083,0.1516287962595622,246272,3440640
1,1,16,decode,8,1,0.5966399908065796,0.16278506914774576,1969664,27525120
1,1,16,decode,32,1,0.6205440163612366,0.20632425944010416,8468480,110100480
1,1,16,decode,128,1,0.5457919836044312,0.351857058207194,31580160,440401920
1,1,16,decode,256,1,0.6502400040626526,0.6373813629150391,63029248,880803840
1,2,8,prefill,1,1024,2.281503915786743,,440721408,1720320
1,2,8,prefill,1,8192,7.8779520988464355,,3524222976,1720320
1,2,8,prefill,1,16384,15.18073558807373,,7048224768,1720320
1,2,8,decode,1,1,0.8478400111198425,0.10549759864807129,125440,1720320
1,2,8,decode,8,1,0.8688960075378418,0.11107626756032309,1002496,13762560
1,2,8,decode,32,1,0.8407040238380432,0.13990613619486492,4074496,55050240
1,2,8,decode,128,1,0.707584023475647,0.21993172963460286,16101376,220200960
1,2,8,decode,256,1,0.6236159801483154,0.39259840647379557,32071680,440401920
1,4,4,prefill,1,1024,1.9890880584716797,,220360704,860160
1,4,4,prefill,1,8192,4.635200023651123,,1762111488,860160
1,4,4,prefill,1,16384,8.556480407714844,,3524112384,860160
1,4,4,decode,1,1,0.7452160120010376,0.07819413344065348,70144,860160
1,4,4,decode,8,1,0.761792004108429,0.07972799936930339,559616,6881280
1,4,4,decode,32,1,0.7428479790687561,0.09312427043914795,2238464,27525120
1,4,4,decode,128,1,0.7352319955825806,0.14660693804423014,8953856,110100480
1,4,4,decode,256,1,0.7024000287055969,0.22665600776672362,17973248,220200960
1,8,2,prefill,1,1024,2.3597118854522705,,110180352,430080
1,8,2,prefill,1,8192,3.706847906112671,,881055744,430080
1,8,2,prefill,1,16384,5.570591926574707,,1762056192,430080
1,8,2,decode,1,1,1.1475520133972168,0.0739786704381307,42496,430080
1,8,2,decode,8,1,1.2398079633712769,0.07664426962534586,338432,3440640
1,8,2,decode,32,1,1.0774400234222412,0.08202026685078939,1352704,13762560
1,8,2,decode,128,1,1.099776029586792,0.11020267009735107,5476352,55050240
1,8,2,decode,256,1,1.0557440519332886,0.17546985944112142,11345920,110100480
1,16,1,prefill,1,1024,2.246432065963745,,55155712,215040
1,16,1,prefill,1,8192,3.3638720512390137,,440790016,215040
1,16,1,prefill,1,16384,4.214975833892822,,881028096,215040
1,16,1,decode,1,1,1.089568018913269,0.08272426923116048,28672,215040
1,16,1,decode,8,1,1.2516160011291504,0.07315200169881185,227840,1720320
1,16,1,decode,32,1,0.9655680060386658,0.07833920319875082,910336,6881280
1,16,1,decode,128,1,0.981440007686615,0.11364160378774008,3641344,27525120
1,16,1,decode,256,1,0.9646720290184021,0.14238932927449544,7348224,55050240
2,1,16,prefill,1,1024,2.488192081451416,,881442816,3440640
2,1,16,prefill,1,8192,14.281696319580078,,7048445952,3440640
2,1,16,prefill,1,16384,28.573440551757812,,14096449536,3440640
2,1,16,decode,1,1,0.6434239745140076,0.15172905921936036,246272,3440640
2,1,16,decode,8,1,0.652351975440979,0.16324267387390137,1969664,27525120
2,1,16,decode,32,1,0.6123520135879517,0.20589973131815592,8468480,110100480
2,1,16,decode,128,1,0.5417280197143555,0.3520853360493978,31580160,440401920
2,1,16,decode,256,1,0.650592029094696,0.6379456202189128,63029248,880803840
2,2,8,prefill,1,1024,2.32476806640625,,440721408,1720320
2,2,8,prefill,1,8192,7.8886399269104,,3524222976,1720320
2,2,8,prefill,1,16384,15.174400329589844,,7048224768,1720320
2,2,8,decode,1,1,0.8416000008583069,0.10747946898142496,125440,1720320
2,2,8,decode,8,1,0.8527039885520935,0.11175466378529866,1002496,13762560
2,2,8,decode,32,1,0.8363839983940125,0.14026773770650228,4074496,55050240
2,2,8,decode,128,1,0.6962559819221497,0.2202016035715739,16101376,220200960
2,2,8,decode,256,1,0.6524800062179565,0.3932095845540365,32071680,440401920
2,4,4,prefill,1,1024,1.9843839406967163,,220360704,860160
2,4,4,prefill,1,8192,4.626463890075684,,1762111488,860160
2,4,4,prefill,1,16384,8.552351951599121,,3524112384,860160
2,4,4,decode,1,1,0.7434239983558655,0.07818026542663574,70144,860160
2,4,4,decode,8,1,0.7654399871826172,0.07982933521270752,559616,6881280
2,4,4,decode,32,1,0.7444800138473511,0.09323200384775797,2238464,27525120
2,4,4,decode,128,1,0.7268159985542297,0.14652479489644368,8953856,110100480
2,4,4,decode,256,1,0.7004160284996033,0.2266197363535563,17973248,220200960
2,8,2,prefill,1,1024,2.35916805267334,,110180352,430080
2,8,2,prefill,1,8192,3.705440044403076,,881055744,430080
2,8,2,prefill,1,16384,5.572224140167236,,1762056192,430080
2,8,2,decode,1,1,1.1442559957504272,0.07380586465199789,42496,430080
2,8,2,decode,8,1,1.2321280241012573,0.07650880018870036,338432,3440640
2,8,2,decode,32,1,1.0697599649429321,0.08195626735687256,1352704,13762560
2,8,2,decode,128,1,1.0976639986038208,0.11012480258941651,5476352,55050240
2,8,2,decode,256,1,1.0544639825820923,0.1754261334737142,11345920,110100480
2,16,1,prefill,1,1024,2.2410879135131836,,55155712,215040
2,16,1,prefill,1,8192,3.3631041049957275,,440790016,215040
2,16,1,prefill,1,16384,4.210720062255859,,881028096,215040
2,16,1,decode,1,1,1.0953919887542725,0.08269546826680502,28672,215040
2,16,1,decode,8,1,1.2495360374450684,0.07316799958546956,227840,1720320
2,16,1,decode,32,1,0.9607040286064148,0.07828160127003987,910336,6881280
2,16,1,decode,128,1,0.9760000109672546,0.1135423978169759,3641344,27525120
2,16,1,decode,256,1,0.964031994342804,0.14238932927449544,7348224,55050240
3,1,16,prefill,1,1024,2.57260799407959,,881442816,3440640
3,1,16,prefill,1,8192,14.296319961547852,,7048445952,3440640
3,1,16,prefill,1,16384,28.611040115356445,,14096449536,3440640
3,1,16,decode,1,1,0.656607985496521,0.15163307189941405,246272,3440640
3,1,16,decode,8,1,0.6021119952201843,0.16315733591715495,1969664,27525120
3,1,16,decode,32,1,0.6305919885635376,0.20560000737508138,8468480,110100480
3,1,16,decode,128,1,0.5642240047454834,0.3520415941874186,31580160,440401920
3,1,16,decode,256,1,0.6486080288887024,0.6363114674886068,63029248,880803840
3,2,8,prefill,1,1024,2.31494402885437,,440721408,1720320
3,2,8,prefill,1,8192,7.883423805236816,,3524222976,1720320
3,2,8,prefill,1,16384,15.173248291015625,,7048224768,1720320
3,2,8,decode,1,1,0.8435519933700562,0.10745386282602946,125440,1720320
3,2,8,decode,8,1,0.849183976650238,0.1117695967356364,1002496,13762560
3,2,8,decode,32,1,0.832256019115448,0.14034773508707682,4074496,55050240
3,2,8,decode,128,1,0.7034239768981934,0.22013866106669108,16101376,220200960
3,2,8,decode,256,1,0.6540480256080627,0.39326826731363934,32071680,440401920
3,4,4,prefill,1,1024,1.9820159673690796,,220360704,860160
3,4,4,prefill,1,8192,4.629151821136475,,1762111488,860160
3,4,4,prefill,1,16384,8.551168441772461,,3524112384,860160
3,4,4,decode,1,1,0.7461119890213013,0.07814719676971435,70144,860160
3,4,4,decode,8,1,0.7553279995918274,0.07978346347808837,559616,6881280
3,4,4,decode,32,1,0.7398080229759216,0.09316693147023519,2238464,27525120
3,4,4,decode,128,1,0.7302079796791077,0.14647146860758464,8953856,110100480
3,4,4,decode,256,1,0.7024319767951965,0.22665600776672362,17973248,220200960
3,8,2,prefill,1,1024,2.3561599254608154,,110180352,430080
3,8,2,prefill,1,8192,3.707360029220581,,881055744,430080
3,8,2,prefill,1,16384,5.573440074920654,,1762056192,430080
3,8,2,decode,1,1,1.1512320041656494,0.07397653261820475,42496,430080
3,8,2,decode,8,1,1.2320640087127686,0.07646293640136718,338432,3440640
3,8,2,decode,32,1,1.0654079914093018,0.08196907043457032,1352704,13762560
3,8,2,decode,128,1,1.098080039024353,0.11011520226796469,5476352,55050240
3,8,2,decode,256,1,1.0535039901733398,0.1753887971242269,11345920,110100480
3,16,1,prefill,1,1024,2.2377920150756836,,55155712,215040
3,16,1,prefill,1,8192,3.358464002609253,,440790016,215040
3,16,1,prefill,1,16384,4.213088035583496,,881028096,215040
3,16,1,decode,1,1,1.0931199789047241,0.08278400103251139,28672,215040
3,16,1,decode,8,1,1.2450239658355713,0.07315946420033773,227840,1720320
3,16,1,decode,32,1,0.9588159918785095,0.07820053100585937,910336,6881280
3,16,1,decode,128,1,0.9761599898338318,0.11348799864451091,3641344,27525120
3,16,1,decode,256,1,0.9577280282974243,0.14229440689086914,7348224,55050240
4,1,16,prefill,1,1024,2.547071933746338,,881442816,3440640
4,1,16,prefill,1,8192,14.283391952514648,,7048445952,3440640
4,1,16,prefill,1,16384,28.54252815246582,,14096449536,3440640
4,1,16,decode,1,1,0.6778879761695862,0.1517013390858968,246272,3440640
4,1,16,decode,8,1,0.6482560038566589,0.1632032076517741,1969664,27525120
4,1,16,decode,32,1,0.6452800035476685,0.2057439963022868,8468480,110100480
4,1,16,decode,128,1,0.5652480125427246,0.35271358489990234,31580160,440401920
4,1,16,decode,256,1,0.65065598487854,0.637502924601237,63029248,880803840
4,2,8,prefill,1,1024,2.2571520805358887,,440721408,1720320
4,2,8,prefill,1,8192,7.944479942321777,,3524222976,1720320
4,2,8,prefill,1,16384,15.202495574951172,,7048224768,1720320
4,2,8,decode,1,1,1.005952000617981,0.10791786511739095,125440,1720320
4,2,8,decode,8,1,1.0266879796981812,0.111135999361674,1002496,13762560
4,2,8,decode,32,1,1.0308159589767456,0.14005546569824218,4074496,55050240
4,2,8,decode,128,1,0.8849279880523682,0.22077760696411133,16101376,220200960
4,2,8,decode,256,1,0.8165119886398315,0.3936906814575195,32071680,440401920
4,4,4,prefill,1,1024,2.1645760536193848,,220360704,860160
4,4,4,prefill,1,8192,4.818943977355957,,1762111488,860160
4,4,4,prefill,1,16384,8.638655662536621,,3524112384,860160
4,4,4,decode,1,1,0.9932479858398438,0.07857600053151449,70144,860160
4,4,4,decode,8,1,1.0423680543899536,0.08020373185475667,559616,6881280
4,4,4,decode,32,1,0.9993919730186462,0.09296000003814697,2238464,27525120
4,4,4,decode,128,1,0.9917759895324707,0.147053861618042,8953856,110100480
4,4,4,decode,256,1,0.9710720181465149,0.22702719370524088,17973248,220200960
4,8,2,prefill,1,1024,2.3393280506134033,,110180352,430080
4,8,2,prefill,1,8192,3.6898880004882812,,881055744,430080
4,8,2,prefill,1,16384,5.55017614364624,,1762056192,430080
4,8,2,decode,1,1,1.1475839614868164,0.0731946627298991,42496,430080
4,8,2,decode,8,1,1.216256022453308,0.07613653341929118,338432,3440640
4,8,2,decode,32,1,1.053279995918274,0.08206186294555665,1352704,13762560
4,8,2,decode,128,1,1.0834879875183105,0.10964907010396321,5476352,55050240
4,8,2,decode,256,1,1.0502400398254395,0.17500054041544597,11345920,110100480
4,16,1,prefill,1,1024,2.236095905303955,,55155712,215040
4,16,1,prefill,1,8192,3.346560001373291,,440790016,215040
4,16,1,prefill,1,16384,4.195712089538574,,881028096,215040
4,16,1,decode,1,1,1.075808048248291,0.08261333306630453,28672,215040
4,16,1,decode,8,1,1.2423039674758911,0.07304320335388184,227840,1720320
4,16,1,decode,32,1,0.9554240107536316,0.0779210646947225,910336,6881280
4,16,1,decode,128,1,0.9628159999847412,0.11325973669687907,3641344,27525120
4,16,1,decode,256,1,0.9595199823379517,0.14226454099019367,7348224,55050240
5,1,16,prefill,1,1024,2.4965438842773438,,881442816,3440640
5,1,16,prefill,1,8192,14.30179214477539,,7048445952,3440640
5,1,16,prefill,1,16384,28.540864944458008,,14096449536,3440640
5,1,16,decode,1,1,0.6538559794425964,0.15158294041951498,246272,3440640
5,1,16,decode,8,1,0.6141759753227234,0.16266345977783203,1969664,27525120
5,1,16,decode,32,1,0.6244800090789795,0.2060906728108724,8468480,110100480
5,1,16,decode,128,1,0.5488640069961548,0.35325867335001626,31580160,440401920
5,1,16,decode,256,1,0.6517760157585144,0.6382293065388998,63029248,880803840
5,2,8,prefill,1,1024,2.2634880542755127,,440721408,1720320
5,2,8,prefill,1,8192,7.94214391708374,,3524222976,1720320
5,2,8,prefill,1,16384,15.208160400390625,,7048224768,1720320
5,2,8,decode,1,1,1.0056960582733154,0.10718080202738443,125440,1720320
5,2,8,decode,8,1,1.0327680110931396,0.1113098700841268,1002496,13762560
5,2,8,decode,32,1,1.0513919591903687,0.14033493995666504,4074496,55050240
5,2,8,decode,128,1,0.8920320272445679,0.22093440691630045,16101376,220200960
5,2,8,decode,256,1,0.8182079792022705,0.3938080151875814,32071680,440401920
5,4,4,prefill,1,1024,2.1680960655212402,,220360704,860160
5,4,4,prefill,1,8192,4.818336009979248,,1762111488,860160
5,4,4,prefill,1,16384,8.650688171386719,,3524112384,860160
5,4,4,decode,1,1,1.0003199577331543,0.07924906412760417,70144,860160
5,4,4,decode,8,1,1.0509439706802368,0.08066453138987223,559616,6881280
5,4,4,decode,32,1,1.011423945426941,0.0932266632715861,2238464,27525120
5,4,4,decode,128,1,0.993183970451355,0.14749973615010578,8953856,110100480
5,4,4,decode,256,1,0.9748479723930359,0.22734932899475097,17973248,220200960
5,8,2,prefill,1,1024,2.3571200370788574,,110180352,430080
5,8,2,prefill,1,8192,3.7052159309387207,,881055744,430080
5,8,2,prefill,1,16384,5.573023796081543,,1762056192,430080
5,8,2,decode,1,1,1.1436480283737183,0.07381119728088378,42496,430080
5,8,2,decode,8,1,1.2316160202026367,0.07644586563110352,338432,3440640
5,8,2,decode,32,1,1.0662720203399658,0.08245013554890951,1352704,13762560
5,8,2,decode,128,1,1.102239966392517,0.11009813149770101,5476352,55050240
5,8,2,decode,256,1,1.0554879903793335,0.17546772956848145,11345920,110100480
5,16,1,prefill,1,1024,2.2462079524993896,,55155712,215040
5,16,1,prefill,1,8192,3.3663361072540283,,440790016,215040
5,16,1,prefill,1,16384,4.214079856872559,,881028096,215040
5,16,1,decode,1,1,1.0969280004501343,0.08281599680582682,28672,215040
5,16,1,decode,8,1,1.2531839609146118,0.07322346369425456,227840,1720320
5,16,1,decode,32,1,0.9646400213241577,0.07829226652781168,910336,6881280
5,16,1,decode,128,1,0.9773759841918945,0.1135434627532959,3641344,27525120
5,16,1,decode,256,1,0.9697920083999634,0.1424938678741455,7348224,55050240
6,1,16,prefill,1,1024,2.5327999591827393,,881442816,3440640
6,1,16,prefill,1,8192,14.308511734008789,,7048445952,3440640
6,1,16,prefill,1,16384,28.53945541381836,,14096449536,3440640
6,1,16,decode,1,1,0.6847040057182312,0.1518378734588623,246272,3440640
6,1,16,decode,8,1,0.6485120058059692,0.16270079612731933,1969664,27525120
6,1,16,decode,32,1,0.6584960222244263,0.20579627354939778,8468480,110100480
6,1,16,decode,128,1,0.5724160075187683,0.35238612492879234,31580160,440401920
6,1,16,decode,256,1,0.6498879790306091,0.6378965377807617,63029248,880803840
6,2,8,prefill,1,1024,2.2622718811035156,,440721408,1720320
6,2,8,prefill,1,8192,7.8778557777404785,,3524222976,1720320
6,2,8,prefill,1,16384,15.152288436889648,,7048224768,1720320
6,2,8,decode,1,1,0.8480960130691528,0.10522027015686035,125440,1720320
6,2,8,decode,8,1,0.8539199829101562,0.11083839734395345,1002496,13762560
6,2,8,decode,32,1,0.8461120128631592,0.13942826588948568,4074496,55050240
6,2,8,decode,128,1,0.7059199810028076,0.2195093313852946,16101376,220200960
6,2,8,decode,256,1,0.6456639766693115,0.3923285484313965,32071680,440401920
6,4,4,prefill,1,1024,2.14902400970459,,220360704,860160
6,4,4,prefill,1,8192,4.82803201675415,,1762111488,860160
6,4,4,prefill,1,16384,8.654720306396484,,3524112384,860160
6,4,4,decode,1,1,0.9990720152854919,0.07924906412760417,70144,860160
6,4,4,decode,8,1,1.0543999671936035,0.080731733640035,559616,6881280
6,4,4,decode,32,1,1.0131200551986694,0.09339413642883301,2238464,27525120
6,4,4,decode,128,1,0.9994239807128906,0.1476682662963867,8953856,110100480
6,4,4,decode,256,1,0.9768959879875183,0.2274218718210856,17973248,220200960
6,8,2,prefill,1,1024,2.3632640838623047,,110180352,430080
6,8,2,prefill,1,8192,3.70963191986084,,881055744,430080
6,8,2,prefill,1,16384,5.577663898468018,,1762056192,430080
6,8,2,decode,1,1,1.1444799900054932,0.07392000357309977,42496,430080
6,8,2,decode,8,1,1.2371519804000854,0.07651413281758626,338432,3440640
6,8,2,decode,32,1,1.0726079940795898,0.08238293329874674,1352704,13762560
6,8,2,decode,128,1,1.1047680377960205,0.1102720022201538,5476352,55050240
6,8,2,decode,256,1,1.0547200441360474,0.1755616029103597,11345920,110100480
6,16,1,prefill,1,1024,2.2488319873809814,,55155712,215040
6,16,1,prefill,1,8192,3.3641600608825684,,440790016,215040
6,16,1,prefill,1,16384,4.216864109039307,,881028096,215040
6,16,1,decode,1,1,1.0888320207595825,0.0827829360961914,28672,215040
6,16,1,decode,8,1,1.2523200511932373,0.07318080266316732,227840,1720320
6,16,1,decode,32,1,0.9669119715690613,0.07836480140686035,910336,6881280
6,16,1,decode,128,1,0.9792320132255554,0.11352213223775227,3641344,27525120
6,16,1,decode,256,1,0.9694079756736755,0.14251413345336914,7348224,55050240
7,1,16,prefill,1,1024,2.5014400482177734,,881442816,3440640
7,1,16,prefill,1,8192,14.285599708557129,,7048445952,3440640
7,1,16,prefill,1,16384,28.598495483398438,,14096449536,3440640
7,1,16,decode,1,1,0.6308479905128479,0.15166826248168946,246272,3440640
7,1,16,decode,8,1,0.6147199869155884,0.1627402623494466,1969664,27525120
7,1,16,decode,32,1,0.6072319746017456,0.20572160085042318,8468480,110100480
7,1,16,decode,128,1,0.5345280170440674,0.3530698776245117,31580160,440401920
7,1,16,decode,256,1,0.6507200002670288,0.6366816202799479,63029248,880803840
7,2,8,prefill,1,1024,2.2689599990844727,,440721408,1720320
7,2,8,prefill,1,8192,7.878176212310791,,3524222976,1720320
7,2,8,prefill,1,16384,15.152511596679688,,7048224768,1720320
7,2,8,decode,1,1,0.8495680093765259,0.10507413546244303,125440,1720320
7,2,8,decode,8,1,0.8577920198440552,0.11085866292317709,1002496,13762560
7,2,8,decode,32,1,0.8509439826011658,0.139463472366333,4074496,55050240
7,2,8,decode,128,1,0.707584023475647,0.21948480606079102,16101376,220200960
7,2,8,decode,256,1,0.6481919884681702,0.39245227177937825,32071680,440401920
7,4,4,prefill,1,1024,2.1723198890686035,,220360704,860160
7,4,4,prefill,1,8192,4.829728126525879,,1762111488,860160
7,4,4,prefill,1,16384,8.658368110656738,,3524112384,860160
7,4,4,decode,1,1,1.006592035293579,0.07925013701121013,70144,860160
7,4,4,decode,8,1,1.0563199520111084,0.08075093428293864,559616,6881280
7,4,4,decode,32,1,1.0149439573287964,0.09329173564910889,2238464,27525120
7,4,4,decode,128,1,1.001471996307373,0.14772159258524578,8953856,110100480
7,4,4,decode,256,1,0.9799680113792419,0.22745173772176105,17973248,220200960
7,8,2,prefill,1,1024,2.3654398918151855,,110180352,430080
7,8,2,prefill,1,8192,3.713792085647583,,881055744,430080
7,8,2,prefill,1,16384,5.578944206237793,,1762056192,430080
7,8,2,decode,1,1,1.1517119407653809,0.07388799985249837,42496,430080
7,8,2,decode,8,1,1.2369600534439087,0.07660799821217855,338432,3440640
7,8,2,decode,32,1,1.074112057685852,0.0824394702911377,1352704,13762560
7,8,2,decode,128,1,1.1048959493637085,0.11022079785664876,5476352,55050240
7,8,2,decode,256,1,1.0599039793014526,0.175490140914917,11345920,110100480
7,16,1,prefill,1,1024,2.2495999336242676,,55155712,215040
7,16,1,prefill,1,8192,3.3683838844299316,,440790016,215040
7,16,1,prefill,1,16384,4.216671943664551,,881028096,215040
7,16,1,decode,1,1,1.0930240154266357,0.08278720378875733,28672,215040
7,16,1,decode,8,1,1.252128005027771,0.07319786548614501,227840,1720320
7,16,1,decode,32,1,0.9657599925994873,0.07831253210703532,910336,6881280
7,16,1,decode,128,1,0.9810559749603271,0.11354666550954183,3641344,27525120
7,16,1,decode,256,1,0.9724799990653992,0.14254933993021648,7348224,55050240
8,1,16,prefill,1,1024,2.6111040115356445,,881442816,3440640
8,1,16,prefill,1,8192,14.39187240600586,,7048445952,3440640
8,1,16,prefill,1,16384,28.62860870361328,,14096449536,3440640
8,1,16,decode,1,1,0.7181119918823242,0.1519744078318278,246272,3440640
8,1,16,decode,8,1,0.8510720133781433,0.1628704071044922,1969664,27525120
8,1,16,decode,32,1,0.7362560033798218,0.20605759620666503,8468480,110100480
8,1,16,decode,128,1,0.6062080264091492,0.3522922515869141,31580160,440401920
8,1,16,decode,256,1,0.650879979133606,0.6385930379231771,63029248,880803840
8,2,8,prefill,1,1024,2.4653759002685547,,440721408,1720320
8,2,8,prefill,1,8192,7.980192184448242,,3524222976,1720320
8,2,8,prefill,1,16384,15.266400337219238,,7048224768,1720320
8,2,8,decode,1,1,0.9311360120773315,0.10778453350067138,125440,1720320
8,2,8,decode,8,1,0.9752320051193237,0.11211946805318197,1002496,13762560
8,2,8,decode,32,1,0.9303039908409119,0.14003094037373862,4074496,55050240
8,2,8,decode,128,1,0.6878079771995544,0.22054187456766763,16101376,220200960
8,2,8,decode,256,1,0.7782080173492432,0.39305493036905925,32071680,440401920
8,4,4,prefill,1,1024,2.4342401027679443,,220360704,860160
8,4,4,prefill,1,8192,4.807616233825684,,1762111488,860160
8,4,4,prefill,1,16384,8.650527954101562,,3524112384,860160
8,4,4,decode,1,1,0.9298880100250244,0.07870612939198812,70144,860160
8,4,4,decode,8,1,0.9488000273704529,0.08022613525390625,559616,6881280
8,4,4,decode,32,1,0.938431978225708,0.09408426284790039,2238464,27525120
8,4,4,decode,128,1,0.9693760275840759,0.14699840545654297,8953856,110100480
8,4,4,decode,256,1,0.9550399780273438,0.22678292592366536,17973248,220200960
8,8,2,prefill,1,1024,2.1012160778045654,,110180352,430080
8,8,2,prefill,1,8192,3.638432025909424,,881055744,430080
8,8,2,prefill,1,16384,5.595583915710449,,1762056192,430080
8,8,2,decode,1,1,1.1244159936904907,0.07346346378326415,42496,430080
8,8,2,decode,8,1,1.152127981185913,0.07604053020477294,338432,3440640
8,8,2,decode,32,1,1.2013119459152222,0.0824512004852295,1352704,13762560
8,8,2,decode,128,1,0.9828159809112549,0.10951573053995768,5476352,55050240
8,8,2,decode,256,1,0.9755200147628784,0.17538347244262695,11345920,110100480
8,16,1,prefill,1,1024,2.2298240661621094,,55155712,215040
8,16,1,prefill,1,8192,3.347264051437378,,440790016,215040
8,16,1,prefill,1,16384,4.200128078460693,,881028096,215040
8,16,1,decode,1,1,1.094655990600586,0.08226880232493082,28672,215040
8,16,1,decode,8,1,1.2336000204086304,0.07312959829966227,227840,1720320
8,16,1,decode,32,1,0.9649279713630676,0.07777067025502522,910336,6881280
8,16,1,decode,128,1,0.9639040231704712,0.11291733582814535,3641344,27525120
8,16,1,decode,256,1,0.9558079838752747,0.1418783982594808,7348224,55050240
9,1,16,prefill,1,1024,3.0199038982391357,,881442816,3440640
9,1,16,prefill,1,8192,14.256352424621582,,7048445952,3440640
9,1,16,prefill,1,16384,28.516447067260742,,14096449536,3440640
9,1,16,decode,1,1,0.6055999994277954,0.15158079465230306,246272,3440640
9,1,16,decode,8,1,0.5672000050544739,0.16254720687866211,1969664,27525120
9,1,16,decode,32,1,0.5847039818763733,0.2055349349975586,8468480,110100480
9,1,16,decode,128,1,0.5109760165214539,0.35221014022827146,31580160,440401920
9,1,16,decode,256,1,0.6512640118598938,0.6382080078125,63029248,880803840
9,2,8,prefill,1,1024,2.4786880016326904,,440721408,1720320
9,2,8,prefill,1,8192,8.000767707824707,,3524222976,1720320
9,2,8,prefill,1,16384,15.281760215759277,,7048224768,1720320
9,2,8,decode,1,1,0.9355840086936951,0.10813759962717692,125440,1720320
9,2,8,decode,8,1,0.9892799854278564,0.11254826386769613,1002496,13762560
9,2,8,decode,32,1,0.9400960206985474,0.14024213155110676,4074496,55050240
9,2,8,decode,128,1,0.6912000179290771,0.2207274595896403,16101376,220200960
9,2,8,decode,256,1,0.7157760262489319,0.39322986602783205,32071680,440401920
9,4,4,prefill,1,1024,2.4589760303497314,,220360704,860160
9,4,4,prefill,1,8192,4.832128047943115,,1762111488,860160
9,4,4,prefill,1,16384,8.672896385192871,,3524112384,860160
9,4,4,decode,1,1,0.9441279768943787,0.07922026316324869,70144,860160
9,4,4,decode,8,1,0.9710080027580261,0.08048319816589355,559616,6881280
9,4,4,decode,32,1,0.9616640210151672,0.09419199625651041,2238464,27525120
9,4,4,decode,128,1,0.9920960068702698,0.14713066418965656,8953856,110100480
9,4,4,decode,256,1,0.9564160108566284,0.22682239214579264,17973248,220200960
9,8,2,prefill,1,1024,2.1243839263916016,,110180352,430080
9,8,2,prefill,1,8192,3.6589760780334473,,881055744,430080
9,8,2,prefill,1,16384,5.597280025482178,,1762056192,430080
9,8,2,decode,1,1,1.1274559497833252,0.07357652982076009,42496,430080
9,8,2,decode,8,1,1.1727999448776245,0.07622719605763753,338432,3440640
9,8,2,decode,32,1,1.2189439535140991,0.08258879979451497,1352704,13762560
9,8,2,decode,128,1,0.9981439709663391,0.10963733196258545,5476352,55050240
9,8,2,decode,256,1,0.9810879826545715,0.17594666481018068,11345920,110100480
9,16,1,prefill,1,1024,2.2443199157714844,,55155712,215040
9,16,1,prefill,1,8192,3.3674240112304688,,440790016,215040
9,16,1,prefill,1,16384,4.215167999267578,,881028096,215040
9,16,1,decode,1,1,1.0801600217819214,0.08269440333048503,28672,215040
9,16,1,decode,8,1,1.2519359588623047,0.07314026355743408,227840,1720320
9,16,1,decode,32,1,0.9691200256347656,0.07825919787089029,910336,6881280
9,16,1,decode,128,1,0.9732159972190857,0.11355306307474772,3641344,27525120
9,16,1,decode,256,1,0.9699199795722961,0.14243733088175456,7348224,55050240
10,1,16,prefill,1,1024,2.479167938232422,,881442816,3440640
10,1,16,prefill,1,8192,14.260416030883789,,7048445952,3440640
10,1,16,prefill,1,16384,28.525983810424805,,14096449536,3440640
10,1,16,decode,1,1,0.6596159934997559,0.15144853591918944,246272,3440640
10,1,16,decode,8,1,0.6023039817810059,0.16266026496887206,1969664,27525120
10,1,16,decode,32,1,0.605184018611908,0.20525760650634767,8468480,110100480
10,1,16,decode,128,1,0.5426880121231079,0.3525226593017578,31580160,440401920
10,1,16,decode,256,1,0.6492159962654114,0.6368096033732097,63029248,880803840
10,2,8,prefill,1,1024,2.031968116760254,,440721408,1720320
10,2,8,prefill,1,8192,7.848639965057373,,3524222976,1720320
10,2,8,prefill,1,16384,15.11241626739502,,7048224768,1720320
10,2,8,decode,1,1,0.8159999847412109,0.10576000213623046,125440,1720320
10,2,8,decode,8,1,0.7837120294570923,0.11091840267181396,1002496,13762560
10,2,8,decode,32,1,0.8361600041389465,0.13942826588948568,4074496,55050240
10,2,8,decode,128,1,0.6439999938011169,0.2196181297302246,16101376,220200960
10,2,8,decode,256,1,0.5872960090637207,0.3921674728393555,32071680,440401920
10,4,4,prefill,1,1024,2.462048053741455,,220360704,860160
10,4,4,prefill,1,8192,4.836063861846924,,1762111488,860160
10,4,4,prefill,1,16384,8.673215866088867,,3524112384,860160
10,4,4,decode,1,1,0.9455999732017517,0.07937599817911783,70144,860160
10,4,4,decode,8,1,0.9728320240974426,0.08048640092213949,559616,6881280
10,4,4,decode,32,1,0.9636160135269165,0.09420906702677409,2238464,27525120
10,4,4,decode,128,1,0.9942399859428406,0.14713385899861653,8953856,110100480
10,4,4,decode,256,1,0.9564160108566284,0.22692586580912272,17973248,220200960
10,8,2,prefill,1,1024,2.1262400150299072,,110180352,430080
10,8,2,prefill,1,8192,3.658207893371582,,881055744,430080
10,8,2,prefill,1,16384,5.602719783782959,,1762056192,430080
10,8,2,decode,1,1,1.1232000589370728,0.07359999815622965,42496,430080
10,8,2,decode,8,1,1.1723840236663818,0.07623573144276936,338432,3440640
10,8,2,decode,32,1,1.220352053642273,0.08259092966715495,1352704,13762560
10,8,2,decode,128,1,1.0064640045166016,0.1096938689549764,5476352,55050240
10,8,2,decode,256,1,0.9871360063552856,0.17593706448872884,11345920,110100480
10,16,1,prefill,1,1024,2.2484800815582275,,55155712,215040
10,16,1,prefill,1,8192,3.371936082839966,,440790016,215040
10,16,1,prefill,1,16384,4.210879802703857,,881028096,215040
10,16,1,decode,1,1,1.0843199491500854,0.08277973333994547,28672,215040
10,16,1,decode,8,1,1.2537599802017212,0.07329493363698324,227840,1720320
10,16,1,decode,32,1,0.9691839814186096,0.07828799883524577,910336,6881280
10,16,1,decode,128,1,0.9765759706497192,0.11357440153757731,3641344,27525120
10,16,1,decode,256,1,0.9707520008087158,0.14250987370808918,7348224,55050240
11,1,16,prefill,1,1024,2.4096319675445557,,881442816,3440640
11,1,16,prefill,1,8192,14.253631591796875,,7048445952,3440640
11,1,16,prefill,1,16384,28.477184295654297,,14096449536,3440640
11,1,16,decode,1,1,0.6863359808921814,0.15132907231648762,246272,3440640
11,1,16,decode,8,1,0.5777279734611511,0.16240213712056478,1969664,27525120
11,1,16,decode,32,1,0.5509120225906372,0.20532800356547037,8468480,110100480
11,1,16,decode,128,1,0.5089280009269714,0.3518069267272949,31580160,440401920
11,1,16,decode,256,1,0.6502400040626526,0.6364917119344076,63029248,880803840
11,2,8,prefill,1,1024,2.0361599922180176,,440721408,1720320
11,2,8,prefill,1,8192,7.847968101501465,,3524222976,1720320
11,2,8,prefill,1,16384,15.113151550292969,,7048224768,1720320
11,2,8,decode,1,1,0.8151360154151917,0.10576960245768229,125440,1720320
11,2,8,decode,8,1,0.7836160063743591,0.11092053254445394,1002496,13762560
11,2,8,decode,32,1,0.8345280289649963,0.13943999608357746,4074496,55050240
11,2,8,decode,128,1,0.6430720090866089,0.2195850690205892,16101376,220200960
11,2,8,decode,256,1,0.5867519974708557,0.39215466181437175,32071680,440401920
11,4,4,prefill,1,1024,2.457632064819336,,220360704,860160
11,4,4,prefill,1,8192,4.838399887084961,,1762111488,860160
11,4,4,prefill,1,16384,8.676416397094727,,3524112384,860160
11,4,4,decode,1,1,0.945248007774353,0.07934827009836833,70144,860160
11,4,4,decode,8,1,0.9751039743423462,0.08038079738616943,559616,6881280
11,4,4,decode,32,1,0.9633280038833618,0.09428799947102864,2238464,27525120
11,4,4,decode,128,1,0.9922559857368469,0.14720212618509929,8953856,110100480
11,4,4,decode,256,1,0.9565439820289612,0.227018674214681,17973248,220200960
11,8,2,prefill,1,1024,2.125152111053467,,110180352,430080
11,8,2,prefill,1,8192,3.6622400283813477,,881055744,430080
11,8,2,prefill,1,16384,5.601632118225098,,1762056192,430080
11,8,2,decode,1,1,1.1460479497909546,0.07356692949930826,42496,430080
11,8,2,decode,8,1,1.1760319471359253,0.07623573144276936,338432,3440640
11,8,2,decode,32,1,1.2207039594650269,0.08261439800262452,1352704,13762560
11,8,2,decode,128,1,1.0024960041046143,0.10976320107777914,5476352,55050240
11,8,2,decode,256,1,0.9850879907608032,0.17595307032267252,11345920,110100480
11,16,1,prefill,1,1024,2.2480640411376953,,55155712,215040
11,16,1,prefill,1,8192,3.371999979019165,,440790016,215040
11,16,1,prefill,1,16384,4.211616039276123,,881028096,215040
11,16,1,decode,1,1,1.0959680080413818,0.08278720378875733,28672,215040
11,16,1,decode,8,1,1.2579200267791748,0.07320640087127686,227840,1720320
11,16,1,decode,32,1,0.9694079756736755,0.07831040223439535,910336,6881280
11,16,1,decode,128,1,0.9804480075836182,0.1135754664738973,3641344,27525120
11,16,1,decode,256,1,0.9705600142478943,0.14247466723124186,7348224,55050240
12,1,16,prefill,1,1024,2.759040117263794,,881442816,3440640
12,1,16,prefill,1,8192,14.312031745910645,,7048445952,3440640
12,1,16,prefill,1,16384,28.58415985107422,,14096449536,3440640
12,1,16,decode,1,1,0.8299199938774109,0.15201172828674317,246272,3440640
12,1,16,decode,8,1,0.84934401512146,0.16281174023946127,1969664,27525120
12,1,16,decode,32,1,0.8372480273246765,0.20614293416341145,8468480,110100480
12,1,16,decode,128,1,0.6939520239830017,0.35252691904703776,31580160,440401920
12,1,16,decode,256,1,0.8325759768486023,0.6386410395304362,63029248,880803840
12,2,8,prefill,1,1024,2.721695899963379,,440721408,1720320
12,2,8,prefill,1,8192,8.077088356018066,,3524222976,1720320
12,2,8,prefill,1,16384,15.359968185424805,,7048224768,1720320
12,2,8,decode,1,1,1.0734080076217651,0.107259734471639,125440,1720320
12,2,8,decode,8,1,1.0913280248641968,0.11134933630625407,1002496,13762560
12,2,8,decode,32,1,1.0814080238342285,0.1402613321940104,4074496,55050240
12,2,8,decode,128,1,0.9661759734153748,0.2204810619354248,16101376,220200960
12,2,8,decode,256,1,0.9963200092315674,0.3931530634562174,32071680,440401920
12,4,4,prefill,1,1024,3.1300160884857178,,220360704,860160
12,4,4,prefill,1,8192,4.877503871917725,,1762111488,860160
12,4,4,prefill,1,16384,8.572704315185547,,3524112384,860160
12,4,4,decode,1,1,1.1488959789276123,0.0789194663365682,70144,860160
12,4,4,decode,8,1,1.1818560361862183,0.08046080271402994,559616,6881280
12,4,4,decode,32,1,1.167680025100708,0.09413759708404541,2238464,27525120
12,4,4,decode,128,1,0.8333439826965332,0.14679147402445475,8953856,110100480
12,4,4,decode,256,1,1.135807991027832,0.22693440119425456,17973248,220200960
12,8,2,prefill,1,1024,2.1197121143341064,,110180352,430080
12,8,2,prefill,1,8192,3.654400110244751,,881055744,430080
12,8,2,prefill,1,16384,5.594848155975342,,1762056192,430080
12,8,2,decode,1,1,1.1224000453948975,0.07341226736704508,42496,430080
12,8,2,decode,8,1,1.1693120002746582,0.07618133227030437,338432,3440640
12,8,2,decode,32,1,1.1996480226516724,0.08237333297729492,1352704,13762560
12,8,2,decode,128,1,1.0129599571228027,0.10961493651072184,5476352,55050240
12,8,2,decode,256,1,0.9799360036849976,0.17593812942504883,11345920,110100480
12,16,1,prefill,1,1024,2.2434239387512207,,55155712,215040
12,16,1,prefill,1,8192,3.3459839820861816,,440790016,215040
12,16,1,prefill,1,16384,4.210400104522705,,881028096,215040
12,16,1,decode,1,1,1.0889919996261597,0.08194560209910075,28672,215040
12,16,1,decode,8,1,1.2244800329208374,0.07300053437550863,227840,1720320
12,16,1,decode,32,1,0.9625279903411865,0.078220796585083,910336,6881280
12,16,1,decode,128,1,0.9679679870605469,0.11307733058929444,3641344,27525120
12,16,1,decode,256,1,0.9661759734153748,0.142138671875,7348224,55050240
13,1,16,prefill,1,1024,2.7911999225616455,,881442816,3440640
13,1,16,prefill,1,8192,14.461695671081543,,7048445952,3440640
13,1,16,prefill,1,16384,28.615455627441406,,14096449536,3440640
13,1,16,decode,1,1,0.7637439966201782,0.15139840443929037,246272,3440640
13,1,16,decode,8,1,0.6298559904098511,0.16209600766499838,1969664,27525120
13,1,16,decode,32,1,0.766048014163971,0.20521920522054035,8468480,110100480
13,1,16,decode,128,1,0.6496000289916992,0.3525290807088216,31580160,440401920
13,1,16,decode,256,1,0.6676480174064636,0.6372917175292969,63029248,880803840
13,2,8,prefill,1,1024,2.7395200729370117,,440721408,1720320
13,2,8,prefill,1,8192,8.089632034301758,,3524222976,1720320
13,2,8,prefill,1,16384,15.369343757629395,,7048224768,1720320
13,2,8,decode,1,1,1.0853439569473267,0.10728853543599447,125440,1720320
13,2,8,decode,8,1,1.1061760187149048,0.11134080092112224,1002496,13762560
13,2,8,decode,32,1,1.093824028968811,0.13995733261108398,4074496,55050240
13,2,8,decode,128,1,0.9625599980354309,0.22022293408711752,16101376,220200960
13,2,8,decode,256,1,1.022976040840149,0.3929471969604492,32071680,440401920
13,4,4,prefill,1,1024,3.0409278869628906,,220360704,860160
13,4,4,prefill,1,8192,4.858496189117432,,1762111488,860160
13,4,4,prefill,1,16384,8.568767547607422,,3524112384,860160
13,4,4,decode,1,1,1.165727972984314,0.07877653439839681,70144,860160
13,4,4,decode,8,1,1.1875200271606445,0.08091306686401367,559616,6881280
13,4,4,decode,32,1,1.1753920316696167,0.0939733346303304,2238464,27525120
13,4,4,decode,128,1,0.8255680203437805,0.1465845266977946,8953856,110100480
13,4,4,decode,256,1,1.1376639604568481,0.22674667040507,17973248,220200960
13,8,2,prefill,1,1024,2.1124160289764404,,110180352,430080
13,8,2,prefill,1,8192,3.630079984664917,,881055744,430080
13,8,2,prefill,1,16384,5.581632137298584,,1762056192,430080
13,8,2,decode,1,1,1.137503981590271,0.07303040027618408,42496,430080
13,8,2,decode,8,1,1.1550079584121704,0.07576533158620198,338432,3440640
13,8,2,decode,32,1,1.2113280296325684,0.08225813706715902,1352704,13762560
13,8,2,decode,128,1,1.0151360034942627,0.1093610684076945,5476352,55050240
13,8,2,decode,256,1,0.9625599980354309,0.17566827138264973,11345920,110100480
13,16,1,prefill,1,1024,2.24019193649292,,55155712,215040
13,16,1,prefill,1,8192,3.353247880935669,,440790016,215040
13,16,1,prefill,1,16384,4.199295997619629,,881028096,215040
13,16,1,decode,1,1,1.0700479745864868,0.08239146868387857,28672,215040
13,16,1,decode,8,1,1.2296960353851318,0.07276693185170492,227840,1720320
13,16,1,decode,32,1,0.9525439739227295,0.07784319718678792,910336,6881280
13,16,1,decode,128,1,0.9763839840888977,0.11323946317036947,3641344,27525120
13,16,1,decode,256,1,0.9573439955711365,0.14211947123209637,7348224,55050240
14,1,16,prefill,1,1024,2.602816104888916,,881442816,3440640
14,1,16,prefill,1,8192,14.293024063110352,,7048445952,3440640
14,1,16,prefill,1,16384,28.551231384277344,,14096449536,3440640
14,1,16,decode,1,1,0.6564800143241882,0.15153813362121582,246272,3440640
14,1,16,decode,8,1,0.5883200168609619,0.1622656027475993,1969664,27525120
14,1,16,decode,32,1,0.6082559823989868,0.20520960489908854,8468480,110100480
14,1,16,decode,128,1,0.5559999942779541,0.35218238830566406,31580160,440401920
14,1,16,decode,256,1,0.6517760157585144,0.637885856628418,63029248,880803840
14,2,8,prefill,1,1024,2.0888960361480713,,440721408,1720320
14,2,8,prefill,1,8192,7.881824016571045,,3524222976,1720320
14,2,8,prefill,1,16384,15.151359558105469,,7048224768,1720320
14,2,8,decode,1,1,0.8316799998283386,0.10575679937998454,125440,1720320
14,2,8,decode,8,1,0.7682880163192749,0.11106986999511718,1002496,13762560
14,2,8,decode,32,1,0.863968014717102,0.13956373532613117,4074496,55050240
14,2,8,decode,128,1,0.6475520133972168,0.21965012550354004,16101376,220200960
14,2,8,decode,256,1,0.5879679918289185,0.39269227981567384,32071680,440401920
14,4,4,prefill,1,1024,3.170559883117676,,220360704,860160
14,4,4,prefill,1,8192,4.882527828216553,,1762111488,860160
14,4,4,prefill,1,16384,8.576800346374512,,3524112384,860160
14,4,4,decode,1,1,1.1767359972000122,0.0791103998819987,70144,860160
14,4,4,decode,8,1,1.2000000476837158,0.08129920164744059,559616,6881280
14,4,4,decode,32,1,1.192736029624939,0.09432960351308187,2238464,27525120
14,4,4,decode,128,1,0.8356159925460815,0.14692266782124838,8953856,110100480
14,4,4,decode,256,1,1.1448320150375366,0.2269418716430664,17973248,220200960
14,8,2,prefill,1,1024,2.1222400665283203,,110180352,430080
14,8,2,prefill,1,8192,3.654560089111328,,881055744,430080
14,8,2,prefill,1,16384,5.597439765930176,,1762056192,430080
14,8,2,decode,1,1,1.1471359729766846,0.0736138661702474,42496,430080
14,8,2,decode,8,1,1.1703360080718994,0.07620266278584799,338432,3440640
14,8,2,decode,32,1,1.220255970954895,0.08256426652272543,1352704,13762560
14,8,2,decode,128,1,1.0158079862594604,0.10964693228403727,5476352,55050240
14,8,2,decode,256,1,0.9830399751663208,0.17594772974650066,11345920,110100480
14,16,1,prefill,1,1024,2.242464065551758,,55155712,215040
14,16,1,prefill,1,8192,3.3696959018707275,,440790016,215040
14,16,1,prefill,1,16384,4.2151360511779785,,881028096,215040
14,16,1,decode,1,1,1.0965759754180908,0.08265706698099771,28672,215040
14,16,1,decode,8,1,1.250175952911377,0.07315839926401774,227840,1720320
14,16,1,decode,32,1,0.9664959907531738,0.078220796585083,910336,6881280
14,16,1,decode,128,1,0.9783999919891357,0.1133962631225586,3641344,27525120
14,16,1,decode,256,1,0.969760000705719,0.1423456033070882,7348224,55050240
15,1,16,prefill,1,1024,2.6506240367889404,,881442816,3440640
15,1,16,prefill,1,8192,14.297760009765625,,7048445952,3440640
15,1,16,prefill,1,16384,28.576416015625,,14096449536,3440640
15,1,16,decode,1,1,0.6440640091896057,0.15184213320414225,246272,3440640
15,1,16,decode,8,1,0.6009600162506104,0.16286719640096028,1969664,27525120
15,1,16,decode,32,1,0.6359040141105652,0.20619519551595053,8468480,110100480
15,1,16,decode,128,1,0.5509120225906372,0.3518890698750814,31580160,440401920
15,1,16,decode,256,1,0.6533120274543762,0.6393418629964193,63029248,880803840
15,2,8,prefill,1,1024,2.0809600353240967,,440721408,1720320
15,2,8,prefill,1,8192,7.8843841552734375,,3524222976,1720320
15,2,8,prefill,1,16384,15.15004825592041,,7048224768,1720320
15,2,8,decode,1,1,0.8322240114212036,0.10574719905853272,125440,1720320
15,2,8,decode,8,1,0.7683200240135193,0.11103999614715576,1002496,13762560
15,2,8,decode,32,1,0.8666239976882935,0.13953065872192383,4074496,55050240
15,2,8,decode,128,1,0.6450240015983582,0.2197173277537028,16101376,220200960
15,2,8,decode,256,1,0.5888000130653381,0.3927263895670573,32071680,440401920
15,4,4,prefill,1,1024,3.169696092605591,,220360704,860160
15,4,4,prefill,1,8192,4.881472110748291,,1762111488,860160
15,4,4,prefill,1,16384,8.572128295898438,,3524112384,860160
15,4,4,decode,1,1,1.1746879816055298,0.0790986696879069,70144,860160
15,4,4,decode,8,1,1.2000319957733154,0.0813973347345988,559616,6881280
15,4,4,decode,32,1,1.1931519508361816,0.09430720011393229,2238464,27525120
15,4,4,decode,128,1,0.8325120210647583,0.1468575954437256,8953856,110100480
15,4,4,decode,256,1,1.1438080072402954,0.22707734107971192,17973248,220200960
15,8,2,prefill,1,1024,2.1215999126434326,,110180352,430080
15,8,2,prefill,1,8192,3.6539199352264404,,881055744,430080
15,8,2,prefill,1,16384,5.5945281982421875,,1762056192,430080
15,8,2,decode,1,1,1.1254080533981323,0.07362133661905924,42496,430080
15,8,2,decode,8,1,1.1699199676513672,0.07626453240712484,338432,3440640
15,8,2,decode,32,1,1.219391942024231,0.08255786895751953,1352704,13762560
15,8,2,decode,128,1,1.012768030166626,0.10960426330566406,5476352,55050240
15,8,2,decode,256,1,0.9830399751663208,0.1759434700012207,11345920,110100480
15,16,1,prefill,1,1024,2.2408320903778076,,55155712,215040
15,16,1,prefill,1,8192,3.3679358959198,,440790016,215040
15,16,1,prefill,1,16384,4.213696002960205,,881028096,215040
15,16,1,decode,1,1,1.0980479717254639,0.08272426923116048,28672,215040
15,16,1,decode,8,1,1.2519680261611938,0.07306986649831136,227840,1720320
15,16,1,decode,32,1,0.9656320214271545,0.07818026542663574,910336,6881280
15,16,1,decode,128,1,0.9739840030670166,0.11344853242238363,3641344,27525120
15,16,1,decode,256,1,0.9676799774169922,0.1424341360727946,7348224,55050240
