rank,ep,expert_tp,global_tokens,original_rows_per_rank,rows_after_tp_gather,graph_ms,relative_l2_vs_ep16,includes_tp_gather_and_reduce_scatter
0,16,1,16,1,1,0.18579626083374023,0.0,True
0,16,1,128,8,8,0.20583465894063313,0.0,True
0,16,1,2048,128,128,0.26299947102864585,0.0,True
0,16,1,8192,512,512,0.3887616157531738,0.0,True
0,8,2,16,1,2,0.24390613238016765,0.003170400159433484,True
0,8,2,128,8,16,0.251421864827474,0.0032259980216622353,True
0,8,2,2048,128,256,0.33157440821329753,0.0032572594936937094,True
0,8,2,8192,512,1024,0.5558336257934571,0.003255261806771159,True
1,16,1,16,1,1,0.18560214042663575,0.0,True
1,16,1,128,8,8,0.20554347038269044,0.0,True
1,16,1,2048,128,128,0.2627840042114258,0.0,True
1,16,1,8192,512,512,0.38823893864949544,0.0,True
1,8,2,16,1,2,0.24373332659403482,0.003273156238719821,True
1,8,2,128,8,16,0.25104212760925293,0.0032594085205346346,True
1,8,2,2048,128,256,0.33120959599812827,0.003248026128858328,True
1,8,2,8192,512,1024,0.5555797576904297,0.003252951195463538,True
10,16,1,16,1,1,0.18580800692240398,0.0,True
10,16,1,128,8,8,0.2058911959330241,0.0,True
10,16,1,2048,128,128,0.26301867167154946,0.0,True
10,16,1,8192,512,512,0.3887370745340983,0.0,True
10,8,2,16,1,2,0.24395519892374676,0.003159036859869957,True
10,8,2,128,8,16,0.25149653752644857,0.003259997582063079,True
10,8,2,2048,128,256,0.3315615971883138,0.003242231672629714,True
10,8,2,8192,512,1024,0.5559104283650717,0.0032510138116776943,True
11,16,1,16,1,1,0.18584639231363934,0.0,True
11,16,1,128,8,8,0.2057653268178304,0.0,True
11,16,1,2048,128,128,0.2630026658376058,0.0,True
11,16,1,8192,512,512,0.3887167930603027,0.0,True
11,8,2,16,1,2,0.24397759437561034,0.0031856000423431396,True
11,8,2,128,8,16,0.2514794667561849,0.0032775418367236853,True
11,8,2,2048,128,256,0.33159360885620115,0.0032501821406185627,True
11,8,2,8192,512,1024,0.5560405095418294,0.003252185881137848,True
12,16,1,16,1,1,0.18579200108846028,0.0,True
12,16,1,128,8,8,0.20568532943725587,0.0,True
12,16,1,2048,128,128,0.2627914587656657,0.0,True
12,16,1,8192,512,512,0.3885567982991536,0.0,True
12,8,2,16,1,2,0.24374400774637858,0.0033299406059086323,True
12,8,2,128,8,16,0.2512202739715576,0.003231194568797946,True
12,8,2,2048,128,256,0.33123092651367186,0.0032619538251310587,True
12,8,2,8192,512,1024,0.5553781509399414,0.0032531521283090115,True
13,16,1,16,1,1,0.18583146731058756,0.0,True
13,16,1,128,8,8,0.20560746192932128,0.0,True
13,16,1,2048,128,128,0.2628767967224121,0.0,True
13,16,1,8192,512,512,0.38860692977905276,0.0,True
13,8,2,16,1,2,0.2434175968170166,0.003358367830514908,True
13,8,2,128,8,16,0.251257594426473,0.003270067973062396,True
13,8,2,2048,128,256,0.33120638529459634,0.0032539537642151117,True
13,8,2,8192,512,1024,0.5555925369262695,0.0032512079924345016,True
14,16,1,16,1,1,0.18548800150553385,0.0,True
14,16,1,128,8,8,0.2057472070058187,0.0,True
14,16,1,2048,128,128,0.26282240549723307,0.0,True
14,16,1,8192,512,512,0.38859945933024087,0.0,True
14,8,2,16,1,2,0.24373440742492675,0.0033137635327875614,True
14,8,2,128,8,16,0.25138559341430666,0.003232052084058523,True
14,8,2,2048,128,256,0.3314784049987793,0.003249695524573326,True
14,8,2,8192,512,1024,0.5557802836100261,0.0032544448040425777,True
15,16,1,16,1,1,0.1857375939687093,0.0,True
15,16,1,128,8,8,0.20585385958353677,0.0,True
15,16,1,2048,128,128,0.26298559506734215,0.0,True
15,16,1,8192,512,512,0.3886218706766764,0.0,True
15,8,2,16,1,2,0.24367680549621581,0.0031675458885729313,True
15,8,2,128,8,16,0.25141119956970215,0.00328401499427855,True
15,8,2,2048,128,256,0.33143253326416017,0.003246268955990672,True
15,8,2,8192,512,1024,0.5558026631673177,0.0032516028732061386,True
2,16,1,16,1,1,0.1857888062795003,0.0,True
2,16,1,128,8,8,0.2057909329732259,0.0,True
2,16,1,2048,128,128,0.26288320223490397,0.0,True
2,16,1,8192,512,512,0.3886975924173991,0.0,True
2,8,2,16,1,2,0.24393812815348306,0.0032944881822913885,True
2,8,2,128,8,16,0.2513034661610921,0.0032498713117092848,True
2,8,2,2048,128,256,0.3315402666727702,0.0032575130462646484,True
2,8,2,8192,512,1024,0.5559690475463868,0.0032433911692351103,True
3,16,1,16,1,1,0.1857482592264811,0.0,True
3,16,1,128,8,8,0.2057546615600586,0.0,True
3,16,1,2048,128,128,0.26295572916666665,0.0,True
3,16,1,8192,512,512,0.3886869430541992,0.0,True
3,8,2,16,1,2,0.24397974014282225,0.003204828593879938,True
3,8,2,128,8,16,0.25129493077596027,0.003224412677809596,True
3,8,2,2048,128,256,0.3313941319783529,0.0032466754782944918,True
3,8,2,8192,512,1024,0.5559957504272461,0.0032533437479287386,True
4,16,1,16,1,1,0.18583893775939941,0.0,True
4,16,1,128,8,8,0.20574506123860678,0.0,True
4,16,1,2048,128,128,0.26291732788085936,0.0,True
4,16,1,8192,512,512,0.3886858622233073,0.0,True
4,8,2,16,1,2,0.24391786257425943,0.0032171402126550674,True
4,8,2,128,8,16,0.25148372650146483,0.003234083764255047,True
4,8,2,2048,128,256,0.33155733744303384,0.003246120410040021,True
4,8,2,8192,512,1024,0.5560277303059896,0.0032504505943506956,True
5,16,1,16,1,1,0.18584532737731935,0.0,True
5,16,1,128,8,8,0.20572266578674317,0.0,True
5,16,1,2048,128,128,0.26289812723795575,0.0,True
5,16,1,8192,512,512,0.38867413202921547,0.0,True
5,8,2,16,1,2,0.2439008076985677,0.003312760265544057,True
5,8,2,128,8,16,0.2515338738759359,0.0032867274712771177,True
5,8,2,2048,128,256,0.33159360885620115,0.0032420943025499582,True
5,8,2,8192,512,1024,0.5560864130655925,0.0032457110937684774,True
6,16,1,16,1,1,0.18585599263509114,0.0,True
6,16,1,128,8,8,0.20587199529012043,0.0,True
6,16,1,2048,128,128,0.2628991921742757,0.0,True
6,16,1,8192,512,512,0.3888095855712891,0.0,True
6,8,2,16,1,2,0.2439573287963867,0.003240879625082016,True
6,8,2,128,8,16,0.25155626932779945,0.0032413757871836424,True
6,8,2,2048,128,256,0.3315583864847819,0.00326620158739388,True
6,8,2,8192,512,1024,0.555675760904948,0.0032474733889102936,True
7,16,1,16,1,1,0.18547306060791016,0.0,True
7,16,1,128,8,8,0.20527253150939942,0.0,True
7,16,1,2048,128,128,0.2627946694691976,0.0,True
7,16,1,8192,512,512,0.3886240005493164,0.0,True
7,8,2,16,1,2,0.24344639778137206,0.003228937741369009,True
7,8,2,128,8,16,0.2511840025583903,0.00319081312045455,True
7,8,2,2048,128,256,0.33134400049845375,0.0032628888729959726,True
7,8,2,8192,512,1024,0.5554784138997396,0.003250901587307453,True
8,16,1,16,1,1,0.18581120173136392,0.0,True
8,16,1,128,8,8,0.2057802677154541,0.0,True
8,16,1,2048,128,128,0.262884267171224,0.0,True
8,16,1,8192,512,512,0.38864320119222007,0.0,True
8,8,2,16,1,2,0.24376427332560222,0.0031979726627469063,True
8,8,2,128,8,16,0.2513546625773112,0.00329026160761714,True
8,8,2,2048,128,256,0.33135999043782555,0.0032453970052301884,True
8,8,2,8192,512,1024,0.5555722554524739,0.003257390111684799,True
9,16,1,16,1,1,0.18574934005737304,0.0,True
9,16,1,128,8,8,0.20579306284586588,0.0,True
9,16,1,2048,128,128,0.26293652852376304,0.0,True
9,16,1,8192,512,512,0.3886879920959473,0.0,True
9,8,2,16,1,2,0.2429141362508138,0.003265360137447715,True
9,8,2,128,8,16,0.2514058589935303,0.0032443972304463387,True
9,8,2,2048,128,256,0.3315039952596029,0.0032651787623763084,True
9,8,2,8192,512,1024,0.5559359868367513,0.0032532974146306515,True
