rank,ep,source_ranks,tokens_per_rank,global_tokens,routing,ms,graph_ms,max_mean_expert_load,workspace_device_bytes,dynamic_peak_bytes
0,16,16,1,16,balanced,0.1894015947977702,0.18525439898173016,3.499999761581421,6981419008,7168
0,16,16,1,16,hot_rank,0.10446080366770426,0.08701546986897786,55.999996185302734,6981419008,7168
0,16,16,8,128,balanced,0.2096768061319987,0.20545600255330404,1.3125,6981419008,57344
0,16,16,8,128,hot_rank,0.3654165267944336,0.35933119455973306,55.999996185302734,6981419008,57344
0,16,16,128,2048,balanced,0.2924714724222819,0.28707946141560875,1.01171875,6981419008,917504
0,16,16,128,2048,hot_rank,1.388219706217448,1.349893315633138,55.999996185302734,6981419008,917504
0,16,16,512,8192,balanced,0.45995839436848956,0.455128542582194,1.0048828125,6981419008,3670016
0,16,16,512,8192,hot_rank,4.6769566853841145,4.669627888997396,55.999996185302734,6981419008,3670016
0,16,16,2048,32768,balanced,1.4368490854899088,1.4261589050292969,1.00146484375,6981419008,14680064
0,16,16,2048,32768,hot_rank,17.769411214192708,17.76747029622396,55.999996185302734,6981419008,14680064
0,16,4,2048,8192,balanced,1.5071732838948568,1.5029749552408853,1.0048828125,6981419008,
0,16,8,1024,8192,balanced,1.409945551554362,1.4041205088297526,1.0048828125,6981419008,
0,8,8,1,8,balanced,0.32802667617797854,0.3238848050435384,6.999999523162842,4171235328,7168
0,8,8,1,8,hot_rank,0.0974016030629476,0.09254506429036459,55.999996185302734,4171235328,7168
0,8,8,8,64,balanced,0.36620159149169923,0.361193593343099,1.7499998807907104,4171235328,57344
0,8,8,8,64,hot_rank,0.22455253601074218,0.21930665969848634,55.999996185302734,4171235328,57344
0,8,8,128,1024,balanced,0.44865067799886066,0.44315414428710936,1.0390625,4171235328,917504
0,8,8,128,1024,hot_rank,1.0516000111897787,1.046887461344401,55.999996185302734,4171235328,917504
0,8,8,512,4096,balanced,0.6207520167032877,0.6159423828125,1.01171875,4171235328,3670016
0,8,8,512,4096,hot_rank,2.427598826090495,2.4195093790690105,55.999996185302734,4171235328,3670016
0,8,8,2048,16384,balanced,1.5097802480061848,1.5044148763020833,1.00146484375,4171235328,14680064
0,8,8,2048,16384,hot_rank,9.013503011067709,9.003725179036458,55.999996185302734,4171235328,14680064
0,4,4,1,4,balanced,0.266155735651652,0.2613770643870036,13.999999046325684,3089104896,7168
0,4,4,1,4,hot_rank,0.12441706657409668,0.12038506666819254,55.999996185302734,3089104896,7168
0,4,4,8,32,balanced,0.750706164042155,0.7465898513793945,1.7499998807907104,3089104896,57344
0,4,4,8,32,hot_rank,0.17714986801147461,0.17239359219868977,55.999996185302734,3089104896,57344
0,4,4,128,512,balanced,0.8392522811889649,0.8350666681925456,1.09375,3089104896,917504
0,4,4,128,512,hot_rank,0.9044042587280273,0.9002069473266602,55.999996185302734,3089104896,917504
0,4,4,512,2048,balanced,1.0417354583740235,1.0376277287801108,1.01171875,3089104896,3670016
0,4,4,512,2048,hot_rank,1.4992149353027344,1.4919520060221354,55.999996185302734,3089104896,3670016
0,4,4,2048,8192,balanced,1.6700298309326171,1.6679220835367838,1.0048828125,3089104896,14680064
0,4,4,2048,8192,hot_rank,4.718946329752604,4.712574768066406,55.999996185302734,3089104896,14680064
1,16,16,1,16,balanced,0.1894975980122884,0.1852746645609538,3.499999761581421,6981419008,7168
1,16,16,1,16,hot_rank,0.1044864018758138,0.08701866467793783,55.999996185302734,6981419008,7168
1,16,16,8,128,balanced,0.2098090648651123,0.20540053049723309,1.3125,6981419008,57344
1,16,16,8,128,hot_rank,0.3654581387837728,0.3593717257181803,55.999996185302734,6981419008,57344
1,16,16,128,2048,balanced,0.2924650510152181,0.2870304107666016,1.01171875,6981419008,917504
1,16,16,128,2048,hot_rank,1.388107681274414,1.3499669392903646,55.999996185302734,6981419008,917504
1,16,16,512,8192,balanced,0.4598282814025879,0.4552021344502767,1.0048828125,6981419008,3670016
1,16,16,512,8192,hot_rank,4.6769866943359375,4.669441223144531,55.999996185302734,6981419008,3670016
1,16,16,2048,32768,balanced,1.4368874867757162,1.4261706034342447,1.00146484375,6981419008,14680064
1,16,16,2048,32768,hot_rank,17.769399007161457,17.76776123046875,55.999996185302734,6981419008,14680064
1,16,4,2048,8192,balanced,1.5071520487467447,1.5030378977457681,1.0048828125,6981419008,
1,16,8,1024,8192,balanced,1.4099391937255858,1.4040821075439454,1.0048828125,6981419008,
1,8,8,1,8,balanced,0.32835734685262047,0.32410987218221027,6.999999523162842,4171235328,7168
1,8,8,1,8,hot_rank,0.09756266276041667,0.09282346566518147,55.999996185302734,4171235328,7168
1,8,8,8,64,balanced,0.36634985605875653,0.36141014099121094,1.7499998807907104,4171235328,57344
1,8,8,8,64,hot_rank,0.22486613591512045,0.2197098731994629,55.999996185302734,4171235328,57344
1,8,8,128,1024,balanced,0.44903039932250977,0.44351040522257484,1.0390625,4171235328,917504
1,8,8,128,1024,hot_rank,1.0519509633382162,1.0472821553548177,55.999996185302734,4171235328,917504
1,8,8,512,4096,balanced,0.6211360295613607,0.6163839975992839,1.01171875,4171235328,3670016
1,8,8,512,4096,hot_rank,2.428350830078125,2.419819641113281,55.999996185302734,4171235328,3670016
1,8,8,2048,16384,balanced,1.5102965037027996,1.50470822652181,1.00146484375,4171235328,14680064
1,8,8,2048,16384,hot_rank,9.013763427734375,9.00388692220052,55.999996185302734,4171235328,14680064
1,4,4,1,4,balanced,0.26626133918762207,0.2615061283111572,13.999999046325684,3089104896,7168
1,4,4,1,4,hot_rank,0.1244757334391276,0.12050879796346028,55.999996185302734,3089104896,7168
1,4,4,8,32,balanced,0.7508074442545573,0.7466559727986654,1.7499998807907104,3089104896,57344
1,4,4,8,32,hot_rank,0.17731626828511557,0.17254400253295898,55.999996185302734,3089104896,57344
1,4,4,128,512,balanced,0.8393845240275065,0.8352799733479818,1.09375,3089104896,917504
1,4,4,128,512,hot_rank,0.90448424021403,0.9003125508626302,55.999996185302734,3089104896,917504
1,4,4,512,2048,balanced,1.0417930603027343,1.0375712076822916,1.01171875,3089104896,3670016
1,4,4,512,2048,hot_rank,1.4992256164550781,1.4919743855794272,55.999996185302734,3089104896,3670016
1,4,4,2048,8192,balanced,1.6701141357421876,1.6678698221842447,1.0048828125,3089104896,14680064
1,4,4,2048,8192,hot_rank,4.719048563639323,4.712582397460937,55.999996185302734,3089104896,14680064
2,16,16,1,16,balanced,0.18924800554911295,0.18522772789001465,3.499999761581421,6981419008,7168
2,16,16,1,16,hot_rank,0.10433920224507649,0.08691946665445964,55.999996185302734,6981419008,7168
2,16,16,8,128,balanced,0.20974613825480143,0.20541119575500488,1.3125,6981419008,57344
2,16,16,8,128,hot_rank,0.3654378573099772,0.35920213063557943,55.999996185302734,6981419008,57344
2,16,16,128,2048,balanced,0.2924042701721191,0.2869738578796387,1.01171875,6981419008,917504
2,16,16,128,2048,hot_rank,1.388040542602539,1.349875259399414,55.999996185302734,6981419008,917504
2,16,16,512,8192,balanced,0.45978240966796874,0.4550869305928548,1.0048828125,6981419008,3670016
2,16,16,512,8192,hot_rank,4.67666015625,4.669346110026042,55.999996185302734,6981419008,3670016
2,16,16,2048,32768,balanced,1.436846923828125,1.42608642578125,1.00146484375,6981419008,14680064
2,16,16,2048,32768,hot_rank,17.76903076171875,17.76761474609375,55.999996185302734,6981419008,14680064
2,16,4,2048,8192,balanced,1.5072597503662108,1.5029876708984375,1.0048828125,6981419008,
2,16,8,1024,8192,balanced,1.4099957784016928,1.4040629069010417,1.0048828125,6981419008,
2,8,8,1,8,balanced,0.32828906377156575,0.3240127881368001,6.999999523162842,4171235328,7168
2,8,8,1,8,hot_rank,0.09744106928507487,0.092795729637146,55.999996185302734,4171235328,7168
2,8,8,8,64,balanced,0.3663061459859212,0.3614325205485026,1.7499998807907104,4171235328,57344
2,8,8,8,64,hot_rank,0.2248213291168213,0.21965120633443197,55.999996185302734,4171235328,57344
2,8,8,128,1024,balanced,0.4489418665568034,0.4435231844584147,1.0390625,4171235328,917504
2,8,8,128,1024,hot_rank,1.051796277364095,1.047278912862142,55.999996185302734,4171235328,917504
2,8,8,512,4096,balanced,0.6210997263590495,0.6163722356160481,1.01171875,4171235328,3670016
2,8,8,512,4096,hot_rank,2.4282496134440104,2.419849650065104,55.999996185302734,4171235328,3670016
2,8,8,2048,16384,balanced,1.5102197011311849,1.50480105082194,1.00146484375,4171235328,14680064
2,8,8,2048,16384,hot_rank,9.013627115885416,9.003761800130208,55.999996185302734,4171235328,14680064
2,4,4,1,4,balanced,0.26625919342041016,0.2614954630533854,13.999999046325684,3089104896,7168
2,4,4,1,4,hot_rank,0.1244586706161499,0.12046506404876708,55.999996185302734,3089104896,7168
2,4,4,8,32,balanced,0.7507989247639973,0.7465685526529948,1.7499998807907104,3089104896,57344
2,4,4,8,32,hot_rank,0.17718613942464193,0.17251946131388346,55.999996185302734,3089104896,57344
2,4,4,128,512,balanced,0.8392266591389974,0.8352842966715495,1.09375,3089104896,917504
2,4,4,128,512,hot_rank,0.9043968200683594,0.9002837498982748,55.999996185302734,3089104896,917504
2,4,4,512,2048,balanced,1.0418218612670898,1.037613868713379,1.01171875,3089104896,3670016
2,4,4,512,2048,hot_rank,1.4991296132405598,1.4919999440511067,55.999996185302734,3089104896,3670016
2,4,4,2048,8192,balanced,1.6700458526611328,1.6675861358642579,1.0048828125,3089104896,14680064
2,4,4,2048,8192,hot_rank,4.718822224934896,4.712514241536458,55.999996185302734,3089104896,14680064
3,16,16,1,16,balanced,0.18919679323832195,0.1851370652516683,3.499999761581421,6981419008,7168
3,16,16,1,16,hot_rank,0.1042645295461019,0.08693866729736328,55.999996185302734,6981419008,7168
3,16,16,8,128,balanced,0.20952852567036948,0.20530026753743488,1.3125,6981419008,57344
3,16,16,8,128,hot_rank,0.3652864138285319,0.35920852025349936,55.999996185302734,6981419008,57344
3,16,16,128,2048,balanced,0.29229866663614906,0.28682133356730144,1.01171875,6981419008,917504
3,16,16,128,2048,hot_rank,1.3879360198974608,1.3497503916422526,55.999996185302734,6981419008,917504
3,16,16,512,8192,balanced,0.4597397486368815,0.4550858815511068,1.0048828125,6981419008,3670016
3,16,16,512,8192,hot_rank,4.676219685872396,4.669353739420573,55.999996185302734,6981419008,3670016
3,16,16,2048,32768,balanced,1.4367115020751953,1.4260789235432942,1.00146484375,6981419008,14680064
3,16,16,2048,32768,hot_rank,17.769049072265624,17.767283121744793,55.999996185302734,6981419008,14680064
3,16,4,2048,8192,balanced,1.5071189880371094,1.5029333750406901,1.0048828125,6981419008,
3,16,8,1024,8192,balanced,1.4098677317301431,1.4040437062581381,1.0048828125,6981419008,
3,8,8,1,8,balanced,0.3282282511393229,0.3240586598714193,6.999999523162842,4171235328,7168
3,8,8,1,8,hot_rank,0.09737919966379802,0.09271679719289144,55.999996185302734,4171235328,7168
3,8,8,8,64,balanced,0.366210142771403,0.36141119003295896,1.7499998807907104,4171235328,57344
3,8,8,8,64,hot_rank,0.22481813430786132,0.21961280504862468,55.999996185302734,4171235328,57344
3,8,8,128,1024,balanced,0.44897705713907876,0.4434666633605957,1.0390625,4171235328,917504
3,8,8,128,1024,hot_rank,1.051796277364095,1.0472703933715821,55.999996185302734,4171235328,917504
3,8,8,512,4096,balanced,0.6210293451944987,0.6165023803710937,1.01171875,4171235328,3670016
3,8,8,512,4096,hot_rank,2.428197224934896,2.4197621663411457,55.999996185302734,4171235328,3670016
3,8,8,2048,16384,balanced,1.5101919809977213,1.5047189076741536,1.00146484375,4171235328,14680064
3,8,8,2048,16384,hot_rank,9.013224283854166,9.003726196289062,55.999996185302734,4171235328,14680064
3,4,4,1,4,balanced,0.26571839650472007,0.2614901383717855,13.999999046325684,3089104896,7168
3,4,4,1,4,hot_rank,0.12441279888153076,0.12042773564656575,55.999996185302734,3089104896,7168
3,4,4,8,32,balanced,0.7507445017496744,0.7465269088745117,1.7499998807907104,3089104896,57344
3,4,4,8,32,hot_rank,0.1771349271138509,0.17244906425476075,55.999996185302734,3089104896,57344
3,4,4,128,512,balanced,0.8392309188842774,0.8353386561075846,1.09375,3089104896,917504
3,4,4,128,512,hot_rank,0.9043210983276367,0.9001877466837566,55.999996185302734,3089104896,917504
3,4,4,512,2048,balanced,1.0417514801025392,1.0375925064086915,1.01171875,3089104896,3670016
3,4,4,512,2048,hot_rank,1.4990795135498047,1.4918987274169921,55.999996185302734,3089104896,3670016
3,4,4,2048,8192,balanced,1.669805908203125,1.6678763071695963,1.0048828125,3089104896,14680064
3,4,4,2048,8192,hot_rank,4.7188232421875,4.7125696818033855,55.999996185302734,3089104896,14680064
4,16,16,1,16,balanced,0.18938132921854656,0.18527572949727375,3.499999761581421,6981419008,7168
4,16,16,1,16,hot_rank,0.10440746943155925,0.08694720268249512,55.999996185302734,6981419008,7168
4,16,16,8,128,balanced,0.20969173113505046,0.20536746978759765,1.3125,6981419008,57344
4,16,16,8,128,hot_rank,0.3653482755025228,0.35926507314046224,55.999996185302734,6981419008,57344
4,16,16,128,2048,balanced,0.29246613184611003,0.2869450569152832,1.01171875,6981419008,917504
4,16,16,128,2048,hot_rank,1.3880266825358072,1.3498570760091146,55.999996185302734,6981419008,917504
4,16,16,512,8192,balanced,0.45979948043823243,0.4552181243896484,1.0048828125,6981419008,3670016
4,16,16,512,8192,hot_rank,4.676805114746093,4.669578552246094,55.999996185302734,6981419008,3670016
4,16,16,2048,32768,balanced,1.4367562611897786,1.4261311848958333,1.00146484375,6981419008,14680064
4,16,16,2048,32768,hot_rank,17.769356282552085,17.767572021484376,55.999996185302734,6981419008,14680064
4,16,4,0,8192,balanced,1.507150904337565,1.5029098510742187,1.0048828125,6981419008,
4,16,8,1024,8192,balanced,1.409890111287435,1.4040660858154297,1.0048828125,6981419008,
4,8,8,1,8,balanced,0.32816960016886393,0.32393280665079754,6.999999523162842,4171235328,7168
4,8,8,1,8,hot_rank,0.09739519755045573,0.09266453584035238,55.999996185302734,4171235328,7168
4,8,8,8,64,balanced,0.366102409362793,0.3615370750427246,1.7499998807907104,4171235328,57344
4,8,8,8,64,hot_rank,0.22482986450195314,0.21960426966349283,55.999996185302734,4171235328,57344
4,8,8,128,1024,balanced,0.449019718170166,0.4435413360595703,1.0390625,4171235328,917504
4,8,8,128,1024,hot_rank,1.0518463770548503,1.0472927729288737,55.999996185302734,4171235328,917504
4,8,8,512,4096,balanced,0.621075185139974,0.6164053599039714,1.01171875,4171235328,3670016
4,8,8,512,4096,hot_rank,2.4278132120768228,2.4197962443033854,55.999996185302734,4171235328,3670016
4,8,8,2048,16384,balanced,1.5100448608398438,1.5047701517740886,1.00146484375,4171235328,14680064
4,8,8,2048,16384,hot_rank,9.013767496744792,9.003961181640625,55.999996185302734,4171235328,14680064
4,4,4,1,4,balanced,0.26642239888509117,0.2619178613026937,13.999999046325684,3089104896,7168
4,4,4,1,4,hot_rank,0.12499946753184,0.12107733090718588,55.999996185302734,3089104896,7168
4,4,4,8,32,balanced,0.7503552118937175,0.7468458811442057,1.7499998807907104,3089104896,57344
4,4,4,8,32,hot_rank,0.1772149403889974,0.17266772588094076,55.999996185302734,3089104896,57344
4,4,4,128,512,balanced,0.840933354695638,0.8376448313395183,1.09375,3089104896,917504
4,4,4,128,512,hot_rank,0.9047967910766601,0.9003082911173502,55.999996185302734,3089104896,917504
4,4,4,512,2048,balanced,1.0425535837809246,1.0381397247314452,1.01171875,3089104896,3670016
4,4,4,512,2048,hot_rank,1.496347681681315,1.4903296152750651,55.999996185302734,3089104896,3670016
4,4,4,2048,8192,balanced,1.6683125813802084,1.6667232513427734,1.0048828125,3089104896,14680064
4,4,4,2048,8192,hot_rank,4.71457265218099,4.717140197753906,55.999996185302734,3089104896,14680064
5,16,16,1,16,balanced,0.18926186561584474,0.18522133827209472,3.499999761581421,6981419008,7168
5,16,16,1,16,hot_rank,0.10430719852447509,0.08700373172760009,55.999996185302734,6981419008,7168
5,16,16,8,128,balanced,0.209661865234375,0.20535465876261394,1.3125,6981419008,57344
5,16,16,8,128,hot_rank,0.36527252197265625,0.359222412109375,55.999996185302734,6981419008,57344
5,16,16,128,2048,balanced,0.29237225850423176,0.28699413935343426,1.01171875,6981419008,917504
5,16,16,128,2048,hot_rank,1.3880288441975912,1.3498346964518229,55.999996185302734,6981419008,917504
5,16,16,512,8192,balanced,0.45980587005615237,0.4550325393676758,1.0048828125,6981419008,3670016
5,16,16,512,8192,hot_rank,4.676783752441406,4.669523111979166,55.999996185302734,6981419008,3670016
5,16,16,2048,32768,balanced,1.4367071787516277,1.4261056264241536,1.00146484375,6981419008,14680064
5,16,16,2048,32768,hot_rank,17.769307454427082,17.767154947916666,55.999996185302734,6981419008,14680064
5,16,4,0,8192,balanced,1.5070891062418619,1.5028692881266277,1.0048828125,6981419008,
5,16,8,1024,8192,balanced,1.4098976135253907,1.4040480295817057,1.0048828125,6981419008,
5,8,8,1,8,balanced,0.32818454106648765,0.32398932774861655,6.999999523162842,4171235328,7168
5,8,8,1,8,hot_rank,0.09732267061869303,0.09271039962768554,55.999996185302734,4171235328,7168
5,8,8,8,64,balanced,0.3660586675008138,0.36149120330810547,1.7499998807907104,4171235328,57344
5,8,8,8,64,hot_rank,0.2247488021850586,0.21958613395690918,55.999996185302734,4171235328,57344
5,8,8,128,1024,balanced,0.44903361002604164,0.44350080490112304,1.0390625,4171235328,917504
5,8,8,128,1024,hot_rank,1.0517621358235678,1.0472864151000976,55.999996185302734,4171235328,917504
5,8,8,512,4096,balanced,0.621066665649414,0.6164138793945313,1.01171875,4171235328,3670016
5,8,8,512,4096,hot_rank,2.428332773844401,2.4197919209798178,55.999996185302734,4171235328,3670016
5,8,8,2048,16384,balanced,1.51015256245931,1.5047723134358724,1.00146484375,4171235328,14680064
5,8,8,2048,16384,hot_rank,9.013771565755208,9.003911336263021,55.999996185302734,4171235328,14680064
5,4,4,1,4,balanced,0.26632320086161293,0.2619061311086019,13.999999046325684,3089104896,7168
5,4,4,1,4,hot_rank,0.12498772939046224,0.12103359699249268,55.999996185302734,3089104896,7168
5,4,4,8,32,balanced,0.7503637313842774,0.7467871983846028,1.7499998807907104,3089104896,57344
5,4,4,8,32,hot_rank,0.17723199526468914,0.17258559862772624,55.999996185302734,3089104896,57344
5,4,4,128,512,balanced,0.8409002939860026,0.8376885096232096,1.09375,3089104896,917504
5,4,4,128,512,hot_rank,0.9047594706217448,0.9005973180135091,55.999996185302734,3089104896,917504
5,4,4,512,2048,balanced,1.042525863647461,1.0381376266479492,1.01171875,3089104896,3670016
5,4,4,512,2048,hot_rank,1.496283721923828,1.4902421315511067,55.999996185302734,3089104896,3670016
5,4,4,2048,8192,balanced,1.6681898752848308,1.6668000539143881,1.0048828125,3089104896,14680064
5,4,4,2048,8192,hot_rank,4.714534505208333,4.71710205078125,55.999996185302734,3089104896,14680064
6,16,16,1,16,balanced,0.18937066396077473,0.1853439966837565,3.499999761581421,6981419008,7168
6,16,16,1,16,hot_rank,0.10443519751230876,0.0870143969853719,55.999996185302734,6981419008,7168
6,16,16,8,128,balanced,0.20978879928588867,0.20549227396647135,1.3125,6981419008,57344
6,16,16,8,128,hot_rank,0.36552000045776367,0.35934934616088865,55.999996185302734,6981419008,57344
6,16,16,128,2048,balanced,0.2924629211425781,0.2870496114095052,1.01171875,6981419008,917504
6,16,16,128,2048,hot_rank,1.3881343841552733,1.3498762766520183,55.999996185302734,6981419008,917504
6,16,16,512,8192,balanced,0.45983680089314777,0.4551349322001139,1.0048828125,6981419008,3670016
6,16,16,512,8192,hot_rank,4.676983642578125,4.669719441731771,55.999996185302734,6981419008,3670016
6,16,16,2048,32768,balanced,1.4363819122314454,1.4262922922770183,1.00146484375,6981419008,14680064
6,16,16,2048,32768,hot_rank,17.76950480143229,17.767720540364582,55.999996185302734,6981419008,14680064
6,16,4,0,8192,balanced,1.5071360270182292,1.5030410766601563,1.0048828125,6981419008,
6,16,8,1024,8192,balanced,1.4100650787353515,1.4041770935058593,1.0048828125,6981419008,
6,8,8,1,8,balanced,0.3283178647359212,0.3241600036621094,6.999999523162842,4171235328,7168
6,8,8,1,8,hot_rank,0.09758613109588624,0.09285546938578287,55.999996185302734,4171235328,7168
6,8,8,8,64,balanced,0.3662869453430176,0.3616490681966146,1.7499998807907104,4171235328,57344
6,8,8,8,64,hot_rank,0.2250048001607259,0.2196949323018392,55.999996185302734,4171235328,57344
6,8,8,128,1024,balanced,0.4491381327311198,0.4435850779215495,1.0390625,4171235328,917504
6,8,8,128,1024,hot_rank,1.051965840657552,1.04738343556722,55.999996185302734,4171235328,917504
6,8,8,512,4096,balanced,0.621128527323405,0.6165877024332682,1.01171875,4171235328,3670016
6,8,8,512,4096,hot_rank,2.42816645304362,2.419884745279948,55.999996185302734,4171235328,3670016
6,8,8,2048,16384,balanced,1.5103200276692708,1.5048245747884115,1.00146484375,4171235328,14680064
6,8,8,2048,16384,hot_rank,9.013858032226562,9.003936767578125,55.999996185302734,4171235328,14680064
6,4,4,1,4,balanced,0.2665226618448893,0.26198293368021647,13.999999046325684,3089104896,7168
6,4,4,1,4,hot_rank,0.12509013017018636,0.12112639745076498,55.999996185302734,3089104896,7168
6,4,4,8,32,balanced,0.7504341125488281,0.7469216028849284,1.7499998807907104,3089104896,57344
6,4,4,8,32,hot_rank,0.17735999425252277,0.17274346351623535,55.999996185302734,3089104896,57344
6,4,4,128,512,balanced,0.8410079956054688,0.8376821517944336,1.09375,3089104896,917504
6,4,4,128,512,hot_rank,0.9048533121744792,0.9007018407185873,55.999996185302734,3089104896,917504
6,4,4,512,2048,balanced,1.0426602681477866,1.0381717046101888,1.01171875,3089104896,3670016
6,4,4,512,2048,hot_rank,1.4964810689290364,1.4904139200846354,55.999996185302734,3089104896,3670016
6,4,4,2048,8192,balanced,1.668468221028646,1.6669376373291016,1.0048828125,3089104896,14680064
6,4,4,2048,8192,hot_rank,4.714545186360677,4.717298380533854,55.999996185302734,3089104896,14680064
7,16,16,1,16,balanced,0.18942079544067383,0.18527146975199382,3.499999761581421,6981419008,7168
7,16,16,1,16,hot_rank,0.10450773239135742,0.08712639808654785,55.999996185302734,6981419008,7168
7,16,16,8,128,balanced,0.20974292755126953,0.20545387268066406,1.3125,6981419008,57344
7,16,16,8,128,hot_rank,0.3654581387837728,0.35936638514200847,55.999996185302734,6981419008,57344
7,16,16,128,2048,balanced,0.292411740620931,0.28707412083943684,1.01171875,6981419008,917504
7,16,16,128,2048,hot_rank,1.3881844838460287,1.3499615987141926,55.999996185302734,6981419008,917504
7,16,16,512,8192,balanced,0.4599061330159505,0.45516481399536135,1.0048828125,6981419008,3670016
7,16,16,512,8192,hot_rank,4.676998392740885,4.669666035970052,55.999996185302734,6981419008,3670016
7,16,16,2048,32768,balanced,1.4369205474853515,1.4262250264485676,1.00146484375,6981419008,14680064
7,16,16,2048,32768,hot_rank,17.769354248046874,17.767622884114584,55.999996185302734,6981419008,14680064
7,16,4,0,8192,balanced,1.5071786244710286,1.5029493967692058,1.0048828125,6981419008,
7,16,8,1024,8192,balanced,1.409933853149414,1.4041428883870444,1.0048828125,6981419008,
7,8,8,1,8,balanced,0.32837120691935223,0.3240778605143229,6.999999523162842,4171235328,7168
7,8,8,1,8,hot_rank,0.09755307038625081,0.09274240334828694,55.999996185302734,4171235328,7168
7,8,8,8,64,balanced,0.36616748174031577,0.3616490681966146,1.7499998807907104,4171235328,57344
7,8,8,8,64,hot_rank,0.22492052714029948,0.2197205384572347,55.999996185302734,4171235328,57344
7,8,8,128,1024,balanced,0.44913492202758787,0.4435423851013184,1.0390625,4171235328,917504
7,8,8,128,1024,hot_rank,1.051909319559733,1.0473344167073568,55.999996185302734,4171235328,917504
7,8,8,512,4096,balanced,0.621128527323405,0.6164437611897786,1.01171875,4171235328,3670016
7,8,8,512,4096,hot_rank,2.428325398763021,2.4199434916178384,55.999996185302734,4171235328,3670016
7,8,8,2048,16384,balanced,1.5103253682454427,1.5048138936360678,1.00146484375,4171235328,14680064
7,8,8,2048,16384,hot_rank,9.013816324869792,9.003922526041666,55.999996185302734,4171235328,14680064
7,4,4,1,4,balanced,0.2665535926818848,0.2619808038075765,13.999999046325684,3089104896,7168
7,4,4,1,4,hot_rank,0.12516586780548095,0.12120959758758545,55.999996185302734,3089104896,7168
7,4,4,8,32,balanced,0.7505311965942383,0.7468746821085612,1.7499998807907104,3089104896,57344
7,4,4,8,32,hot_rank,0.1774197260538737,0.17275627454121908,55.999996185302734,3089104896,57344
7,4,4,128,512,balanced,0.8410826365152995,0.8377461115519206,1.09375,3089104896,917504
7,4,4,128,512,hot_rank,0.904856554667155,0.9007136027018229,55.999996185302734,3089104896,917504
7,4,4,512,2048,balanced,1.0426858901977538,1.038262430826823,1.01171875,3089104896,3670016
7,4,4,512,2048,hot_rank,1.4965269724527994,1.4903797149658202,55.999996185302734,3089104896,3670016
7,4,4,2048,8192,balanced,1.6683274586995442,1.6669291178385417,1.0048828125,3089104896,14680064
7,4,4,2048,8192,hot_rank,4.714618428548177,4.717324829101562,55.999996185302734,3089104896,14680064
8,16,16,1,16,balanced,0.18936853408813475,0.18513280550638836,3.499999761581421,6981419008,7168
8,16,16,1,16,hot_rank,0.10445013046264648,0.08687466780344645,55.999996185302734,6981419008,7168
8,16,16,8,128,balanced,0.2096288045247396,0.20535252888997396,1.3125,6981419008,57344
8,16,16,8,128,hot_rank,0.36513280868530273,0.3591509183247884,55.999996185302734,6981419008,57344
8,16,16,128,2048,balanced,0.2924405415852865,0.2869354565938314,1.01171875,6981419008,917504
8,16,16,128,2048,hot_rank,1.3880255381266275,1.3498794555664062,55.999996185302734,6981419008,917504
8,16,16,512,8192,balanced,0.45972906748453773,0.45505599975585936,1.0048828125,6981419008,3670016
8,16,16,512,8192,hot_rank,4.6768951416015625,4.66952870686849,55.999996185302734,6981419008,3670016
8,16,16,2048,32768,balanced,1.436789321899414,1.4262069702148437,1.00146484375,6981419008,14680064
8,16,16,2048,32768,hot_rank,17.769407145182292,17.76626180013021,55.999996185302734,6981419008,14680064
8,16,4,0,8192,balanced,1.5072427113850912,1.502936553955078,1.0048828125,6981419008,
8,16,8,0,8192,balanced,1.409873072306315,1.4041024525960286,1.0048828125,6981419008,
8,8,8,1,8,balanced,0.3291381200154622,0.32459519704182943,6.999999523162842,4171235328,7168
8,8,8,1,8,hot_rank,0.09781119823455811,0.09250346819559734,55.999996185302734,4171235328,7168
8,8,8,8,64,balanced,0.3657439867655436,0.3611242612202962,1.7499998807907104,4171235328,57344
8,8,8,8,64,hot_rank,0.2259712060292562,0.2209013303120931,55.999996185302734,4171235328,57344
8,8,8,128,1024,balanced,0.4482762654622396,0.44293120702107747,1.0390625,4171235328,917504
8,8,8,128,1024,hot_rank,1.0503434499104818,1.0436693191528321,55.999996185302734,4171235328,917504
8,8,8,512,4096,balanced,0.6205162684122721,0.614961051940918,1.01171875,4171235328,3670016
8,8,8,512,4096,hot_rank,2.4392959594726564,2.4328468322753904,55.999996185302734,4171235328,3670016
8,8,8,2048,16384,balanced,1.5109556833902995,1.5057141621907553,1.00146484375,4171235328,14680064
8,8,8,2048,16384,hot_rank,9.023500569661458,9.028653971354167,55.999996185302734,4171235328,14680064
8,4,4,1,4,balanced,0.2690741221110026,0.264626137415568,13.999999046325684,3089104896,7168
8,4,4,1,4,hot_rank,0.12850666840871175,0.12356692949930827,55.999996185302734,3089104896,7168
8,4,4,8,32,balanced,0.7503456115722656,0.746126937866211,1.7499998807907104,3089104896,57344
8,4,4,8,32,hot_rank,0.17967999776204427,0.17459306716918946,55.999996185302734,3089104896,57344
8,4,4,128,512,balanced,0.8403605143229167,0.8355690638224283,1.09375,3089104896,917504
8,4,4,128,512,hot_rank,0.90862611134847,0.9029685338338216,55.999996185302734,3089104896,917504
8,4,4,512,2048,balanced,1.043612798055013,1.0376703898111979,1.01171875,3089104896,3670016
8,4,4,512,2048,hot_rank,1.5005781809488932,1.4940415700276692,55.999996185302734,3089104896,3670016
8,4,4,2048,8192,balanced,1.666909917195638,1.6630474090576173,1.0048828125,3089104896,14680064
8,4,4,2048,8192,hot_rank,4.72675526936849,4.720070393880208,55.999996185302734,3089104896,14680064
9,16,16,1,16,balanced,0.18942079544067383,0.1852010726928711,3.499999761581421,6981419008,7168
9,16,16,1,16,hot_rank,0.10446826616923015,0.08693439960479736,55.999996185302734,6981419008,7168
9,16,16,8,128,balanced,0.20965654055277508,0.20541119575500488,1.3125,6981419008,57344
9,16,16,8,128,hot_rank,0.3650709470113119,0.35916159947713217,55.999996185302734,6981419008,57344
9,16,16,128,2048,balanced,0.29238932927449546,0.28692372639973956,1.01171875,6981419008,917504
9,16,16,128,2048,hot_rank,1.3880597432454427,1.3499615987141926,55.999996185302734,6981419008,917504
9,16,16,512,8192,balanced,0.45968853632609047,0.4549962679545085,1.0048828125,6981419008,3670016
9,16,16,512,8192,hot_rank,4.673256429036458,4.669681294759115,55.999996185302734,6981419008,3670016
9,16,16,2048,32768,balanced,1.4368427276611329,1.4261664072672526,1.00146484375,6981419008,14680064
9,16,16,2048,32768,hot_rank,17.76890869140625,17.76273193359375,55.999996185302734,6981419008,14680064
9,16,4,0,8192,balanced,1.5068309783935547,1.5022773742675781,1.0048828125,6981419008,
9,16,8,0,8192,balanced,1.4096693674723306,1.4037899017333983,1.0048828125,6981419008,
9,8,8,1,8,balanced,0.32913068135579426,0.324618657430013,6.999999523162842,4171235328,7168
9,8,8,1,8,hot_rank,0.09780480066935221,0.09256213506062826,55.999996185302734,4171235328,7168
9,8,8,8,64,balanced,0.3654944101969401,0.3610677401224772,1.7499998807907104,4171235328,57344
9,8,8,8,64,hot_rank,0.2259936014811198,0.22088425954182941,55.999996185302734,4171235328,57344
9,8,8,128,1024,balanced,0.44810028076171876,0.44309867223103844,1.0390625,4171235328,917504
9,8,8,128,1024,hot_rank,1.0504565556844077,1.043819745381673,55.999996185302734,4171235328,917504
9,8,8,512,4096,balanced,0.6203903834025065,0.6149951934814453,1.01171875,4171235328,3670016
9,8,8,512,4096,hot_rank,2.4391743977864584,2.4325876871744794,55.999996185302734,4171235328,3670016
9,8,8,2048,16384,balanced,1.5107872009277343,1.5053834279378255,1.00146484375,4171235328,14680064
9,8,8,2048,16384,hot_rank,9.023108927408854,9.033442179361979,55.999996185302734,4171235328,14680064
9,4,4,1,4,balanced,0.2687978744506836,0.26449492772420247,13.999999046325684,3089104896,7168
9,4,4,1,4,hot_rank,0.12820160388946533,0.12329386870066325,55.999996185302734,3089104896,7168
9,4,4,8,32,balanced,0.7500586827596029,0.7458762486775716,1.7499998807907104,3089104896,57344
9,4,4,8,32,hot_rank,0.1795039971669515,0.17454080581665038,55.999996185302734,3089104896,57344
9,4,4,128,512,balanced,0.8400096257527669,0.8355381647745769,1.09375,3089104896,917504
9,4,4,128,512,hot_rank,0.908025614420573,0.9026624043782552,55.999996185302734,3089104896,917504
9,4,4,512,2048,balanced,1.0430496215820313,1.0376234690348307,1.01171875,3089104896,3670016
9,4,4,512,2048,hot_rank,1.5001258850097656,1.49388796488444,55.999996185302734,3089104896,3670016
9,4,4,2048,8192,balanced,1.666977055867513,1.6630208333333334,1.0048828125,3089104896,14680064
9,4,4,2048,8192,hot_rank,4.726715596516927,4.7170049031575525,55.999996185302734,3089104896,14680064
10,16,16,1,16,balanced,0.1894986629486084,0.18524479866027832,3.499999761581421,6981419008,7168
10,16,16,1,16,hot_rank,0.10449493726094564,0.08700053691864014,55.999996185302734,6981419008,7168
10,16,16,8,128,balanced,0.20981760025024415,0.20548159281412762,1.3125,6981419008,57344
10,16,16,8,128,hot_rank,0.3652127901713053,0.3592981338500977,55.999996185302734,6981419008,57344
10,16,16,128,2048,balanced,0.2924981435139974,0.28697067896525064,1.01171875,6981419008,917504
10,16,16,128,2048,hot_rank,1.3881759643554688,1.3498944600423177,55.999996185302734,6981419008,917504
10,16,16,512,8192,balanced,0.4598965326944987,0.45520639419555664,1.0048828125,6981419008,3670016
10,16,16,512,8192,hot_rank,4.676963297526042,4.669703674316406,55.999996185302734,6981419008,3670016
10,16,16,2048,32768,balanced,1.436948267618815,1.426257069905599,1.00146484375,6981419008,14680064
10,16,16,2048,32768,hot_rank,17.769488525390624,17.767643229166666,55.999996185302734,6981419008,14680064
10,16,4,0,8192,balanced,1.5072394053141276,1.5029696146647136,1.0048828125,6981419008,
10,16,8,0,8192,balanced,1.4100149790445964,1.4042218526204426,1.0048828125,6981419008,
10,8,8,1,8,balanced,0.3294464111328125,0.32493438720703127,6.999999523162842,4171235328,7168
10,8,8,1,8,hot_rank,0.09807146390279134,0.09279146989186605,55.999996185302734,4171235328,7168
10,8,8,8,64,balanced,0.36610666910807294,0.3614975929260254,1.7499998807907104,4171235328,57344
10,8,8,8,64,hot_rank,0.22630507151285809,0.22113173802693684,55.999996185302734,4171235328,57344
10,8,8,128,1024,balanced,0.44832639694213866,0.44330132802327477,1.0390625,4171235328,917504
10,8,8,128,1024,hot_rank,1.0507594426472981,1.044003168741862,55.999996185302734,4171235328,917504
10,8,8,512,4096,balanced,0.6207701365152994,0.6152597427368164,1.01171875,4171235328,3670016
10,8,8,512,4096,hot_rank,2.439575449625651,2.4331019083658854,55.999996185302734,4171235328,3670016
10,8,8,2048,16384,balanced,1.5112555185953775,1.5057963053385417,1.00146484375,4171235328,14680064
10,8,8,2048,16384,hot_rank,9.023553466796875,9.033774820963542,55.999996185302734,4171235328,14680064
10,4,4,1,4,balanced,0.2692341486612956,0.2647285302480062,13.999999046325684,3089104896,7168
10,4,4,1,4,hot_rank,0.1285760005315145,0.12372480233510336,55.999996185302734,3089104896,7168
10,4,4,8,32,balanced,0.750489616394043,0.7462005615234375,1.7499998807907104,3089104896,57344
10,4,4,8,32,hot_rank,0.179858128229777,0.1748213291168213,55.999996185302734,3089104896,57344
10,4,4,128,512,balanced,0.8404383977254232,0.8357066472371419,1.09375,3089104896,917504
10,4,4,128,512,hot_rank,0.9086965560913086,0.9030453364054362,55.999996185302734,3089104896,917504
10,4,4,512,2048,balanced,1.0438474655151366,1.0377898534138998,1.01171875,3089104896,3670016
10,4,4,512,2048,hot_rank,1.5007476806640625,1.4941579182942708,55.999996185302734,3089104896,3670016
10,4,4,2048,8192,balanced,1.6670976003011069,1.6631306966145833,1.0048828125,3089104896,14680064
10,4,4,2048,8192,hot_rank,4.726957702636719,4.7200770060221355,55.999996185302734,3089104896,14680064
11,16,16,1,16,balanced,0.18949012756347655,0.185260804494222,3.499999761581421,6981419008,7168
11,16,16,1,16,hot_rank,0.10455359617869059,0.08701120217641195,55.999996185302734,6981419008,7168
11,16,16,8,128,balanced,0.20981440544128419,0.20541440645853679,1.3125,6981419008,57344
11,16,16,8,128,hot_rank,0.365176518758138,0.35926825205485025,55.999996185302734,6981419008,57344
11,16,16,128,2048,balanced,0.2924714724222819,0.28702611923217775,1.01171875,6981419008,917504
11,16,16,128,2048,hot_rank,1.3881333669026692,1.3498944600423177,55.999996185302734,6981419008,917504
11,16,16,512,8192,balanced,0.4598623911539714,0.45518719355265297,1.0048828125,6981419008,3670016
11,16,16,512,8192,hot_rank,4.677034505208334,4.669705708821614,55.999996185302734,6981419008,3670016
11,16,16,2048,32768,balanced,1.436950429280599,1.4263573964436849,1.00146484375,6981419008,14680064
11,16,16,2048,32768,hot_rank,17.76950887044271,17.767681884765626,55.999996185302734,6981419008,14680064
11,16,4,0,8192,balanced,1.5072373708089193,1.503014373779297,1.0048828125,6981419008,
11,16,8,0,8192,balanced,1.4100597381591797,1.4042037963867187,1.0048828125,6981419008,
11,8,8,1,8,balanced,0.3294677416483561,0.32491092681884765,6.999999523162842,4171235328,7168
11,8,8,1,8,hot_rank,0.09804373582204183,0.09282879829406739,55.999996185302734,4171235328,7168
11,8,8,8,64,balanced,0.36603946685791017,0.3614538510640462,1.7499998807907104,4171235328,57344
11,8,8,8,64,hot_rank,0.22632106145222983,0.22113919258117676,55.999996185302734,4171235328,57344
11,8,8,128,1024,balanced,0.4483231862386068,0.4433109283447266,1.0390625,4171235328,917504
11,8,8,128,1024,hot_rank,1.0507520039876301,1.0440010706583658,55.999996185302734,4171235328,917504
11,8,8,512,4096,balanced,0.6207573572794597,0.6152778625488281,1.01171875,4171235328,3670016
11,8,8,512,4096,hot_rank,2.4396372477213544,2.4331146240234376,55.999996185302734,4171235328,3670016
11,8,8,2048,16384,balanced,1.5112256368001302,1.5058048248291016,1.00146484375,4171235328,14680064
11,8,8,2048,16384,hot_rank,9.023536173502604,9.033787027994792,55.999996185302734,4171235328,14680064
11,4,4,1,4,balanced,0.2692533175150553,0.2647989273071289,13.999999046325684,3089104896,7168
11,4,4,1,4,hot_rank,0.12859093348185222,0.12377706368764242,55.999996185302734,3089104896,7168
11,4,4,8,32,balanced,0.7504608154296875,0.7461493174235027,1.7499998807907104,3089104896,57344
11,4,4,8,32,hot_rank,0.1799008051554362,0.17481706937154134,55.999996185302734,3089104896,57344
11,4,4,128,512,balanced,0.8404618581136067,0.8358207702636719,1.09375,3089104896,917504
11,4,4,128,512,hot_rank,0.9087093353271485,0.9030506769816081,55.999996185302734,3089104896,917504
11,4,4,512,2048,balanced,1.0438517252604167,1.0377887725830077,1.01171875,3089104896,3670016
11,4,4,512,2048,hot_rank,1.5005556742350261,1.4941248575846353,55.999996185302734,3089104896,3670016
11,4,4,2048,8192,balanced,1.6670645395914714,1.6632245381673176,1.0048828125,3089104896,14680064
11,4,4,2048,8192,hot_rank,4.726949564615885,4.720024617513021,55.999996185302734,3089104896,14680064
12,16,16,1,16,balanced,0.18907626469930014,0.18480106989542644,3.499999761581421,6981419008,7168
12,16,16,1,16,hot_rank,0.10408533414204915,0.08669546445210775,55.999996185302734,6981419008,7168
12,16,16,8,128,balanced,0.2094282627105713,0.2049077351888021,1.3125,6981419008,57344
12,16,16,8,128,hot_rank,0.3647466659545898,0.35903253555297854,55.999996185302734,6981419008,57344
12,16,16,128,2048,balanced,0.29226986567179364,0.28687572479248047,1.01171875,6981419008,917504
12,16,16,128,2048,hot_rank,1.3547147115071614,1.3497931162516277,55.999996185302734,6981419008,917504
12,16,16,512,8192,balanced,0.45986452102661135,0.45496638615926105,1.0048828125,6981419008,3670016
12,16,16,512,8192,hot_rank,4.676699829101563,4.669287618001302,55.999996185302734,6981419008,3670016
12,16,16,2048,32768,balanced,1.436077880859375,1.425558344523112,1.00146484375,6981419008,14680064
12,16,16,2048,32768,hot_rank,17.769000244140624,17.764506022135418,55.999996185302734,6981419008,14680064
12,16,4,0,8192,balanced,1.5067061106363933,1.5020416259765625,1.0048828125,6981419008,
12,16,8,0,8192,balanced,1.4096628824869792,1.4039477030436198,1.0048828125,6981419008,
12,8,8,1,8,balanced,0.3286176045735677,0.3246474583943685,6.999999523162842,4171235328,7168
12,8,8,1,8,hot_rank,0.09770027001698812,0.0925376017888387,55.999996185302734,4171235328,7168
12,8,8,8,64,balanced,0.36553068161010743,0.36103572845458987,1.7499998807907104,4171235328,57344
12,8,8,8,64,hot_rank,0.2259424050649007,0.22094292640686036,55.999996185302734,4171235328,57344
12,8,8,128,1024,balanced,0.4480682690938314,0.4430783907572428,1.0390625,4171235328,917504
12,8,8,128,1024,hot_rank,1.0504095713297525,1.0438751856486002,55.999996185302734,4171235328,917504
12,8,8,512,4096,balanced,0.620355224609375,0.6150229136149089,1.01171875,4171235328,3670016
12,8,8,512,4096,hot_rank,2.4388554890950522,2.432817077636719,55.999996185302734,4171235328,3670016
12,8,8,2048,16384,balanced,1.5107828776041667,1.5055253346761068,1.00146484375,4171235328,14680064
12,8,8,2048,16384,hot_rank,9.023035685221354,9.027853393554688,55.999996185302734,4171235328,14680064
12,4,4,1,4,balanced,0.26937065124511717,0.2645919958750407,13.999999046325684,3089104896,7168
12,4,4,1,4,hot_rank,0.12761600017547609,0.12319573561350504,55.999996185302734,3089104896,7168
12,4,4,8,32,balanced,0.7511210759480794,0.747213872273763,1.7499998807907104,3089104896,57344
12,4,4,8,32,hot_rank,0.1785568078358968,0.1738464037577311,55.999996185302734,3089104896,57344
12,4,4,128,512,balanced,0.8419850667317709,0.8370101292928059,1.09375,3089104896,917504
12,4,4,128,512,hot_rank,0.9081024169921875,0.9030069351196289,55.999996185302734,3089104896,917504
12,4,4,512,2048,balanced,1.0439008076985676,1.0384490966796875,1.01171875,3089104896,3670016
12,4,4,512,2048,hot_rank,1.5046122233072916,1.497704569498698,55.999996185302734,3089104896,3670016
12,4,4,2048,8192,balanced,1.672698720296224,1.6676458994547525,1.0048828125,3089104896,14680064
12,4,4,2048,8192,hot_rank,4.732297770182291,4.727945454915365,55.999996185302734,3089104896,14680064
13,16,16,1,16,balanced,0.18929600715637207,0.18513919512430826,3.499999761581421,6981419008,7168
13,16,16,1,16,hot_rank,0.10421866575876872,0.08683733145395915,55.999996185302734,6981419008,7168
13,16,16,8,128,balanced,0.20966506004333496,0.20530986785888672,1.3125,6981419008,57344
13,16,16,8,128,hot_rank,0.36533546447753906,0.3590794563293457,55.999996185302734,6981419008,57344
13,16,16,128,2048,balanced,0.2923317273457845,0.2867967923482259,1.01171875,6981419008,917504
13,16,16,128,2048,hot_rank,1.3879093170166015,1.349789810180664,55.999996185302734,6981419008,917504
13,16,16,512,8192,balanced,0.45963306427001954,0.4550058682759603,1.0048828125,6981419008,3670016
13,16,16,512,8192,hot_rank,4.6766504923502605,4.669450887044271,55.999996185302734,6981419008,3670016
13,16,16,2048,32768,balanced,1.4360767364501954,1.4256245930989584,1.00146484375,6981419008,14680064
13,16,16,2048,32768,hot_rank,17.768914794921876,17.766630045572917,55.999996185302734,6981419008,14680064
13,16,4,0,8192,balanced,1.5069515228271484,1.5023370107014975,1.0048828125,6981419008,
13,16,8,0,8192,balanced,1.4098346710205079,1.403658676147461,1.0048828125,6981419008,
13,8,8,1,8,balanced,0.32929067611694335,0.3244319915771484,6.999999523162842,4171235328,7168
13,8,8,1,8,hot_rank,0.09786667029062907,0.09234986305236817,55.999996185302734,4171235328,7168
13,8,8,8,64,balanced,0.36561492284138997,0.36087465286254883,1.7499998807907104,4171235328,57344
13,8,8,8,64,hot_rank,0.2262133280436198,0.2206602732340495,55.999996185302734,4171235328,57344
13,8,8,128,1024,balanced,0.44814933141072594,0.44296852747599286,1.0390625,4171235328,917504
13,8,8,128,1024,hot_rank,1.050483194986979,1.0435839970906575,55.999996185302734,4171235328,917504
13,8,8,512,4096,balanced,0.6205098470052083,0.6148597081502278,1.01171875,4171235328,3670016
13,8,8,512,4096,hot_rank,2.439116923014323,2.432564290364583,55.999996185302734,4171235328,3670016
13,8,8,2048,16384,balanced,1.5109525044759116,1.505470911661784,1.00146484375,4171235328,14680064
13,8,8,2048,16384,hot_rank,9.023032633463542,9.018468221028646,55.999996185302734,4171235328,14680064
13,4,4,1,4,balanced,0.26954240798950196,0.26452266375223793,13.999999046325684,3089104896,7168
13,4,4,1,4,hot_rank,0.127729066212972,0.12284693717956544,55.999996185302734,3089104896,7168
13,4,4,8,32,balanced,0.7515861511230468,0.747378158569336,1.7499998807907104,3089104896,57344
13,4,4,8,32,hot_rank,0.17881066004435223,0.17369386355082195,55.999996185302734,3089104896,57344
13,4,4,128,512,balanced,0.8424490610758464,0.8372842788696289,1.09375,3089104896,917504
13,4,4,128,512,hot_rank,0.9086645126342774,0.9028906504313151,55.999996185302734,3089104896,917504
13,4,4,512,2048,balanced,1.0443893432617188,1.0393749237060548,1.01171875,3089104896,3670016
13,4,4,512,2048,hot_rank,1.5051765441894531,1.4974411010742188,55.999996185302734,3089104896,3670016
13,4,4,2048,8192,balanced,1.6732330322265625,1.6681578318277994,1.0048828125,3089104896,14680064
13,4,4,2048,8192,hot_rank,4.732312520345052,4.727827453613282,55.999996185302734,3089104896,14680064
14,16,16,1,16,balanced,0.18931093215942382,0.18527040481567383,3.499999761581421,6981419008,7168
14,16,16,1,16,hot_rank,0.10435840288798014,0.086900266011556,55.999996185302734,6981419008,7168
14,16,16,8,128,balanced,0.2097343921661377,0.20535252888997396,1.3125,6981419008,57344
14,16,16,8,128,hot_rank,0.3654165267944336,0.3592341423034668,55.999996185302734,6981419008,57344
14,16,16,128,2048,balanced,0.29239145914713544,0.2871136029561361,1.01171875,6981419008,917504
14,16,16,128,2048,hot_rank,1.388107681274414,1.3497664133707683,55.999996185302734,6981419008,917504
14,16,16,512,8192,balanced,0.45968745549519857,0.45506560007731117,1.0048828125,6981419008,3670016
14,16,16,512,8192,hot_rank,4.676924641927084,4.669497680664063,55.999996185302734,6981419008,3670016
14,16,16,2048,32768,balanced,1.4366463979085287,1.4259413401285808,1.00146484375,6981419008,14680064
14,16,16,2048,32768,hot_rank,17.76919962565104,17.767484537760417,55.999996185302734,6981419008,14680064
14,16,4,0,8192,balanced,1.507103983561198,1.502835210164388,1.0048828125,6981419008,
14,16,8,0,8192,balanced,1.4099146525065105,1.404077911376953,1.0048828125,6981419008,
14,8,8,1,8,balanced,0.32942399978637693,0.32482665379842124,6.999999523162842,4171235328,7168
14,8,8,1,8,hot_rank,0.09802666505177816,0.092795729637146,55.999996185302734,4171235328,7168
14,8,8,8,64,balanced,0.3660522778828939,0.36132373809814455,1.7499998807907104,4171235328,57344
14,8,8,8,64,hot_rank,0.226311461130778,0.2211850643157959,55.999996185302734,4171235328,57344
14,8,8,128,1024,balanced,0.44839251836140953,0.44330558776855467,1.0390625,4171235328,917504
14,8,8,128,1024,hot_rank,1.0506293614705404,1.0439285278320312,55.999996185302734,4171235328,917504
14,8,8,512,4096,balanced,0.6206911722819011,0.6152213414510092,1.01171875,4171235328,3670016
14,8,8,512,4096,hot_rank,2.439532725016276,2.43306884765625,55.999996185302734,4171235328,3670016
14,8,8,2048,16384,balanced,1.5111690521240235,1.5059242248535156,1.00146484375,4171235328,14680064
14,8,8,2048,16384,hot_rank,9.023193359375,9.033762613932291,55.999996185302734,4171235328,14680064
14,4,4,1,4,balanced,0.26982186635335287,0.2649386723836263,13.999999046325684,3089104896,7168
14,4,4,1,4,hot_rank,0.1280128002166748,0.12324373722076416,55.999996185302734,3089104896,7168
14,4,4,8,32,balanced,0.7519296010335287,0.7478101094563802,1.7499998807907104,3089104896,57344
14,4,4,8,32,hot_rank,0.1791381359100342,0.17392746607462564,55.999996185302734,3089104896,57344
14,4,4,128,512,balanced,0.8428031921386718,0.8375498453776041,1.09375,3089104896,917504
14,4,4,128,512,hot_rank,0.9087519963582357,0.903714116414388,55.999996185302734,3089104896,917504
14,4,4,512,2048,balanced,1.0445301055908203,1.0394784291585286,1.01171875,3089104896,3670016
14,4,4,512,2048,hot_rank,1.5052885691324869,1.4977119445800782,55.999996185302734,3089104896,3670016
14,4,4,2048,8192,balanced,1.6734442392985025,1.668404261271159,1.0048828125,3089104896,14680064
14,4,4,2048,8192,hot_rank,4.732862854003907,4.7279607137044275,55.999996185302734,3089104896,14680064
15,16,16,1,16,balanced,0.18931946754455567,0.1852245330810547,3.499999761581421,6981419008,7168
15,16,16,1,16,hot_rank,0.10429759820302327,0.08686400254567464,55.999996185302734,6981419008,7168
15,16,16,8,128,balanced,0.20964800516764323,0.20531946818033855,1.3125,6981419008,57344
15,16,16,8,128,hot_rank,0.3653962771097819,0.3591978708902995,55.999996185302734,6981419008,57344
15,16,16,128,2048,balanced,0.292414919535319,0.2869173367818197,1.01171875,6981419008,917504
15,16,16,128,2048,hot_rank,1.3706954956054687,1.3498048146565755,55.999996185302734,6981419008,917504
15,16,16,512,8192,balanced,0.4596735954284668,0.45499839782714846,1.0048828125,6981419008,3670016
15,16,16,512,8192,hot_rank,4.67658437093099,4.669445292154948,55.999996185302734,6981419008,3670016
15,16,16,2048,32768,balanced,1.436407470703125,1.425918960571289,1.00146484375,6981419008,14680064
15,16,16,2048,32768,hot_rank,17.769124348958332,17.767336018880208,55.999996185302734,6981419008,14680064
15,16,4,0,8192,balanced,1.5070517222086588,1.5025503794352213,1.0048828125,6981419008,
15,16,8,0,8192,balanced,1.409858194986979,1.4040266672770183,1.0048828125,6981419008,
15,8,8,1,8,balanced,0.3293781280517578,0.3247477213541667,6.999999523162842,4171235328,7168
15,8,8,1,8,hot_rank,0.09794987042744954,0.09268373648325602,55.999996185302734,4171235328,7168
15,8,8,8,64,balanced,0.36587626139322915,0.3612181345621745,1.7499998807907104,4171235328,57344
15,8,8,8,64,hot_rank,0.22623680432637533,0.22109972635904948,55.999996185302734,4171235328,57344
15,8,8,128,1024,balanced,0.4482912063598633,0.44324906667073566,1.0390625,4171235328,917504
15,8,8,128,1024,hot_rank,1.050603739420573,1.0438997268676757,55.999996185302734,4171235328,917504
15,8,8,512,4096,balanced,0.6205888112386068,0.6151477177937825,1.01171875,4171235328,3670016
15,8,8,512,4096,hot_rank,2.4394238789876304,2.4329600016276043,55.999996185302734,4171235328,3670016
15,8,8,2048,16384,balanced,1.5110176086425782,1.5057610829671224,1.00146484375,4171235328,14680064
15,8,8,2048,16384,hot_rank,9.023194376627604,9.033424886067708,55.999996185302734,4171235328,14680064
15,4,4,1,4,balanced,0.26969706217447914,0.2647541364034017,13.999999046325684,3089104896,7168
15,4,4,1,4,hot_rank,0.12794453303019207,0.12316373189290365,55.999996185302734,3089104896,7168
15,4,4,8,32,balanced,0.7517674763997396,0.7477642695109049,1.7499998807907104,3089104896,57344
15,4,4,8,32,hot_rank,0.17900800704956055,0.17385066350301107,55.999996185302734,3089104896,57344
15,4,4,128,512,balanced,0.8427210489908854,0.8375018437703451,1.09375,3089104896,917504
15,4,4,128,512,hot_rank,0.9087071736653646,0.9036127726236979,55.999996185302734,3089104896,917504
15,4,4,512,2048,balanced,1.0444138844807942,1.039410146077474,1.01171875,3089104896,3670016
15,4,4,512,2048,hot_rank,1.5052064259847004,1.497654342651367,55.999996185302734,3089104896,3670016
15,4,4,2048,8192,balanced,1.673266092936198,1.6682528177897136,1.0048828125,3089104896,14680064
15,4,4,2048,8192,hot_rank,4.732786051432291,4.727550760904948,55.999996185302734,3089104896,14680064
