rank,ep,expert_tp,global_tokens,logical_intermediate,physical_intermediate,original_rows_per_rank,rows_after_tp_gather,graph_ms,relative_l2_vs_ep16,includes_tp_gather_and_reduce_scatter
0,16,1,16,3072,3072,1,1,0.18732800483703613,0.0,True
0,16,1,128,3072,3072,8,8,0.20551573435465495,0.0,True
0,16,1,2048,3072,3072,128,128,0.2632522741953532,0.0,True
0,16,1,8192,3072,3072,512,512,0.38804585138956704,0.0,True
0,8,2,16,1536,1536,1,2,0.2413845380147298,0.003170400159433484,True
0,8,2,128,1536,1536,8,16,0.2510069370269775,0.0032259980216622353,True
0,8,2,2048,1536,1536,128,256,0.3319178581237793,0.0032572594936937094,True
0,8,2,8192,1536,1536,512,1024,0.5561301549275716,0.003255261806771159,True
0,4,4,16,768,1024,1,4,0.36511573791503904,0.003581735771149397,True
0,4,4,128,768,1024,8,32,0.374837334950765,0.0035905526019632816,True
0,4,4,2048,768,1024,128,512,0.48825279871622723,0.003668653080239892,True
0,4,4,8192,768,1024,512,2048,0.9057408014933268,0.003680202644318342,True
1,16,1,16,3072,3072,1,1,0.18728426297505696,0.0,True
1,16,1,128,3072,3072,8,8,0.20541653633117676,0.0,True
1,16,1,2048,3072,3072,128,128,0.26332160631815593,0.0,True
1,16,1,8192,3072,3072,512,512,0.3880650520324707,0.0,True
1,8,2,16,1536,1536,1,2,0.2411637306213379,0.003273156238719821,True
1,8,2,128,1536,1536,8,16,0.25083413124084475,0.0032594085205346346,True
1,8,2,2048,1536,1536,128,256,0.3318293253580729,0.003248026128858328,True
1,8,2,8192,1536,1536,512,1024,0.5562175750732422,0.003252951195463538,True
1,4,4,16,768,1024,1,4,0.36492907206217445,0.003520156256854534,True
1,4,4,128,768,1024,8,32,0.37450666427612306,0.0037246670108288527,True
1,4,4,2048,768,1024,128,512,0.48816852569580077,0.003676563734188676,True
1,4,4,8192,768,1024,512,2048,0.905738639831543,0.0036802911199629307,True
2,16,1,16,3072,3072,1,1,0.18728960355122884,0.0,True
2,16,1,128,3072,3072,8,8,0.2055199940999349,0.0,True
2,16,1,2048,3072,3072,128,128,0.26328105926513673,0.0,True
2,16,1,8192,3072,3072,512,512,0.3881386756896973,0.0,True
2,8,2,16,1536,1536,1,2,0.24101120630900066,0.0032944881822913885,True
2,8,2,128,1536,1536,8,16,0.2506869316101074,0.0032498713117092848,True
2,8,2,2048,1536,1536,128,256,0.3316981315612793,0.0032575130462646484,True
2,8,2,8192,1536,1536,512,1024,0.5560703913370768,0.0032433911692351103,True
2,4,4,16,768,1024,1,4,0.3648746808369954,0.0036217495799064636,True
2,4,4,128,768,1024,8,32,0.3741216023763021,0.0036528916098177433,True
2,4,4,2048,768,1024,128,512,0.48800319035847983,0.0036819702945649624,True
2,4,4,8192,768,1024,512,2048,0.9056917190551758,0.0036743697710335255,True
3,16,1,16,3072,3072,1,1,0.18643306096394857,0.0,True
3,16,1,128,3072,3072,8,8,0.20528213183085123,0.0,True
3,16,1,2048,3072,3072,128,128,0.2631146589914958,0.0,True
3,16,1,8192,3072,3072,512,512,0.38799254099527997,0.0,True
3,8,2,16,1536,1536,1,2,0.24136533737182617,0.003204828593879938,True
3,8,2,128,1536,1536,8,16,0.25084800720214845,0.003224412677809596,True
3,8,2,2048,1536,1536,128,256,0.33171094258626305,0.0032466754782944918,True
3,8,2,8192,1536,1536,512,1024,0.5559946695963541,0.0032533437479287386,True
3,4,4,16,768,1024,1,4,0.36478932698567706,0.003655844833701849,True
3,4,4,128,768,1024,8,32,0.3745343844095866,0.0036851856857538223,True
3,4,4,2048,768,1024,128,512,0.48801279067993164,0.003673041006550193,True
3,4,4,8192,768,1024,512,2048,0.9056970596313476,0.0036786694545298815,True
4,16,1,16,3072,3072,1,1,0.18735574086507162,0.0,True
4,16,1,128,3072,3072,8,8,0.2054965337117513,0.0,True
4,16,1,2048,3072,3072,128,128,0.26302080154418944,0.0,True
4,16,1,8192,3072,3072,512,512,0.3880394617716471,0.0,True
4,8,2,16,1536,1536,1,2,0.2415445327758789,0.0032171402126550674,True
4,8,2,128,1536,1536,8,16,0.25068480173746743,0.003234083764255047,True
4,8,2,2048,1536,1536,128,256,0.3311658541361491,0.003246120410040021,True
4,8,2,8192,1536,1536,512,1024,0.5561173121134441,0.0032504505943506956,True
4,4,4,16,768,1024,1,4,0.36445226669311526,0.003659384325146675,True
4,4,4,128,768,1024,8,32,0.37429653803507484,0.0036672798451036215,True
4,4,4,2048,768,1024,128,512,0.48794771830240885,0.003660157322883606,True
4,4,4,8192,768,1024,512,2048,0.9055552164713542,0.0036863458808511496,True
5,16,1,16,3072,3072,1,1,0.18742507298787434,0.0,True
5,16,1,128,3072,3072,8,8,0.20551892916361492,0.0,True
5,16,1,2048,3072,3072,128,128,0.2630730628967285,0.0,True
5,16,1,8192,3072,3072,512,512,0.38809067408243814,0.0,True
5,8,2,16,1536,1536,1,2,0.24132906595865886,0.003312760265544057,True
5,8,2,128,1536,1536,8,16,0.25083306630452473,0.0032867274712771177,True
5,8,2,2048,1536,1536,128,256,0.33183358510335287,0.0032420943025499582,True
5,8,2,8192,1536,1536,512,1024,0.5562986373901367,0.0032457110937684774,True
5,4,4,16,768,1024,1,4,0.36487147013346355,0.0036421911790966988,True
5,4,4,128,768,1024,8,32,0.3747466723124186,0.003738303203135729,True
5,4,4,2048,768,1024,128,512,0.48817065556844075,0.0036855300422757864,True
5,4,4,8192,768,1024,512,2048,0.9057226816813151,0.0036782915703952312,True
6,16,1,16,3072,3072,1,1,0.18740053176879884,0.0,True
6,16,1,128,3072,3072,8,8,0.2054975986480713,0.0,True
6,16,1,2048,3072,3072,128,128,0.26308479309082033,0.0,True
6,16,1,8192,3072,3072,512,512,0.3881482760111491,0.0,True
6,8,2,16,1536,1536,1,2,0.2415722688039144,0.003240879625082016,True
6,8,2,128,1536,1536,8,16,0.2508608023325602,0.0032413757871836424,True
6,8,2,2048,1536,1536,128,256,0.33174934387207033,0.00326620158739388,True
6,8,2,8192,1536,1536,512,1024,0.5561077117919921,0.0032474733889102936,True
6,4,4,16,768,1024,1,4,0.3649216016133626,0.0037322286516427994,True
6,4,4,128,768,1024,8,32,0.3747370719909668,0.003696880768984556,True
6,4,4,2048,768,1024,128,512,0.4882826805114746,0.003681841306388378,True
6,4,4,8192,768,1024,512,2048,0.9058794657389323,0.003677648026496172,True
7,16,1,16,3072,3072,1,1,0.1874186674753825,0.0,True
7,16,1,128,3072,3072,8,8,0.20551679929097494,0.0,True
7,16,1,2048,3072,3072,128,128,0.2631413300832113,0.0,True
7,16,1,8192,3072,3072,512,512,0.3881066640218099,0.0,True
7,8,2,16,1536,1536,1,2,0.24161492983500163,0.003228937741369009,True
7,8,2,128,1536,1536,8,16,0.2509055932362874,0.00319081312045455,True
7,8,2,2048,1536,1536,128,256,0.33172372182210286,0.0032628888729959726,True
7,8,2,8192,1536,1536,512,1024,0.556118392944336,0.003250901587307453,True
7,4,4,16,768,1024,1,4,0.3649386723836263,0.003723634872585535,True
7,4,4,128,768,1024,8,32,0.37487252553304035,0.003626219928264618,True
7,4,4,2048,768,1024,128,512,0.48830718994140626,0.003680198220536113,True
7,4,4,8192,768,1024,512,2048,0.9059701283772786,0.003671924816444516,True
8,16,1,16,3072,3072,1,1,0.18703999519348144,0.0,True
8,16,1,128,3072,3072,8,8,0.20545813242594402,0.0,True
8,16,1,2048,3072,3072,128,128,0.2630400021870931,0.0,True
8,16,1,8192,3072,3072,512,512,0.3879797299702962,0.0,True
8,8,2,16,1536,1536,1,2,0.24157973925272624,0.0031979726627469063,True
8,8,2,128,1536,1536,8,16,0.2509226640065511,0.00329026160761714,True
8,8,2,2048,1536,1536,128,256,0.3319135983784994,0.0032453970052301884,True
8,8,2,8192,1536,1536,512,1024,0.5562794367472331,0.003257390111684799,True
8,4,4,16,768,1024,1,4,0.36485331853230796,0.00353657896630466,True
8,4,4,128,768,1024,8,32,0.3745312054951986,0.003671705024316907,True
8,4,4,2048,768,1024,128,512,0.4880895932515462,0.0036727082915604115,True
8,4,4,8192,768,1024,512,2048,0.9055967966715495,0.0036822662223130465,True
9,16,1,16,3072,3072,1,1,0.1869215965270996,0.0,True
9,16,1,128,3072,3072,8,8,0.20552213986714682,0.0,True
9,16,1,2048,3072,3072,128,128,0.26304319699605305,0.0,True
9,16,1,8192,3072,3072,512,512,0.38807786305745445,0.0,True
9,8,2,16,1536,1536,1,2,0.24134292602539062,0.003265360137447715,True
9,8,2,128,1536,1536,8,16,0.2507040023803711,0.0032443972304463387,True
9,8,2,2048,1536,1536,128,256,0.33159147898356117,0.0032651787623763084,True
9,8,2,8192,1536,1536,512,1024,0.5560394922892252,0.0032532974146306515,True
9,4,4,16,768,1024,1,4,0.3647562662760417,0.0035313477274030447,True
9,4,4,128,768,1024,8,32,0.37450774510701496,0.00363796204328537,True
9,4,4,2048,768,1024,128,512,0.48802881240844725,0.003691956168040633,True
9,4,4,8192,768,1024,512,2048,0.905508295694987,0.003677834989503026,True
10,16,1,16,3072,3072,1,1,0.1871786594390869,0.0,True
10,16,1,128,3072,3072,8,8,0.20541866620381674,0.0,True
10,16,1,2048,3072,3072,128,128,0.26309866905212403,0.0,True
10,16,1,8192,3072,3072,512,512,0.38812373479207357,0.0,True
10,8,2,16,1536,1536,1,2,0.24169599215189616,0.003159036859869957,True
10,8,2,128,1536,1536,8,16,0.25090133349100746,0.003259997582063079,True
10,8,2,2048,1536,1536,128,256,0.3319125175476074,0.003242231672629714,True
10,8,2,8192,1536,1536,512,1024,0.5562890370686849,0.0032510138116776943,True
10,4,4,16,768,1024,1,4,0.3651317278544108,0.003695770865306258,True
10,4,4,128,768,1024,8,32,0.374835205078125,0.003704407252371311,True
10,4,4,2048,768,1024,128,512,0.48825387954711913,0.003666731994599104,True
10,4,4,8192,768,1024,512,2048,0.905848503112793,0.003683485323563218,True
11,16,1,16,3072,3072,1,1,0.1871221383412679,0.0,True
11,16,1,128,3072,3072,8,8,0.20555946032206218,0.0,True
11,16,1,2048,3072,3072,128,128,0.2631392002105713,0.0,True
11,16,1,8192,3072,3072,512,512,0.3881557464599609,0.0,True
11,8,2,16,1536,1536,1,2,0.24164160092671713,0.0031856000423431396,True
11,8,2,128,1536,1536,8,16,0.2509973367055257,0.0032775418367236853,True
11,8,2,2048,1536,1536,128,256,0.33197546005249023,0.0032501821406185627,True
11,8,2,8192,1536,1536,512,1024,0.5563007990519205,0.003252185881137848,True
11,4,4,16,768,1024,1,4,0.3650272051493327,0.003814003663137555,True
11,4,4,128,768,1024,8,32,0.3748053232828776,0.0037357124965637922,True
11,4,4,2048,768,1024,128,512,0.4880650520324707,0.003675872227177024,True
11,4,4,8192,768,1024,512,2048,0.9058687845865886,0.0036784005351364613,True
12,16,1,16,3072,3072,1,1,0.1867413361867269,0.0,True
12,16,1,128,3072,3072,8,8,0.2052608013153076,0.0,True
12,16,1,2048,3072,3072,128,128,0.2630677382151286,0.0,True
12,16,1,8192,3072,3072,512,512,0.387993590037028,0.0,True
12,8,2,16,1536,1536,1,2,0.24108586311340333,0.0033299406059086323,True
12,8,2,128,1536,1536,8,16,0.2507712046305339,0.003231194568797946,True
12,8,2,2048,1536,1536,128,256,0.3315637270609538,0.0032619538251310587,True
12,8,2,8192,1536,1536,512,1024,0.556005350748698,0.0032531521283090115,True
12,4,4,16,768,1024,1,4,0.3649482727050781,0.003698689164593816,True
12,4,4,128,768,1024,8,32,0.3745855967203776,0.0037239252123981714,True
12,4,4,2048,768,1024,128,512,0.4879221280415853,0.003678667824715376,True
12,4,4,8192,768,1024,512,2048,0.9053077061971029,0.0036770582664757967,True
13,16,1,16,3072,3072,1,1,0.18726186752319335,0.0,True
13,16,1,128,3072,3072,8,8,0.20531412760416667,0.0,True
13,16,1,2048,3072,3072,128,128,0.26313279469807943,0.0,True
13,16,1,8192,3072,3072,512,512,0.38796052932739256,0.0,True
13,8,2,16,1536,1536,1,2,0.2410751978556315,0.003358367830514908,True
13,8,2,128,1536,1536,8,16,0.25069546699523926,0.003270067973062396,True
13,8,2,2048,1536,1536,128,256,0.33154878616333006,0.0032539537642151117,True
13,8,2,8192,1536,1536,512,1024,0.5560181299845378,0.0032512079924345016,True
13,4,4,16,768,1024,1,4,0.36476052602132164,0.0036949545610696077,True
13,4,4,128,768,1024,8,32,0.374177074432373,0.003722518915310502,True
13,4,4,2048,768,1024,128,512,0.4874762535095215,0.0036684339866042137,True
13,4,4,8192,768,1024,512,2048,0.9056128184000651,0.0036792242899537086,True
14,16,1,16,3072,3072,1,1,0.18722453117370605,0.0,True
14,16,1,128,3072,3072,8,8,0.20532800356547037,0.0,True
14,16,1,2048,3072,3072,128,128,0.26320533752441405,0.0,True
14,16,1,8192,3072,3072,512,512,0.388044802347819,0.0,True
14,8,2,16,1536,1536,1,2,0.24098560015360515,0.0033137635327875614,True
14,8,2,128,1536,1536,8,16,0.25082666079203286,0.003232052084058523,True
14,8,2,2048,1536,1536,128,256,0.3318730672200521,0.003249695524573326,True
14,8,2,8192,1536,1536,512,1024,0.5561365127563477,0.0032544448040425777,True
14,4,4,16,768,1024,1,4,0.3649770736694336,0.0035276715643703938,True
14,4,4,128,768,1024,8,32,0.3748437245686849,0.00365485274232924,True
14,4,4,2048,768,1024,128,512,0.4880245208740234,0.0036796932108700275,True
14,4,4,8192,768,1024,512,2048,0.9058528264363607,0.0036845640279352665,True
15,16,1,16,3072,3072,1,1,0.18728747367858886,0.0,True
15,16,1,128,3072,3072,8,8,0.20530346234639485,0.0,True
15,16,1,2048,3072,3072,128,128,0.2632383982340495,0.0,True
15,16,1,8192,3072,3072,512,512,0.38803307215372723,0.0,True
15,8,2,16,1536,1536,1,2,0.24136533737182617,0.0031675458885729313,True
15,8,2,128,1536,1536,8,16,0.25071786244710287,0.00328401499427855,True
15,8,2,2048,1536,1536,128,256,0.33172372182210286,0.003246268955990672,True
15,8,2,8192,1536,1536,512,1024,0.5561599731445312,0.0032516028732061386,True
15,4,4,16,768,1024,1,4,0.3648309389750163,0.0035609211772680283,True
15,4,4,128,768,1024,8,32,0.37463998794555664,0.0036699888296425343,True
15,4,4,2048,768,1024,128,512,0.48793811798095704,0.0036769085563719273,True
15,4,4,8192,768,1024,512,2048,0.9056863784790039,0.003683983813971281,True
