rank,global_tokens,source_ranks,operation,median_ms,min_ms,max_ms
0,2048,4,original_owners,0.4702399889628092,0.4697567939758301,0.47140798568725584
0,2048,4,redistribute_routed_restore,0.3867562611897786,0.386570676167806,0.3867562611897786
0,2048,4,redistribute_restore_only,0.09068480332692465,0.09033386707305908,0.09332906405131022
0,2048,8,original_owners,0.45816640853881835,0.4580394744873047,0.4592917442321777
0,2048,8,redistribute_routed_restore,0.38662293752034504,0.386358388264974,0.3868778546651204
0,2048,8,redistribute_restore_only,0.09720106919606526,0.09655146598815918,0.09836373329162598
0,2048,16,original_owners,0.28820587793986,0.2863893191019694,0.29224319458007814
0,2048,16,redistribute_routed_restore,0.3454069455464681,0.3452277183532715,0.34588801066080727
0,2048,16,redistribute_restore_only,0.05010559956232707,0.04991573492685954,0.05063466628392537
0,8192,4,original_owners,1.5017621358235678,1.5012959798177083,1.5036725362141927
0,8192,4,redistribute_routed_restore,0.6369834899902344,0.6365887959798177,0.6392074584960937
0,8192,4,redistribute_restore_only,0.17274133364359537,0.17231787045796712,0.1727893352508545
0,8192,8,original_owners,1.4056395212809245,1.4054922739664713,1.4089280446370442
0,8192,8,redistribute_routed_restore,0.6787808100382487,0.6787797292073567,0.6803583780924479
0,8192,8,redistribute_restore_only,0.2087658723195394,0.2073856035868327,0.21043413480122883
0,8192,16,original_owners,0.4555978775024414,0.45543572107950847,0.46308374404907227
0,8192,16,redistribute_routed_restore,0.5676714579264323,0.5668362935384115,0.6119157155354817
0,8192,16,redistribute_restore_only,0.10551040172576905,0.10544319947560628,0.10582293669382731
1,2048,4,original_owners,0.4703104019165039,0.46974080403645835,0.47142187754313153
1,2048,4,redistribute_routed_restore,0.3866453488667806,0.3865034739176432,0.3867168108622233
1,2048,4,redistribute_restore_only,0.0904362678527832,0.0902954657872518,0.09331519603729248
1,2048,8,original_owners,0.45813973744710285,0.4581237475077311,0.4592480023701986
1,2048,8,redistribute_routed_restore,0.3866090774536133,0.38643732070922854,0.38686081568400066
1,2048,8,redistribute_restore_only,0.0971285343170166,0.09677546819051107,0.098361603418986
1,2048,16,original_owners,0.28817494710286456,0.286354128519694,0.2922154744466146
1,2048,16,redistribute_routed_restore,0.3454410552978516,0.3452725410461426,0.3458101272583008
1,2048,16,redistribute_restore_only,0.049879467487335204,0.04980479876200358,0.050569601853688556
1,8192,4,original_owners,1.5017258961995443,1.5013535817464192,1.5036661783854166
1,8192,4,redistribute_routed_restore,0.6369322458902995,0.6364970525105794,0.6391167958577474
1,8192,4,redistribute_restore_only,0.17191999753316242,0.1717408021291097,0.17268800735473633
1,8192,8,original_owners,1.4056832631429037,1.4054613749186198,1.4088330586751303
1,8192,8,redistribute_routed_restore,0.6788607915242513,0.6785984039306641,0.6803626378377279
1,8192,8,redistribute_restore_only,0.20853226979573566,0.20781866709391275,0.21037972768147786
1,8192,16,original_owners,0.4555061340332031,0.4554208119710286,0.4631231943766276
1,8192,16,redistribute_routed_restore,0.5675349553426107,0.5667626698811848,0.611736551920573
1,8192,16,redistribute_restore_only,0.10551253159840902,0.1051093339920044,0.10610666275024414
2,2048,4,original_owners,0.4702090581258138,0.4697663942972819,0.4708863894144694
2,2048,4,redistribute_routed_restore,0.386680539449056,0.3865344047546387,0.38672107060750327
2,2048,4,redistribute_restore_only,0.090775465965271,0.09033919970194498,0.09367679754892985
2,2048,8,original_owners,0.45811840693155925,0.45805654525756834,0.45925226211547854
2,2048,8,redistribute_routed_restore,0.3865887959798177,0.38637866973876955,0.38681920369466144
2,2048,8,redistribute_restore_only,0.09833386739095053,0.09675733248392741,0.09970666567484537
2,2048,16,original_owners,0.28811092376708985,0.2862496058146159,0.29214293162027993
2,2048,16,redistribute_routed_restore,0.34528961181640627,0.34520107905069985,0.3457898775736491
2,2048,16,redistribute_restore_only,0.05229440132776896,0.05158400138219198,0.05231146812438965
2,8192,4,original_owners,1.501689656575521,1.5012779235839844,1.5036671956380208
2,8192,4,redistribute_routed_restore,0.6370741526285807,0.6364842732747396,0.6392277399698894
2,8192,4,redistribute_restore_only,0.17237653732299804,0.17236480712890626,0.17267519632975262
2,8192,8,original_owners,1.4056522369384765,1.4054314931233725,1.4087818145751954
2,8192,8,redistribute_routed_restore,0.6788042704264323,0.6785749435424805,0.6803189595540364
2,8192,8,redistribute_restore_only,0.20840959548950194,0.207914670308431,0.2102666695912679
2,8192,16,original_owners,0.45550079345703126,0.45539948145548503,0.4630655924479167
2,8192,16,redistribute_routed_restore,0.5675274531046549,0.5667786916097005,0.6118741353352865
2,8192,16,redistribute_restore_only,0.10602773030598958,0.10593067010243734,0.10610346794128418
3,2048,4,original_owners,0.47041279474894204,0.46975253423055013,0.47138773600260414
3,2048,4,redistribute_routed_restore,0.3867669423421224,0.3865781466166178,0.3867669423421224
3,2048,4,redistribute_restore_only,0.09060906569163005,0.09031999905904134,0.09286613464355468
3,2048,8,original_owners,0.4580959955851237,0.45802666346232096,0.4592074712117513
3,2048,8,redistribute_routed_restore,0.38651946385701497,0.38632214864095055,0.386898136138916
3,2048,8,redistribute_restore_only,0.09719253381093343,0.09641599655151367,0.09819200038909912
3,2048,16,original_owners,0.28820374806722004,0.2863615989685059,0.29226452509562173
3,2048,16,redistribute_routed_restore,0.34518934885660807,0.345086924235026,0.34535465240478513
3,2048,16,redistribute_restore_only,0.05235093434651693,0.05232640107472738,0.05238080024719238
3,8192,4,original_owners,1.501785659790039,1.501367441813151,1.503659693400065
3,8192,4,redistribute_routed_restore,0.6370890935262045,0.6365386962890625,0.6392255783081054
3,8192,4,redistribute_restore_only,0.17196906407674153,0.1719264030456543,0.17271146774291993
3,8192,8,original_owners,1.4056256612141926,1.4054528554280599,1.4088512420654298
3,8192,8,redistribute_routed_restore,0.6789119720458985,0.6786879857381185,0.6803114573160808
3,8192,8,redistribute_restore_only,0.20855040550231935,0.20775680541992186,0.21030826568603517
3,8192,16,original_owners,0.4555328051249186,0.4554880142211914,0.46305812199910484
3,8192,16,redistribute_routed_restore,0.567573356628418,0.5667743682861328,0.6117823918660482
3,8192,16,redistribute_restore_only,0.1060202678044637,0.10582933425903321,0.10607893466949463
4,2048,4,original_owners,0.47046718597412107,0.46986347834269204,0.471833610534668
4,2048,4,redistribute_routed_restore,0.3867605209350586,0.38657280604044597,0.3868266741434733
4,2048,4,redistribute_restore_only,0.09076159795125326,0.09040533701578776,0.09323200384775797
4,2048,8,original_owners,0.4582912127176921,0.45822188059488933,0.4593759854634603
4,2048,8,redistribute_routed_restore,0.3865514755249023,0.3864138603210449,0.3865973472595215
4,2048,8,redistribute_restore_only,0.09705706437428792,0.0966858704884847,0.09851413567860921
4,2048,16,original_owners,0.2881866772969564,0.28637440999348956,0.292301877339681
4,2048,16,redistribute_routed_restore,0.3454634666442871,0.3453738530476888,0.34606720606486
4,2048,16,redistribute_restore_only,0.05239573319753011,0.052339200178782144,0.05240853230158488
4,8192,4,original_owners,1.5017706553141277,1.501589330037435,1.5037675221761069
4,8192,4,redistribute_routed_restore,0.6370623906453451,0.6365258534749348,0.6391658782958984
4,8192,4,redistribute_restore_only,0.17191999753316242,0.17191680272420248,0.17269226710001628
4,8192,8,original_owners,1.4057674407958984,1.4055435180664062,1.4083211263020834
4,8192,8,redistribute_routed_restore,0.6788127899169922,0.6786176045735677,0.6804138819376627
4,8192,8,redistribute_restore_only,0.20815466245015463,0.20798400243123372,0.2102773348490397
4,8192,16,original_owners,0.4555455843607585,0.4554890632629395,0.4631402651468913
4,8192,16,redistribute_routed_restore,0.5675626754760742,0.5666847864786784,0.6119114557902018
4,8192,16,redistribute_restore_only,0.10579946835835775,0.10571093559265136,0.10582613150278727
5,2048,4,original_owners,0.4704469362894694,0.46977386474609373,0.47178239822387696
5,2048,4,redistribute_routed_restore,0.3867936134338379,0.3865642547607422,0.38681812286376954
5,2048,4,redistribute_restore_only,0.09072746435801188,0.09033173720041911,0.09329280058542887
5,2048,8,original_owners,0.458246390024821,0.4582154591878255,0.45938240687052406
5,2048,8,redistribute_routed_restore,0.3864106814066569,0.38635199864705405,0.38646294275919596
5,2048,8,redistribute_restore_only,0.09710293610890706,0.09666986465454101,0.09827199776967367
5,2048,16,original_owners,0.28809385299682616,0.28621654510498046,0.29226773579915366
5,2048,16,redistribute_routed_restore,0.3454005241394043,0.34528532028198244,0.34595200220743816
5,2048,16,redistribute_restore_only,0.05128959814707438,0.051200000445048015,0.05129493474960327
5,8192,4,original_owners,1.501785659790039,1.5015509287516275,1.5036426544189454
5,8192,4,redistribute_routed_restore,0.6370016098022461,0.6365034739176433,0.6391199747721354
5,8192,4,redistribute_restore_only,0.17189226150512696,0.17165652910868326,0.1726367950439453
5,8192,8,original_owners,1.4056191762288412,1.4054964701334636,1.4086570739746094
5,8192,8,redistribute_routed_restore,0.6788031895955403,0.6786133448282877,0.6802047729492188
5,8192,8,redistribute_restore_only,0.20852160453796387,0.20793174107869467,0.21029225985209146
5,8192,16,original_owners,0.4554677327473958,0.45540587107340497,0.4630271911621094
5,8192,16,redistribute_routed_restore,0.5674783706665039,0.5666954676310222,0.6119029362996419
5,8192,16,redistribute_restore_only,0.10604800383249918,0.1059935967127482,0.10608320236206055
6,2048,4,original_owners,0.47056852976481117,0.4699680010477702,0.4718751907348633
6,2048,4,redistribute_routed_restore,0.38686081568400066,0.386571725209554,0.3868853251139323
6,2048,4,redistribute_restore_only,0.0908074696858724,0.09040319919586182,0.0933568000793457
6,2048,8,original_owners,0.4583552042643229,0.4582293192545573,0.45936107635498047
6,2048,8,redistribute_routed_restore,0.38653866449991864,0.38640960057576496,0.3869781176249186
6,2048,8,redistribute_restore_only,0.09730453491210937,0.09639360109965006,0.09833813508351644
6,2048,16,original_owners,0.28817386627197267,0.2863658587137858,0.29230400721232097
6,2048,16,redistribute_routed_restore,0.34537919362386066,0.3453557332356771,0.3460597356160482
6,2048,16,redistribute_restore_only,0.05024640162785848,0.04972480138142903,0.05076800187428792
6,8192,4,original_owners,1.5017706553141277,1.5015989939371746,1.5037610371907553
6,8192,4,redistribute_routed_restore,0.637121073404948,0.6366165161132813,0.6393013636271159
6,8192,4,redistribute_restore_only,0.17200640042622883,0.1719221274058024,0.1727839946746826
6,8192,8,original_owners,1.4057450612386069,1.4055819193522134,1.408792495727539
6,8192,8,redistribute_routed_restore,0.6789749145507813,0.6788010915120443,0.680563227335612
6,8192,8,redistribute_restore_only,0.20863253275553387,0.20770026842753092,0.21032640139261882
6,8192,16,original_owners,0.45555839538574217,0.45553919474283855,0.46311041514078777
6,8192,16,redistribute_routed_restore,0.5676160176595052,0.5668671925862631,0.6121077219645182
6,8192,16,redistribute_restore_only,0.10507307052612305,0.10477440357208252,0.10538026491800943
7,2048,4,original_owners,0.47053120930989584,0.46982720692952473,0.47177705764770506
7,2048,4,redistribute_routed_restore,0.38683627446492513,0.38672320048014325,0.38686294555664064
7,2048,4,redistribute_restore_only,0.09074347019195557,0.09044693311055502,0.09329919815063477
7,2048,8,original_owners,0.4583008130391439,0.4582741419474284,0.459388796488444
7,2048,8,redistribute_routed_restore,0.3865909258524577,0.38646294275919596,0.38665065765380857
7,2048,8,redistribute_restore_only,0.09712426662445069,0.09652799765268961,0.09827306270599365
7,2048,16,original_owners,0.28819732666015624,0.2863360087076823,0.2923413276672363
7,2048,16,redistribute_routed_restore,0.34541333516438805,0.3453632036844889,0.34605652491251626
7,2048,16,redistribute_restore_only,0.05038826862970988,0.049754667282104495,0.050850133101145424
7,8192,4,original_owners,1.5018763224283853,1.5016501108805338,1.5038079579671224
7,8192,4,redistribute_routed_restore,0.6370410919189453,0.6365503946940104,0.6391626358032226
7,8192,4,redistribute_restore_only,0.1720469315846761,0.1717631975809733,0.1727285385131836
7,8192,8,original_owners,1.4057535807291666,1.405565897623698,1.4086922963460287
7,8192,8,redistribute_routed_restore,0.6788522720336914,0.6786752065022786,0.6803658803304037
7,8192,8,redistribute_restore_only,0.20875627199808758,0.20782186190287272,0.2103381315867106
7,8192,16,original_owners,0.4555829366048177,0.4555157343546549,0.4631744066874186
7,8192,16,redistribute_routed_restore,0.5676394780476888,0.5667264302571614,0.6120170593261719
7,8192,16,redistribute_restore_only,0.10558613141377766,0.10549546877543131,0.10565546353658041
8,2048,4,original_owners,0.47041279474894204,0.4697653452555339,0.47171093622843424
8,2048,4,redistribute_routed_restore,0.38669761021931964,0.3866058667500814,0.38681281407674156
8,2048,4,redistribute_restore_only,0.09079893430074056,0.09030826886494954,0.09377066294352214
8,2048,8,original_owners,0.45839999516805013,0.458132266998291,0.4592960039774577
8,2048,8,redistribute_routed_restore,0.38650239308675133,0.38622293472290037,0.38665812810262046
8,2048,8,redistribute_restore_only,0.09696426391601562,0.09659093221028646,0.09832213719685873
8,2048,16,original_owners,0.2882080078125,0.2862410545349121,0.29242881139119464
8,2048,16,redistribute_routed_restore,0.34540481567382814,0.34527467091878256,0.34605013529459633
8,2048,16,redistribute_restore_only,0.051045334339141844,0.05007253487904866,0.05188586711883545
8,8192,4,original_owners,1.5017845153808593,1.5014751434326172,1.5036820729573568
8,8192,4,redistribute_routed_restore,0.6365301132202148,0.6357877095540364,0.6370143890380859
8,8192,4,redistribute_restore_only,0.17263147036234539,0.1722815990447998,0.17275946935017902
8,8192,8,original_owners,1.4056480407714844,1.4055391947428386,1.4088277180989583
8,8192,8,redistribute_routed_restore,0.6787584304809571,0.678709348042806,0.6803616205851237
8,8192,8,redistribute_restore_only,0.208515199025472,0.20808854103088378,0.21034560203552247
8,8192,16,original_owners,0.4555349349975586,0.455462392171224,0.4630549430847168
8,8192,16,redistribute_routed_restore,0.5675829569498698,0.5667253494262695,0.6119765599568685
8,8192,16,redistribute_restore_only,0.10658346811930339,0.10651413599650066,0.10658880074818929
9,2048,4,original_owners,0.47028907140096027,0.4698111852010091,0.4717749277750651
9,2048,4,redistribute_routed_restore,0.38668905893961586,0.3865557352701823,0.38675200144449867
9,2048,4,redistribute_restore_only,0.09075307051340739,0.09028693040211995,0.09365013440450033
9,2048,8,original_owners,0.4584309260050456,0.45814720789591473,0.4593119939168294
9,2048,8,redistribute_routed_restore,0.38659413655598956,0.3863605181376139,0.38668800989786783
9,2048,8,redistribute_restore_only,0.09702400366465251,0.0965941349665324,0.09830079873402914
9,2048,16,original_owners,0.2881802558898926,0.2863658587137858,0.29242238998413084
9,2048,16,redistribute_routed_restore,0.34530452092488606,0.3452725410461426,0.34586025873819987
9,2048,16,redistribute_restore_only,0.052252801259358723,0.051863467693328856,0.05256746610005696
9,8192,4,original_owners,1.5017664591471354,1.5015093485514324,1.503646977742513
9,8192,4,redistribute_routed_restore,0.6369290669759115,0.6364597320556641,0.639141337076823
9,8192,4,redistribute_restore_only,0.1726901372273763,0.17229013442993163,0.17280319531758626
9,8192,8,original_owners,1.405728022257487,1.4047765096028646,1.408774439493815
9,8192,8,redistribute_routed_restore,0.6787520090738932,0.6786922454833985,0.6803370793660481
9,8192,8,redistribute_restore_only,0.20840106010437012,0.2078762690226237,0.2103295962015788
9,8192,16,original_owners,0.4553578694661458,0.4549397468566895,0.45548054377237956
9,8192,16,redistribute_routed_restore,0.5674613316853842,0.5666730880737305,0.6119957605997721
9,8192,16,redistribute_restore_only,0.10805013179779052,0.10800426801045736,0.10806826750437419
10,2048,4,original_owners,0.47048638661702474,0.46986134847005206,0.4718240102132161
10,2048,4,redistribute_routed_restore,0.3867509206136068,0.3865791956583659,0.38680960337320963
10,2048,4,redistribute_restore_only,0.0908128023147583,0.09037013053894043,0.09374079704284669
10,2048,8,original_owners,0.45840959548950194,0.4582144101460775,0.4593695958455404
10,2048,8,redistribute_routed_restore,0.3865920066833496,0.3864106814066569,0.38665278752644855
10,2048,8,redistribute_restore_only,0.09721493721008301,0.0968565305074056,0.09842560291290284
10,2048,16,original_owners,0.2882762591044108,0.2863594690958659,0.29249067306518556
10,2048,16,redistribute_routed_restore,0.34548905690511067,0.34547306696573893,0.3459477424621582
10,2048,16,redistribute_restore_only,0.05042026837666829,0.04969813426335653,0.05175893306732178
10,8192,4,original_owners,1.5018325805664063,1.5016287485758464,1.503763198852539
10,8192,4,redistribute_routed_restore,0.6370400110880534,0.6362869262695312,0.6391733169555665
10,8192,4,redistribute_restore_only,0.17272639274597168,0.1722976048787435,0.17272960344950358
10,8192,8,original_owners,1.4057706197102864,1.4055819193522134,1.4077237447102864
10,8192,8,redistribute_routed_restore,0.6787359873453777,0.6786293029785156,0.6804447809855143
10,8192,8,redistribute_restore_only,0.2084821383158366,0.20808107058207195,0.2104021390279134
10,8192,16,original_owners,0.45559892654418943,0.4554794629414876,0.4630613327026367
10,8192,16,redistribute_routed_restore,0.5676031748453776,0.5663989384969076,0.6120426813761394
10,8192,16,redistribute_restore_only,0.10550719896952311,0.1054357369740804,0.10556480089823404
11,2048,4,original_owners,0.47053759892781577,0.46988906860351565,0.4718826611836751
11,2048,4,redistribute_routed_restore,0.38671785990397134,0.38664639790852867,0.38672320048014325
11,2048,4,redistribute_restore_only,0.09082773526509604,0.09030400117238363,0.09372586409250895
11,2048,8,original_owners,0.45843413670857747,0.45822188059488933,0.45936425526936847
11,2048,8,redistribute_routed_restore,0.3865354537963867,0.3864426612854004,0.3867114702860514
11,2048,8,redistribute_restore_only,0.09704319636027019,0.09664959907531738,0.09832106431325277
11,2048,16,original_owners,0.2881994565327962,0.2863221486409505,0.2923829396565755
11,2048,16,redistribute_routed_restore,0.3454101244608561,0.3453685442606608,0.3459434509277344
11,2048,16,redistribute_restore_only,0.04971520105997721,0.04933226505915324,0.05029546817143758
11,8192,4,original_owners,1.5017908732096354,1.501592508951823,1.5037610371907553
11,8192,4,redistribute_routed_restore,0.6370165506998698,0.6364063898722331,0.6391349156697591
11,8192,4,redistribute_restore_only,0.17265599568684895,0.17222933769226073,0.17266027132670084
11,8192,8,original_owners,1.4057301839192708,1.405555216471354,1.408892822265625
11,8192,8,redistribute_routed_restore,0.6787146886189779,0.6786752065022786,0.6803871790568033
11,8192,8,redistribute_restore_only,0.20860907236735027,0.20793066024780274,0.21041599909464517
11,8192,16,original_owners,0.45549227396647135,0.45540587107340497,0.4630538622538249
11,8192,16,redistribute_routed_restore,0.5675605138142904,0.5666730880737305,0.6120277404785156
11,8192,16,redistribute_restore_only,0.10461973349253337,0.1045909325281779,0.10840960343678792
12,2048,4,original_owners,0.4697397232055664,0.46954453786214195,0.47156801223754885
12,2048,4,redistribute_routed_restore,0.38626880645751954,0.3856821378072103,0.38638505935668943
12,2048,4,redistribute_restore_only,0.09028586546579996,0.09000639915466309,0.09226346810658773
12,2048,8,original_owners,0.45807679494222003,0.4578922589619954,0.459119987487793
12,2048,8,redistribute_routed_restore,0.3864426612854004,0.3861791928609212,0.38667627970377605
12,2048,8,redistribute_restore_only,0.09693439801534016,0.09624000390370686,0.09804159800211588
12,2048,16,original_owners,0.2881696065266927,0.28619200388590493,0.29201278686523435
12,2048,16,redistribute_routed_restore,0.34534079233805337,0.34517332712809246,0.34585386912027993
12,2048,16,redistribute_restore_only,0.04956373373667399,0.04915413459142049,0.04962773323059082
12,8192,4,original_owners,1.5013163248697916,1.501315180460612,1.5035563151041667
12,8192,4,redistribute_routed_restore,0.636900266011556,0.6363349278767904,0.639018694559733
12,8192,4,redistribute_restore_only,0.17191786766052247,0.1714837392171224,0.17271893819173176
12,8192,8,original_owners,1.4055807749430338,1.4054613749186198,1.4087722778320313
12,8192,8,redistribute_routed_restore,0.6787850697835286,0.6784821192423502,0.6802741368611653
12,8192,8,redistribute_restore_only,0.20833172798156738,0.2068298657735189,0.20996586481730142
12,8192,16,original_owners,0.4548778533935547,0.45458240509033204,0.46250133514404296
12,8192,16,redistribute_routed_restore,0.5673514684041341,0.5665311813354492,0.6117162704467773
12,8192,16,redistribute_restore_only,0.10576746463775635,0.10573546886444092,0.10594986279805502
13,2048,4,original_owners,0.46989011764526367,0.4696565310160319,0.4715840021769206
13,2048,4,redistribute_routed_restore,0.38637011845906577,0.38583361307779945,0.3865418752034505
13,2048,4,redistribute_restore_only,0.09062399864196777,0.09020906289418539,0.09258773326873779
13,2048,8,original_owners,0.45801919301350913,0.4576320012410482,0.4589728037516276
13,2048,8,redistribute_routed_restore,0.386405340830485,0.3861642519632975,0.386629327138265
13,2048,8,redistribute_restore_only,0.09688213666280111,0.0963210662206014,0.09817813237508138
13,2048,16,original_owners,0.2881248156229655,0.2861226717631022,0.29212160110473634
13,2048,16,redistribute_routed_restore,0.3453023910522461,0.3451871871948242,0.34579626719156903
13,2048,16,redistribute_restore_only,0.049431467056274415,0.049325867493947344,0.04972586631774902
13,8192,4,original_owners,1.501580810546875,1.5013472239176433,1.5035434722900392
13,8192,4,redistribute_routed_restore,0.6367359797159831,0.6363999684651692,0.6388821283976237
13,8192,4,redistribute_restore_only,0.1718250592549642,0.17128213246663412,0.17259732882181802
13,8192,8,original_owners,1.4055221557617188,1.4052703857421875,1.4087722778320313
13,8192,8,redistribute_routed_restore,0.6785237630208333,0.6784543991088867,0.68024107615153
13,8192,8,redistribute_restore_only,0.20855360031127929,0.20762987136840821,0.21008000373840333
13,8192,16,original_owners,0.4553098678588867,0.4551626523335775,0.46287253697713215
13,8192,16,redistribute_routed_restore,0.5667231877644857,0.566655985514323,0.5673621495564779
13,8192,16,redistribute_restore_only,0.10567680199941,0.10564800103505452,0.1056991974512736
14,2048,4,original_owners,0.47030293146769203,0.46963411966959634,0.4716416041056315
14,2048,4,redistribute_routed_restore,0.38647359212239585,0.3863893191019694,0.38662293752034504
14,2048,4,redistribute_restore_only,0.09054400126139323,0.09019520282745361,0.09269973436991373
14,2048,8,original_owners,0.45798826217651367,0.45793491999308267,0.45910186767578126
14,2048,8,redistribute_routed_restore,0.3864063898722331,0.3860608100891113,0.38663253784179685
14,2048,8,redistribute_restore_only,0.09666879971822102,0.09628159999847412,0.09806079864501953
14,2048,16,original_owners,0.2881279945373535,0.286185614267985,0.29213972091674806
14,2048,16,redistribute_routed_restore,0.3453386624654134,0.34521172841389974,0.34587198893229165
14,2048,16,redistribute_restore_only,0.050709335009257,0.0505237340927124,0.05088640054066976
14,8192,4,original_owners,1.5015307108561198,1.5013044993082683,1.5035413106282551
14,8192,4,redistribute_routed_restore,0.6367765426635742,0.6364458719889323,0.638974952697754
14,8192,4,redistribute_restore_only,0.17176853815714518,0.17151467005411783,0.17275519371032716
14,8192,8,original_owners,1.4055520375569661,1.405407969156901,1.4087498982747395
14,8192,8,redistribute_routed_restore,0.6787424087524414,0.6784970601399739,0.6802282969156901
14,8192,8,redistribute_restore_only,0.2086400032043457,0.20744853019714354,0.21006399790445965
14,8192,16,original_owners,0.45532267888387046,0.4551786740620931,0.4629045486450195
14,8192,16,redistribute_routed_restore,0.567364247639974,0.5665973027547201,0.6117216110229492
14,8192,16,redistribute_restore_only,0.10586026509602865,0.10575359662373861,0.1062058687210083
15,2048,4,original_owners,0.4702122688293457,0.4697077433268229,0.4716671943664551
15,2048,4,redistribute_routed_restore,0.38655678431193036,0.38643519083658856,0.38664960861206055
15,2048,4,redistribute_restore_only,0.09057706991831461,0.09018239974975586,0.09278293450673421
15,2048,8,original_owners,0.4580213228861491,0.45787839889526366,0.4591445287068685
15,2048,8,redistribute_routed_restore,0.38643519083658856,0.3862165451049805,0.3866549491882324
15,2048,8,redistribute_restore_only,0.09691733519236247,0.0964085340499878,0.09817066987355551
15,2048,16,original_owners,0.28823893864949546,0.28628053665161135,0.29211200078328453
15,2048,16,redistribute_routed_restore,0.34533014297485354,0.34520107905069985,0.34581546783447265
15,2048,16,redistribute_restore_only,0.04898026784261068,0.04837013483047485,0.04989866813023885
15,8192,4,original_owners,1.5015307108561198,1.5013717651367187,1.5035808563232422
15,8192,4,redistribute_routed_restore,0.6366890589396159,0.636468251546224,0.6388832092285156
15,8192,4,redistribute_restore_only,0.17169920603434244,0.1716053326924642,0.1727146625518799
15,8192,8,original_owners,1.4057076772054036,1.405573272705078,1.4088459014892578
15,8192,8,redistribute_routed_restore,0.6787935892740885,0.6786613464355469,0.6802837371826171
15,8192,8,redistribute_restore_only,0.20838720003763836,0.20753280321756998,0.2096384048461914
15,8192,16,original_owners,0.45513814290364585,0.45490773518880206,0.46278721491495767
15,8192,16,redistribute_routed_restore,0.567246945699056,0.5665514628092448,0.6118143717447917
15,8192,16,redistribute_restore_only,0.10568640232086182,0.10561386744181316,0.10574080149332682
