rank,token,time_us,time_us_p10,time_us_p90
0,32704,63.0419351365321,63.0070163581988,63.094587029603986
1,748288,389.2418681945155,388.26075813268875,392.3858762434794
2,1015424,515.2761301887263,514.1216836985342,516.7994412650385
3,47360,68.96656565101404,68.89272449441661,69.46555512952402
4,25920,58.66878934085072,58.66191179437454,58.70884312652073
5,22528,57.013964401738264,56.92956101960135,57.33052829773038
6,36032,64.45816136744169,64.40619641862816,64.4693871008885
7,23680,59.274928292060736,59.07070543372893,72.12419409803418
8,757312,394.67421105053154,392.0580273501857,396.3188438116606
9,196096,133.52204367221483,133.36011166847504,133.59511261191696
10,22528,57.013964401738264,56.92956101960135,57.33052829773038
11,21440,55.29404448763182,55.178430900778366,55.3811193088497
12,743808,387.1210634186134,385.9137799206928,390.5713540135993
13,33792,62.35909567960485,62.33904140336548,62.41118714937402
14,21440,55.29404448763182,55.178430900778366,55.3811193088497
15,457536,253.83770950722442,253.47145513160945,254.0130279171025
16,23680,59.274928292060736,59.07070543372893,72.12419409803418
17,332480,195.10198477499682,195.025744705255,195.2503952721966
18,331328,195.0150120018999,194.89804889369597,195.18650359005073
19,46208,67.98042552066107,67.95110008466631,68.00986578688143
20,513920,281.35752024632257,280.85749362950855,281.8423515266472
21,280640,172.11339846362307,171.68666232091724,172.32427048239634
22,577024,309.397247076731,308.77444170867943,309.7894662659045
23,369664,212.08396475594446,212.0389774430518,212.32760971574785
24,20288,59.01325012975604,58.44444927419358,59.42836764290158
25,20288,59.01325012975604,58.44444927419358,59.42836764290158
26,21440,55.29404448763182,55.178430900778366,55.3811193088497
27,384320,219.13733817595437,218.92503895830208,219.34730461360093
28,33792,62.35909567960485,62.33904140336548,62.41118714937402
29,22528,57.013964401738264,56.92956101960135,57.33052829773038
30,988352,503.7373520257904,498.61508415344565,507.109153764866
31,1034560,525.639708765545,521.7955052853504,528.0619364896118
avg,287680,175.31292844391731,175.12913358972426,175.74589813277237
