time_s,total_hol_blocks,total_free_blocks
0.0,0.0,89976.88
1.0,15.25,86631.36
2.0,11.5625,95717.088
3.0,7.484375,100823.408
7.0,0.0,100841.016
8.0,5.265625,96192.504
9.0,0.0,96421.408
10.0,23.71875,96456.624
11.0,7.03125,96544.664
12.0,25.890625,96491.84
13.0,0.0,96527.056
14.0,24.046875,96474.232
16.0,27.34375,96350.976
17.0,0.0,96386.192
18.0,0.0,96527.056
19.0,23.390625,96491.84
20.0,0.0,91772.896
21.0,0.0,93516.08799999999
22.0,0.0,93040.67199999999
23.0,14.96875,92600.472
24.0,0.0,92459.608
25.0,197.171875,94202.79999999999
26.0,18.34375,103975.23999999999
30.0,13.671875,103763.94399999999
31.0,0.0,107637.704
32.0,0.0,107637.704
33.0,0.0,107549.66399999999
34.0,0.0,106757.30399999999
35.0,0.0,100612.112
36.0,15.609375,100770.58399999999
38.0,6.859375,109856.312
39.0,25.421875,109803.488
40.0,0.0,109838.704
41.0,216.203125,109662.624
42.0,11.015625,109680.232
43.0,0.0,109486.544
44.0,10.078125,109451.328
45.0,6.125,109416.112
46.0,3.359375,109609.8
47.0,7.609375,109398.504
48.0,0.0,109539.368
49.0,8308.53125,101193.17599999999
51.0,16.65625,101422.08
52.0,0.0,101598.15999999999
53.0,11.921875,101527.728
54.0,7.1875,109697.84
55.0,207.578125,109627.408
59.0,0.0,109645.01599999999
60.0,14.671875,96386.192
61.0,0.0,96192.50399999999
62.0,0.0,96632.704
63.0,0.0,96667.92
64.0,0.0,96720.74399999999
65.0,13.90625,96527.056
66.0,0.0,96685.528
67.0,0.0,96280.544
68.0,20.09375,96227.72
69.0,14380.53125,96368.584
70.0,14579.25,96227.71999999999
72.0,14380.53125,96034.03199999999
73.0,14398.984375,95769.912
74.0,14383.859375,96227.72
75.0,14586.6875,96051.64
78.0,14380.53125,99766.928
79.0,14380.53125,100101.48
80.0,14394.921875,99854.968
81.0,14380.53125,99837.36
83.0,14380.53125,99907.792
84.0,14380.53125,96685.52799999999
85.0,14396.796875,96667.92
86.0,14380.53125,96350.976
87.0,14403.40625,96527.056
88.0,14380.53125,96984.864
89.0,14593.28125,96791.17599999999
90.0,16619.359375,94554.95999999999
91.0,14380.53125,100893.84
92.0,14402.765625,100876.23199999999
93.0,14380.53125,100770.584
94.0,14392.53125,101069.92
96.0,14380.53125,101140.352
97.0,14390.46875,101334.04
98.0,14388.140625,101404.472
101.0,14397.484375,101351.648
102.0,14380.53125,91737.68
103.0,14397.359375,96439.016
104.0,14393.515625,96474.23199999999
105.0,14380.53125,96755.95999999999
106.0,14380.53125,96403.8
107.0,14401.328125,96439.016
108.0,14382.6875,96632.704
109.0,22705.3125,88251.296
110.0,14386.1875,88251.296
112.0,14380.53125,88374.552
113.0,14398.8125,88339.336
114.0,17874.03125,88550.632
115.0,17867.8125,88585.848
116.0,17866.359375,88533.02399999999
117.0,17861.265625,88480.2
119.0,18061.53125,88427.376
120.0,17861.265625,88462.59199999999
121.0,17861.265625,88656.28
124.0,17864.34375,88656.28
125.0,21933.296875,84359.928
126.0,17861.265625,84201.456
127.0,17875.015625,84342.32
128.0,17877.875,84307.104
130.0,17864.734375,71594.128
131.0,3480.734375,71629.344
132.0,3480.734375,71611.736
133.0,3691.171875,71382.83200000001
134.0,3480.734375,79570.552
135.0,18321.359375,63195.111999999994
136.0,2745.15625,63353.583999999995
137.0,2747.3125,63371.191999999995
138.0,2745.15625,63406.408
139.0,2765.9375,63300.76
140.0,2745.15625,63388.8
141.0,2745.15625,63265.544
142.0,2962.078125,63247.93600000001
145.0,2745.15625,63230.328
146.0,2934.09375,63353.584
147.0,2745.15625,63459.232
148.0,2756.578125,63195.112
149.0,2765.796875,63107.072
150.0,2756.4375,63564.88
152.0,2745.15625,63335.975999999995
153.0,2745.15625,63212.72
154.0,2766.84375,63230.328
155.0,2745.15625,77686.496
156.0,2745.15625,67280.168
157.0,2758.5,67280.168
158.0,2757.703125,67315.38399999999
159.0,2759.15625,67051.264
160.0,2745.15625,67244.952
161.0,2765.59375,67421.03199999999
162.0,7964.75,62437.968
163.0,2745.15625,62244.28
164.0,2944.46875,61733.648
165.0,2757.453125,61539.96
166.0,2745.15625,61892.119999999995
170.0,2745.15625,64093.119999999995
177.0,4.421875,70625.68800000001
178.0,16.359375,71013.064
179.0,3.21875,71382.832
183.0,22.046875,71330.008
184.0,20.984375,66980.832
190.0,8.828125,66910.40000000001
191.0,23.53125,76101.776
192.0,5.71875,76119.384
193.0,1.5,75784.832
194.0,7.546875,75749.616
195.0,10.421875,75643.968
196.0,220.796875,75309.416
197.0,193.25,75115.728
198.0,4755.59375,75098.12
199.0,4731.84375,74957.25600000001
200.0,18576.109375,75115.728
202.0,18566.046875,74886.824
203.0,18566.046875,80450.952
204.0,18585.890625,80609.424
205.0,18567.484375,80767.89600000001
208.0,18566.046875,80732.68000000001
209.0,18568.390625,81366.568
211.0,18566.046875,81542.648
212.0,18566.046875,81472.216
213.0,18566.046875,79817.064
214.0,18566.046875,79781.848
215.0,18582.234375,79887.496
216.0,18569.78125,79834.672
217.0,18566.046875,80151.616
218.0,18583.3125,80257.264
219.0,18579.765625,80257.264
220.0,18581.40625,80151.61600000001
221.0,18568.90625,80134.008
222.0,18585.46875,83726.04000000001
223.0,4735.21875,69727.68000000001
228.0,4736.15625,69780.504
229.0,4745.140625,69481.168
231.0,4735.296875,69481.168
234.0,4753.6875,69393.12800000001
236.0,4753.421875,63881.824
239.0,4753.640625,63846.608
241.0,8304.171875,60025.672
243.0,4940.46875,59743.944
246.0,4950.171875,53845.264
248.0,4750.171875,53633.968
250.0,12227.921875,53387.456
253.0,12228.453125,53158.551999999996
255.0,12227.140625,53088.12
258.0,12230.609375,53070.512
260.0,12230.546875,48950.24
263.0,12232.921875,48686.12
265.0,12230.359375,48668.512
267.0,23912.109375,48369.176
270.0,24102.921875,48105.056
271.0,23900.390625,48069.84
272.0,23905.359375,48105.056
273.0,23906.15625,48404.392
274.0,23905.734375,53633.968
275.0,23905.21875,53633.968
277.0,23901.203125,53581.144
279.0,23898.09375,53616.36
281.0,23912.03125,53457.888
282.0,23906.140625,53211.376000000004
283.0,24091.75,52982.472
284.0,23899.328125,53017.688
285.0,23902.40625,52947.256
288.0,23908.859375,52929.648
291.0,23911.953125,56556.896
293.0,23914.0,56539.288
296.0,23913.796875,56504.072
298.0,23912.015625,56433.64
301.0,23911.5625,56363.208
303.0,23912.859375,56081.479999999996
306.0,23912.6875,56204.736
308.0,23915.046875,56099.088
311.0,23915.265625,52964.864
313.0,23911.53125,52683.136
316.0,23913.0,52647.92
319.0,23913.265625,52735.96
321.0,23913.84375,52735.96
324.0,23911.53125,52665.528
326.0,23913.03125,52700.744
328.0,23914.0,52647.92
331.0,23912.859375,52630.312
333.0,23912.484375,52683.136
336.0,23911.34375,52806.392
338.0,23910.21875,52771.176
341.0,23910.21875,52947.256
343.0,23913.65625,52859.216
345.0,23914.484375,53070.512
348.0,38017.21875,53281.808
349.0,38019.375,53440.28
352.0,38019.375,53440.28
355.0,38019.734375,53440.28
357.0,38019.96875,53405.064
359.0,38019.96875,53387.456
360.0,38208.328125,53545.928
361.0,38017.578125,53035.296
363.0,38016.84375,53070.512
364.0,38015.203125,53281.808000000005
365.0,38019.15625,53264.2
366.0,38017.890625,53246.592
367.0,38017.5,53264.2
368.0,38016.15625,52912.04
369.0,38017.1875,54936.96000000001
370.0,38201.375,54919.352
373.0,38018.25,54813.704
376.0,38015.421875,54989.784
378.0,38015.46875,55007.392
381.0,38015.828125,54620.016
383.0,38016.9375,54796.096000000005
386.0,38016.9375,54778.488
388.0,38016.390625,55007.39200000001
390.0,38016.828125,54989.784
393.0,38015.453125,55165.864
395.0,38015.453125,55183.471999999994
398.0,38016.296875,55148.255999999994
400.0,38016.296875,55148.256
403.0,38016.90625,55148.256
405.0,38014.875,55341.943999999996
407.0,38016.34375,55570.848
410.0,38017.109375,55606.064
412.0,38015.8125,55623.672000000006
414.0,38016.875,55658.888
417.0,38014.546875,55852.576
419.0,38204.34375,55852.576
422.0,38204.1875,55923.008
424.0,38202.734375,55923.008
426.0,38202.984375,55958.224
429.0,38202.140625,55923.008
431.0,38201.359375,55940.616
433.0,38203.046875,55905.4
436.0,38202.90625,55958.223999999995
438.0,38204.90625,55940.615999999995
440.0,38204.6875,56134.304000000004
443.0,38203.0625,44477.808
445.0,24099.015625,44530.632
447.0,24096.390625,49953.896
450.0,24284.59375,49936.288
452.0,24099.5625,50147.583999999995
454.0,24097.796875,50200.407999999996
457.0,24098.96875,50200.407999999996
459.0,24097.375,50200.407999999996
461.0,24096.609375,50182.8
464.0,24096.609375,50200.408
466.0,24095.921875,50182.799999999996
468.0,24095.921875,50165.192
470.0,24286.375,50129.975999999995
471.0,24097.3125,50165.191999999995
472.0,24094.578125,50218.015999999996
473.0,24094.46875,50218.016
474.0,24097.921875,50306.056
475.0,24097.8125,39389.096000000005
477.0,28689.15625,39424.312
479.0,28689.875,39459.528
481.0,28688.984375,39494.744
482.0,28686.09375,39512.352
483.0,28688.171875,42294.416
484.0,33822.203125,40533.616
485.0,33821.734375,40533.615999999995
486.0,33821.609375,40516.008
498.0,33820.625,40551.224
499.0,33824.6875,44741.928
502.0,34525.375,32521.976000000002
511.0,25047.890625,28701.04
512.0,25049.703125,28665.824000000004
513.0,36572.203125,28771.471999999998
514.0,36571.78125,28771.472
515.0,36572.71875,29070.807999999997
516.0,36708.625,29317.32
517.0,36571.09375,29599.048000000003
518.0,36571.859375,29704.696000000004
519.0,36571.296875,29898.383999999995
521.0,36572.0625,30162.503999999997
522.0,36568.75,30409.016000000003
523.0,36571.96875,30497.056
524.0,36570.421875,30990.08
525.0,36758.21875,31078.120000000003
526.0,36760.8125,50446.92
530.0,43718.0625,50464.528
531.0,43717.515625,50799.08
532.0,43905.46875,50975.16
533.0,43718.59375,51397.752
534.0,43905.8125,51485.792
535.0,43716.875,51626.656
536.0,43715.59375,51679.48
537.0,43718.125,52014.03200000001
538.0,43719.828125,52031.64
539.0,43718.71875,52066.856
540.0,43718.78125,52524.664
541.0,38287.9375,50975.159999999996
543.0,38289.015625,51538.616
546.0,28232.6875,43755.88
547.0,28412.03125,44689.104
548.0,28426.578125,45058.871999999996
549.0,28231.984375,45094.088
550.0,28417.953125,36959.191999999995
551.0,28423.90625,37188.096
552.0,28425.03125,37258.528
553.0,28231.296875,37945.24
554.0,28231.671875,38138.928
555.0,28229.421875,38138.928
556.0,28230.734375,38385.44
557.0,28232.5,38755.208000000006
558.0,28232.078125,53140.944
562.0,16899.53125,37047.231999999996
565.0,16712.15625,36923.976
567.0,16712.65625,50711.04
570.0,16707.078125,44970.832
572.0,24168.21875,45182.128
574.0,24168.21875,45129.304
577.0,24167.734375,45182.128000000004
578.0,24168.359375,45322.992
581.0,24168.0625,45340.6
583.0,24168.453125,45322.992
584.0,24169.671875,45375.816
586.0,24169.53125,45393.424000000006
589.0,24169.40625,45428.64000000001
591.0,24171.46875,45657.544
593.0,31459.71875,45710.368
595.0,31460.0625,45622.328
597.0,31459.453125,45675.152
600.0,31456.421875,45692.76
602.0,31456.421875,45692.76
604.0,31456.421875,45622.328
606.0,31456.421875,45710.368
608.0,31456.28125,45622.328
609.0,31640.8125,45780.8
610.0,31642.40625,45974.488000000005
611.0,31453.921875,46678.808
623.0,31453.40625,46942.928
624.0,31642.34375,46925.32
625.0,31641.453125,52049.248
626.0,31641.40625,52507.056
627.0,31641.40625,52401.408
628.0,31640.953125,59673.511999999995
632.0,31641.390625,59638.296
633.0,31453.640625,62772.52
634.0,31453.21875,63177.504
635.0,31637.234375,63564.88
636.0,31450.265625,63652.92
637.0,31450.265625,64480.496
638.0,31450.265625,64568.536
639.0,31449.890625,64621.36
640.0,31449.84375,64727.007999999994
641.0,31450.28125,64832.655999999995
642.0,31450.515625,64850.263999999996
643.0,31450.328125,76471.544
644.0,31450.515625,76665.232
648.0,32636.109375,76295.46399999999
649.0,32453.234375,78707.76
650.0,32454.96875,78778.19200000001
651.0,32634.109375,78813.408
652.0,32453.96875,78831.016
653.0,32453.734375,79147.96
654.0,32454.03125,79376.864
655.0,32452.953125,79517.728
656.0,32452.953125,79623.376
658.0,32453.28125,79693.808
659.0,32453.265625,79729.024
660.0,32453.890625,79957.928
661.0,32453.421875,80098.792
662.0,32453.984375,80345.304
663.0,32450.609375,80362.912
664.0,32450.609375,80521.384
665.0,32450.609375,80627.032
668.0,32450.609375,80662.248
669.0,32450.609375,81401.784
670.0,32450.609375,81507.432
671.0,32450.609375,81560.256
672.0,32450.609375,81648.296
673.0,32450.609375,94660.608
675.0,32450.609375,94713.432
676.0,32450.609375,94836.68800000001
677.0,32450.609375,95118.41600000001
678.0,32450.609375,95400.144
679.0,32450.609375,95646.656
684.0,32450.609375,95699.48
685.0,32450.609375,95893.168
686.0,32450.609375,96016.424
687.0,32450.609375,96051.64
688.0,32450.609375,96157.288
689.0,32450.609375,96262.936
690.0,32450.609375,96456.62400000001
691.0,32450.609375,96544.664
692.0,32450.609375,96738.352
698.0,32450.609375,88709.104
699.0,21081.4375,88832.36
701.0,21081.4375,88832.36
702.0,21081.4375,88849.968
703.0,21081.4375,88973.224
707.0,21081.4375,89114.088
709.0,21081.4375,89307.776
712.0,21081.4375,89342.992
713.0,21081.4375,89378.208
714.0,21081.4375,89448.64
718.0,21081.4375,89536.68
719.0,21081.4375,89642.328
720.0,21081.4375,89695.152
721.0,21081.4375,101210.784
722.0,21081.4375,101246.0
734.0,21081.4375,101351.648
735.0,21081.4375,102725.072
736.0,21081.4375,103059.624
737.0,21081.4375,103358.96
738.0,21081.4375,103763.944
739.0,21081.4375,103869.592
740.0,21081.4375,104098.49599999998
742.0,21081.4375,109556.976
743.0,8299.625,94819.07999999999
744.0,8297.9375,95118.416
745.0,8300.9375,95136.02399999999
746.0,8300.234375,95276.888
747.0,8300.234375,95505.792
748.0,8299.671875,95523.4
749.0,6291.859375,91896.152
751.0,6292.375,91948.976
752.0,6292.171875,92160.272
753.0,6291.921875,92301.136
754.0,6291.921875,92336.352
755.0,6291.921875,92389.17599999999
756.0,6291.875,102003.144
757.0,6291.875,102038.36
758.0,6291.875,102073.576
759.0,6290.25,102161.616
760.0,6292.109375,102144.008
761.0,6292.109375,102232.04800000001
762.0,6292.109375,102214.44
763.0,6478.6875,102249.656
764.0,6292.15625,102267.26400000001
765.0,6290.0625,102478.56
766.0,6291.859375,102742.68
772.0,6291.859375,102760.288
773.0,6291.890625,106317.10399999999
774.0,6291.0,106510.792
775.0,6291.0,106457.968
776.0,6291.0,106457.968
777.0,6291.890625,106546.00799999999
778.0,6291.890625,106546.00799999999
779.0,6291.890625,106563.616
780.0,6291.890625,106651.656
781.0,6291.890625,106669.264
783.0,6291.875,106704.48
784.0,6291.859375,107461.624
785.0,4799.359375,107479.232
786.0,4799.265625,107743.352
787.0,4799.265625,107725.744
788.0,4795.890625,107743.352
789.0,4795.890625,107725.744
790.0,4795.890625,107796.17599999999
791.0,4795.890625,107831.39199999999
792.0,4795.890625,107901.824
793.0,4795.890625,108130.728
795.0,4795.890625,108130.728
796.0,4795.890625,108165.944
797.0,4795.890625,108253.984
798.0,4795.890625,108253.984
799.0,4795.890625,108201.16
