token,status,dispatch_combine_bw_gbps,dispatch_combine_avg_us,dispatch_bw_gbps,dispatch_avg_us,combine_bw_gbps,combine_avg_us,dispatch_send_us,dispatch_recv_us,combine_send_us,combine_recv_us,log_file
1,ok,0.97,67.31,0.52,42.37,1.28,33.56,20.65,1207.06,13.52,1251.14,logs/node3_tokens_1.log
2,ok,3.10,70.08,1.78,41.66,3.82,37.51,20.18,1232.07,13.84,1252.62,logs/node3_tokens_2.log
3,ok,4.82,72.21,2.63,45.09,6.42,35.73,20.11,1225.74,13.85,1249.94,logs/node3_tokens_3.log
4,ok,6.90,75.65,4.15,42.82,9.36,36.75,19.50,1208.41,13.87,1237.72,logs/node3_tokens_4.log
5,ok,8.41,80.12,5.15,44.63,11.47,38.76,20.02,1221.90,13.98,1245.66,logs/node3_tokens_5.log
6,ok,10.30,82.33,6.75,42.79,13.20,42.36,19.40,1206.17,14.02,1243.95,logs/node3_tokens_6.log
7,ok,12.03,84.98,8.12,42.87,15.46,43.60,19.26,1197.66,14.03,1234.93,logs/node3_tokens_7.log
8,ok,13.39,87.71,8.52,46.94,18.07,42.84,19.46,1202.40,14.22,1239.40,logs/node3_tokens_8.log
16,ok,23.43,109.49,17.60,49.66,27.29,62.00,18.30,1212.47,14.49,1249.83,logs/node3_tokens_16.log
24,ok,29.72,133.90,23.56,57.55,34.84,75.29,19.45,1207.53,14.49,1239.70,logs/node3_tokens_24.log
32,ok,34.04,157.12,27.86,65.41,38.54,91.50,19.27,1187.26,15.32,1248.09,logs/node3_tokens_32.log
40,ok,38.43,175.38,33.49,68.57,40.87,108.75,20.10,1189.04,16.41,1267.82,logs/node3_tokens_40.log
48,ok,41.41,196.91,32.67,85.03,43.51,123.55,20.31,1190.62,17.51,1258.71,logs/node3_tokens_48.log
56,ok,41.76,228.61,37.55,86.61,44.29,142.09,20.98,1177.66,18.05,1253.03,logs/node3_tokens_56.log
64,ok,43.96,248.29,38.61,96.31,46.43,155.00,21.21,1178.92,17.81,1276.29,logs/node3_tokens_64.log
72,ok,44.95,273.80,40.76,102.87,46.85,173.18,21.61,1174.50,18.88,1264.34,logs/node3_tokens_72.log
80,ok,46.28,296.02,40.47,115.31,49.25,183.40,22.16,1178.35,19.11,1274.36,logs/node3_tokens_80.log
88,ok,47.21,319.63,43.74,117.54,49.52,200.93,22.47,1181.20,19.69,1282.60,logs/node3_tokens_88.log
96,ok,47.68,345.70,44.58,125.96,49.95,217.56,23.00,1168.63,19.77,1306.63,logs/node3_tokens_96.log
104,ok,49.44,361.53,46.17,131.90,51.09,230.66,23.13,1160.34,20.35,1297.14,logs/node3_tokens_104.log
112,ok,50.16,384.05,42.96,152.77,51.82,245.10,24.23,1163.82,20.75,1310.51,logs/node3_tokens_112.log
120,ok,51.00,405.02,48.74,144.38,52.19,260.96,24.47,1150.56,21.82,1320.18,logs/node3_tokens_120.log
128,ok,51.54,427.76,49.83,150.76,52.65,276.09,24.73,1149.03,22.40,1331.06,logs/node3_tokens_128.log
136,ok,52.20,449.03,49.97,159.80,53.53,288.71,28.65,1148.35,23.42,1336.14,logs/node3_tokens_136.log
144,ok,52.02,477.30,50.26,168.32,52.98,309.00,29.03,1145.19,23.98,1343.92,logs/node3_tokens_144.log
152,ok,51.95,504.77,48.61,183.77,53.87,320.95,29.70,1112.13,23.77,1350.10,logs/node3_tokens_152.log
160,ok,52.41,526.88,49.21,191.20,54.16,336.19,29.17,1121.75,24.09,1356.84,logs/node3_tokens_160.log
168,ok,52.54,552.13,49.42,199.97,54.37,351.71,27.98,1118.66,24.85,1357.66,logs/node3_tokens_168.log
176,ok,52.80,575.73,50.15,206.50,54.49,367.78,29.99,1118.89,27.25,1374.27,logs/node3_tokens_176.log
184,ok,53.01,599.67,50.92,212.68,54.46,384.83,29.88,1116.34,27.47,1368.88,logs/node3_tokens_184.log
192,ok,53.38,621.56,51.21,220.76,54.64,400.36,29.67,1104.57,28.09,1375.01,logs/node3_tokens_192.log
200,ok,53.78,642.91,51.21,230.03,55.21,412.87,29.53,1080.91,28.42,1376.13,logs/node3_tokens_200.log
208,ok,53.92,666.97,51.61,237.41,55.45,427.60,29.68,1068.88,29.23,1387.48,logs/node3_tokens_208.log
216,ok,54.30,687.98,51.35,247.83,51.51,478.11,30.62,1066.17,30.37,1379.35,logs/node3_tokens_216.log
224,ok,54.53,710.60,46.72,282.54,55.10,463.62,30.50,1073.90,30.73,1414.67,logs/node3_tokens_224.log
232,ok,54.84,731.95,54.12,252.69,55.28,478.72,30.85,1073.65,31.49,1391.25,logs/node3_tokens_232.log
240,ok,55.11,753.62,54.95,257.48,55.20,496.05,30.05,1076.36,31.94,1411.11,logs/node3_tokens_240.log
248,ok,54.92,781.53,53.42,273.72,55.13,513.35,32.08,1043.85,32.64,1433.24,logs/node3_tokens_248.log
256,ok,55.30,801.33,54.71,275.97,55.50,526.45,31.79,1078.67,33.48,1422.53,logs/node3_tokens_256.log
