seq_len,batch_size,total_token_num,time_us,time_us_p10,time_us_p90
65536,1,65536,77.58062934984449,77.04333987871031,77.69154456577012
512,128,65536,43.46733479345998,43.344579300492164,43.58400724913256
64,1024,65536,149.12874211168003,148.95502924859753,149.2093001888782
131072,1,131072,103.59875159880423,103.48281543090388,103.73145190485893
1024,128,131072,73.86493940990599,73.64985625804057,74.13546626405169
128,1024,131072,167.00663170095407,166.9484191066234,167.29096255524738
196608,1,196608,133.7236775619947,133.5382455091018,134.04636115523465
1536,128,196608,105.17327852267039,104.84093018644667,105.74545636622611
192,1024,196608,193.8184763121751,193.73491480468087,194.03513448492527
262144,1,262144,163.55863050452172,163.3481846843445,163.82801162222881
2048,128,262144,138.3165217222118,136.8510583539957,138.81594934414446
256,1024,262144,219.63686649811336,218.4731243263527,220.4640043611526
393216,1,393216,223.02652942455637,222.90832918422322,223.71291474941427
3072,128,393216,200.19027974899217,199.10129626188265,200.81129244780658
384,1024,393216,280.4522235356273,279.29211031147986,282.63250962109123
524288,1,524288,284.2891286491805,283.97490367233394,285.1671384732765
4096,128,524288,262.587032553422,261.64221867393263,264.1033942068848
512,1024,524288,361.823108489349,358.18424457723825,363.8892351432625
655360,1,655360,346.8023385840262,346.3358018725496,347.0452076976642
5120,128,655360,326.29086152680367,325.6093317415707,329.4177293826841
640,1024,655360,423.5108620098823,422.7047695582165,427.9708298868885
786432,1,786432,408.77122022016374,407.28197714431514,413.686104382436
6144,128,786432,413.85799772773396,411.07206487533085,416.8675340591917
768,1024,786432,487.6703747359338,484.47411642744777,491.5275460080162
917504,1,917504,469.678919964368,468.0856730669819,473.44074763541164
7168,128,917504,474.71619601273414,471.1651765752248,479.4833788273539
896,1024,917504,548.6575666048735,546.7520512857534,554.9374698253159
1048576,1,1048576,533.5504839442236,531.8716577903974,535.3287385423861
8192,128,1048576,541.5764393779517,539.966302200386,543.3096279367538
1024,1024,1048576,616.9736079680613,612.2299908616114,620.0748256354343
